date,round,home_team,away_team,home_score,away_score,home_odds,away_odds,overtime,home_win,total_points,point_diff,is_allstar
2025-10-03,Pre-season,New York Knicks,Philadelphia 76ers,99,84,1.37,3.05,False,True,183,15,False
2025-10-04,Pre-season,Los Angeles Lakers,Phoenix Suns,81,103,2.3,1.6,False,False,184,-22,False
2025-10-05,Pre-season,Miami Heat,Orlando Magic,118,126,2.54,1.5,False,False,244,-8,False
2025-10-05,Pre-season,Denver Nuggets,Minnesota Timberwolves,116,126,1.57,2.38,False,False,242,-10,False
2025-10-05,Pre-season,Philadelphia 76ers,New York Knicks,104,113,3.08,1.36,False,False,217,-9,False
2025-10-06,Pre-season,Charlotte Hornets,Oklahoma City Thunder,114,135,2.34,1.58,False,False,249,-21,False
2025-10-06,Pre-season,Golden State Warriors,Los Angeles Lakers,111,103,1.32,3.28,False,True,214,8,False
2025-10-07,Pre-season,Toronto Raptors,Denver Nuggets,108,112,1.75,2.04,False,False,220,-4,False
2025-10-07,Pre-season,Miami Heat,Milwaukee Bucks,93,103,1.56,2.35,False,False,196,-10,False
2025-10-07,Pre-season,Dallas Mavericks,Oklahoma City Thunder,106,89,1.45,2.67,False,True,195,17,False
2025-10-07,Pre-season,Houston Rockets,Atlanta Hawks,122,113,1.59,2.3,False,True,235,9,False
2025-10-07,Pre-season,Memphis Grizzlies,Detroit Pistons,112,128,2.5,1.51,False,False,240,-16,False
2025-10-08,Pre-season,Cleveland Cavaliers,Chicago Bulls,117,118,1.28,3.57,False,False,235,-1,False
2025-10-08,Pre-season,Minnesota Timberwolves,Indiana Pacers,134,135,1.4,2.86,True,False,269,-1,False
2025-10-09,Pre-season,Miami Heat,San Antonio Spurs,107,112,1.74,2.06,False,False,219,-5,False
2025-10-09,Pre-season,Houston Rockets,Utah Jazz,140,127,1.19,4.54,False,True,267,13,False
2025-10-09,Pre-season,Memphis Grizzlies,Boston Celtics,103,121,2.25,1.63,False,False,224,-18,False
2025-10-09,Pre-season,Sacramento Kings,Toronto Raptors,122,130,1.81,1.96,False,False,252,-8,False
2025-10-09,Pre-season,Golden State Warriors,Portland Trail Blazers,129,123,1.38,3.0,False,True,252,6,False
2025-10-10,Pre-season,Phoenix Suns,Brooklyn Nets,132,127,1.43,2.75,True,True,259,5,False
2025-10-10,Pre-season,New York Knicks,Minnesota Timberwolves,100,95,1.49,2.57,True,True,195,5,False
2025-10-10,Pre-season,Oklahoma City Thunder,Charlotte Hornets,122,116,1.2,4.39,False,True,238,6,False
2025-10-10,Pre-season,Chicago Bulls,Cleveland Cavaliers,119,112,2.58,1.5,False,True,231,7,False
2025-10-10,Pre-season,Milwaukee Bucks,Detroit Pistons,117,111,2.77,1.44,False,True,228,6,False
2025-10-11,Pre-season,Philadelphia 76ers,Orlando Magic,98,128,2.85,1.41,False,False,226,-30,False
2025-10-11,Pre-season,Toronto Raptors,Boston Celtics,107,105,2.15,1.67,False,True,212,2,False
2025-10-11,Pre-season,San Antonio Spurs,Utah Jazz,134,130,1.36,3.07,True,True,264,4,False
2025-10-11,Pre-season,Portland Trail Blazers,Sacramento Kings,124,123,1.66,2.18,False,True,247,1,False
2025-10-12,Pre-season,Dallas Mavericks,Charlotte Hornets,116,120,1.33,3.23,False,False,236,-4,False
2025-10-12,Pre-season,Phoenix Suns,Brooklyn Nets,109,111,1.52,2.47,False,False,220,-2,False
2025-10-12,Pre-season,Indiana Pacers,Oklahoma City Thunder,116,101,1.9,1.86,False,True,217,15,False
2025-10-12,Pre-season,Memphis Grizzlies,Atlanta Hawks,116,122,2.74,1.44,False,False,238,-6,False
2025-10-13,Pre-season,Orlando Magic,Miami Heat,120,104,1.5,2.54,False,True,224,16,False
2025-10-13,Pre-season,Los Angeles Clippers,Denver Nuggets,94,102,1.61,2.26,False,False,196,-8,False
2025-10-13,Pre-season,Los Angeles Lakers,Golden State Warriors,126,116,1.76,2.02,False,True,242,10,False
2025-10-13,Pre-season,Washington Wizards,Toronto Raptors,112,113,2.51,1.51,False,False,225,-1,False
2025-10-13,Pre-season,Boston Celtics,Cleveland Cavaliers,138,107,1.36,3.06,False,True,245,31,False
2025-10-13,Pre-season,Chicago Bulls,Milwaukee Bucks,121,127,1.94,1.83,False,False,248,-6,False
2025-10-14,Pre-season,Indiana Pacers,San Antonio Spurs,108,124,1.69,2.13,False,False,232,-16,False
2025-10-14,Pre-season,New York Knicks,Washington Wizards,103,120,1.5,2.55,False,False,223,-17,False
2025-10-14,Pre-season,Atlanta Hawks,Miami Heat,119,118,2.29,1.61,True,True,237,1,False
2025-10-14,Pre-season,Utah Jazz,Dallas Mavericks,101,114,2.3,1.6,False,False,215,-13,False
2025-10-15,Pre-season,New Orleans Pelicans,Houston Rockets,128,130,2.87,1.41,False,False,258,-2,False
2025-10-15,Pre-season,Portland Trail Blazers,Golden State Warriors,111,118,2.0,1.78,False,False,229,-7,False
2025-10-15,Pre-season,Phoenix Suns,Los Angeles Lakers,113,104,3.83,1.25,False,True,217,9,False
2025-10-15,Pre-season,Cleveland Cavaliers,Detroit Pistons,118,100,1.33,3.24,False,True,218,18,False
2025-10-15,Pre-season,Denver Nuggets,Chicago Bulls,124,117,1.48,2.61,False,True,241,7,False
2025-10-15,Pre-season,Milwaukee Bucks,Oklahoma City Thunder,112,116,2.72,1.45,False,False,228,-4,False
2025-10-16,Pre-season,Charlotte Hornets,Memphis Grizzlies,145,116,1.7,2.12,False,True,261,29,False
2025-10-16,Pre-season,Boston Celtics,Toronto Raptors,110,108,1.56,2.4,False,True,218,2,False
2025-10-16,Pre-season,Sacramento Kings,Los Angeles Clippers,91,109,2.51,1.52,False,False,200,-18,False
2025-10-16,Pre-season,Los Angeles Lakers,Dallas Mavericks,94,121,3.43,1.3,False,False,215,-27,False
2025-10-17,Pre-season,Chicago Bulls,Minnesota Timberwolves,126,120,2.84,1.41,False,True,246,6,False
2025-10-17,Pre-season,Orlando Magic,New Orleans Pelicans,132,125,1.32,3.31,False,True,257,7,False
2025-10-17,Pre-season,Utah Jazz,Portland Trail Blazers,132,129,2.14,1.69,False,True,261,3,False
2025-10-17,Pre-season,Atlanta Hawks,Houston Rockets,115,133,1.35,3.13,False,False,248,-18,False
2025-10-17,Pre-season,Detroit Pistons,Washington Wizards,119,98,1.43,2.78,False,True,217,21,False
2025-10-18,Pre-season,Oklahoma City Thunder,Denver Nuggets,94,91,1.26,3.76,False,True,185,3,False
2025-10-18,Pre-season,Golden State Warriors,Los Angeles Clippers,103,106,1.57,2.37,False,False,209,-3,False
2025-10-18,Pre-season,Philadelphia 76ers,Minnesota Timberwolves,126,110,1.34,3.16,False,True,236,16,False
2025-10-18,Pre-season,Toronto Raptors,Brooklyn Nets,119,114,1.38,2.96,False,True,233,5,False
2025-10-18,Pre-season,New York Knicks,Charlotte Hornets,113,108,1.42,2.79,False,True,221,5,False
2025-10-18,Pre-season,Miami Heat,Memphis Grizzlies,125,141,1.6,2.3,False,False,266,-16,False
2025-10-18,Pre-season,San Antonio Spurs,Indiana Pacers,133,104,1.48,2.62,False,True,237,29,False
2025-10-18,Pre-season,Los Angeles Lakers,Sacramento Kings,116,117,1.35,3.14,False,False,233,-1,False
2025-10-22,,Los Angeles Lakers,Golden State Warriors,109,119,2.16,1.72,False,False,228,-10,False
2025-10-22,,Oklahoma City Thunder,Houston Rockets,125,124,1.37,3.14,True,True,249,1,False
2025-10-23,,Memphis Grizzlies,New Orleans Pelicans,128,122,1.58,2.42,False,True,250,6,False
2025-10-23,,Chicago Bulls,Detroit Pistons,115,111,2.26,1.66,False,True,226,4,False
2025-10-23,,Orlando Magic,Miami Heat,125,121,1.28,3.72,False,True,246,4,False
2025-10-23,,New York Knicks,Cleveland Cavaliers,119,111,2.01,1.85,False,True,230,8,False
2025-10-23,,Charlotte Hornets,Brooklyn Nets,136,117,1.49,2.66,False,True,253,19,False
2025-10-23,,Boston Celtics,Philadelphia 76ers,116,117,1.49,2.66,False,False,233,-1,False
2025-10-23,,Atlanta Hawks,Toronto Raptors,118,138,1.45,2.81,False,False,256,-20,False
2025-10-23,,Milwaukee Bucks,Washington Wizards,133,120,1.22,4.34,False,True,253,13,False
2025-10-23,,Utah Jazz,Los Angeles Clippers,129,108,4.16,1.24,False,True,237,21,False
2025-10-23,,Dallas Mavericks,San Antonio Spurs,92,125,1.64,2.31,False,False,217,-33,False
2025-10-23,,Phoenix Suns,Sacramento Kings,120,116,1.6,2.39,False,True,236,4,False
2025-10-23,,Portland Trail Blazers,Minnesota Timberwolves,114,118,2.55,1.53,False,False,232,-4,False
2025-10-24,,Indiana Pacers,Oklahoma City Thunder,135,141,3.4,1.32,True,False,276,-6,False
2025-10-24,,Golden State Warriors,Denver Nuggets,137,131,1.83,2.0,True,True,268,6,False
2025-10-25,,Los Angeles Clippers,Phoenix Suns,129,102,1.21,4.41,False,True,231,27,False
2025-10-25,,Sacramento Kings,Utah Jazz,105,104,1.45,2.8,False,True,209,1,False
2025-10-25,,Portland Trail Blazers,Golden State Warriors,139,119,2.22,1.68,False,True,258,20,False
2025-10-25,,Memphis Grizzlies,Miami Heat,114,146,1.66,2.25,False,False,260,-32,False
2025-10-25,,Los Angeles Lakers,Minnesota Timberwolves,128,110,2.03,1.81,False,True,238,18,False
2025-10-25,,Dallas Mavericks,Washington Wizards,107,117,1.21,4.44,False,False,224,-10,False
2025-10-25,,New Orleans Pelicans,San Antonio Spurs,116,120,2.46,1.56,True,False,236,-4,False
2025-10-25,,New York Knicks,Boston Celtics,105,95,1.56,2.46,False,True,200,10,False
2025-10-25,,Orlando Magic,Atlanta Hawks,107,111,1.44,2.82,False,False,218,-4,False
2025-10-25,,Houston Rockets,Detroit Pistons,111,115,1.38,3.1,False,False,226,-4,False
2025-10-25,,Brooklyn Nets,Cleveland Cavaliers,124,131,5.7,1.14,False,False,255,-7,False
2025-10-25,,Toronto Raptors,Milwaukee Bucks,116,122,1.79,2.06,False,False,238,-6,False
2025-10-26,,Orlando Magic,Chicago Bulls,98,110,1.41,2.93,False,False,208,-12,False
2025-10-26,,Philadelphia 76ers,Charlotte Hornets,125,121,1.53,2.52,False,True,246,4,False
2025-10-26,,Atlanta Hawks,Oklahoma City Thunder,100,117,3.69,1.28,False,False,217,-17,False
2025-10-26,,Memphis Grizzlies,Indiana Pacers,128,103,1.76,2.09,False,True,231,25,False
2025-10-26,,Denver Nuggets,Phoenix Suns,133,111,1.13,6.15,False,True,244,22,False
2025-10-27,,Los Angeles Clippers,Portland Trail Blazers,114,107,1.3,3.57,False,True,221,7,False
2025-10-27,,Washington Wizards,Charlotte Hornets,113,139,1.78,2.06,False,False,252,-26,False
2025-10-27,,Dallas Mavericks,Toronto Raptors,139,129,1.95,1.87,False,True,268,10,False
2025-10-27,,Minnesota Timberwolves,Indiana Pacers,114,110,1.17,5.25,False,True,224,4,False
2025-10-27,,San Antonio Spurs,Brooklyn Nets,118,107,1.18,4.96,False,True,225,11,False
2025-10-27,,Cleveland Cavaliers,Milwaukee Bucks,118,113,1.37,3.1,False,True,231,5,False
2025-10-27,,Miami Heat,New York Knicks,115,107,2.31,1.63,False,True,222,8,False
2025-10-27,,Detroit Pistons,Boston Celtics,119,113,1.71,2.16,False,True,232,6,False
2025-10-27,,Sacramento Kings,Los Angeles Lakers,120,127,1.61,2.33,False,False,247,-7,False
2025-10-28,,San Antonio Spurs,Toronto Raptors,121,103,1.54,2.51,False,True,224,18,False
2025-10-28,,Utah Jazz,Phoenix Suns,138,134,1.82,2.02,True,True,272,4,False
2025-10-28,,Golden State Warriors,Memphis Grizzlies,131,118,1.27,3.71,False,True,249,13,False
2025-10-28,,Minnesota Timberwolves,Denver Nuggets,114,127,2.93,1.41,False,False,241,-13,False
2025-10-28,,Dallas Mavericks,Oklahoma City Thunder,94,101,3.96,1.26,False,False,195,-7,False
2025-10-28,,Philadelphia 76ers,Orlando Magic,136,124,2.97,1.41,False,True,260,12,False
2025-10-28,,New Orleans Pelicans,Boston Celtics,90,122,2.56,1.53,False,False,212,-32,False
2025-10-28,,Detroit Pistons,Cleveland Cavaliers,95,116,2.11,1.75,False,False,211,-21,False
2025-10-28,,Chicago Bulls,Atlanta Hawks,128,123,2.19,1.69,False,True,251,5,False
2025-10-28,,Houston Rockets,Brooklyn Nets,137,109,1.08,8.33,False,True,246,28,False
2025-10-28,,Los Angeles Lakers,Portland Trail Blazers,108,122,2.25,1.66,False,False,230,-14,False
2025-10-29,,Milwaukee Bucks,New York Knicks,121,111,2.1,1.76,False,True,232,10,False
2025-10-29,,Golden State Warriors,Los Angeles Clippers,98,79,2.02,1.82,False,True,177,19,False
2025-10-29,,Washington Wizards,Philadelphia 76ers,134,139,2.57,1.52,True,False,273,-5,False
2025-10-29,,Miami Heat,Charlotte Hornets,144,117,1.52,2.57,False,True,261,27,False
2025-10-29,,Oklahoma City Thunder,Sacramento Kings,107,101,1.26,4.01,False,True,208,6,False
2025-10-30,,Minnesota Timberwolves,Los Angeles Lakers,115,116,1.34,3.34,False,False,231,-1,False
2025-10-30,,Utah Jazz,Portland Trail Blazers,134,136,2.23,1.67,False,False,270,-2,False
2025-10-30,,Denver Nuggets,New Orleans Pelicans,122,88,1.15,5.59,False,True,210,34,False
2025-10-30,,Phoenix Suns,Memphis Grizzlies,113,114,2.11,1.74,False,False,227,-1,False
2025-10-30,,Dallas Mavericks,Indiana Pacers,107,105,1.42,2.91,False,True,212,2,False
2025-10-30,,Toronto Raptors,Houston Rockets,121,139,2.84,1.44,False,False,260,-18,False
2025-10-30,,Brooklyn Nets,Atlanta Hawks,112,117,3.61,1.3,False,False,229,-5,False
2025-10-30,,Boston Celtics,Cleveland Cavaliers,125,105,2.35,1.61,False,True,230,20,False
2025-10-30,,Detroit Pistons,Orlando Magic,135,116,2.06,1.79,False,True,251,19,False
2025-10-30,,Chicago Bulls,Sacramento Kings,126,113,1.53,2.54,False,True,239,13,False
2025-10-31,,Charlotte Hornets,Orlando Magic,107,123,2.3,1.64,False,False,230,-16,False
2025-10-31,,Oklahoma City Thunder,Washington Wizards,127,108,1.08,8.3,False,True,235,19,False
2025-10-31,,Milwaukee Bucks,Golden State Warriors,120,110,3.3,1.35,False,True,230,10,False
2025-10-31,,San Antonio Spurs,Miami Heat,107,101,1.43,2.87,False,True,208,6,False
2025-11-01,,Memphis Grizzlies,Los Angeles Lakers,112,117,2.08,1.77,False,False,229,-5,False
2025-11-01,,Cleveland Cavaliers,Toronto Raptors,101,112,1.51,2.62,False,False,213,-11,False
2025-11-01,,Chicago Bulls,New York Knicks,135,125,2.57,1.52,False,True,260,10,False
2025-11-01,,Indiana Pacers,Atlanta Hawks,108,128,2.11,1.75,False,False,236,-20,False
2025-11-01,,Philadelphia 76ers,Boston Celtics,108,109,1.97,1.86,False,False,217,-1,False
2025-11-01,,Portland Trail Blazers,Denver Nuggets,109,107,2.78,1.45,False,True,216,2,False
2025-11-01,,Los Angeles Clippers,New Orleans Pelicans,126,124,1.18,4.9,False,True,250,2,False
2025-11-01,,Phoenix Suns,Utah Jazz,118,96,1.66,2.26,False,True,214,22,False
2025-11-02,,Indiana Pacers,Golden State Warriors,114,109,4.71,1.2,False,True,223,5,False
2025-11-02,,Boston Celtics,Houston Rockets,101,128,2.63,1.5,False,False,229,-27,False
2025-11-02,,Detroit Pistons,Dallas Mavericks,122,110,1.34,3.33,False,True,232,12,False
2025-11-02,,Milwaukee Bucks,Sacramento Kings,133,135,1.4,2.99,False,False,268,-2,False
2025-11-02,,Washington Wizards,Orlando Magic,94,125,3.94,1.26,False,False,219,-31,False
2025-11-02,,Charlotte Hornets,Minnesota Timberwolves,105,122,2.54,1.53,False,False,227,-17,False
2025-11-03,,Toronto Raptors,Memphis Grizzlies,117,104,1.55,2.5,False,True,221,13,False
2025-11-03,,Oklahoma City Thunder,New Orleans Pelicans,137,106,1.13,6.0,False,True,243,31,False
2025-11-03,,Phoenix Suns,San Antonio Spurs,130,118,2.74,1.46,False,True,248,12,False
2025-11-03,,New York Knicks,Chicago Bulls,128,116,1.35,3.27,False,True,244,12,False
2025-11-03,,Cleveland Cavaliers,Atlanta Hawks,117,109,1.41,2.96,False,True,226,8,False
2025-11-03,,Los Angeles Lakers,Miami Heat,130,120,1.52,2.6,False,True,250,10,False
2025-11-03,,Charlotte Hornets,Utah Jazz,126,103,2.01,1.82,False,True,229,23,False
2025-11-03,,Brooklyn Nets,Philadelphia 76ers,105,129,2.61,1.51,False,False,234,-24,False
2025-11-04,,Indiana Pacers,Milwaukee Bucks,115,117,2.89,1.42,False,False,232,-2,False
2025-11-04,,Brooklyn Nets,Minnesota Timberwolves,109,125,4.15,1.24,False,False,234,-16,False
2025-11-04,,New York Knicks,Washington Wizards,119,102,1.14,5.78,False,True,221,17,False
2025-11-04,,Boston Celtics,Utah Jazz,103,105,1.21,4.55,False,False,208,-2,False
2025-11-04,,Memphis Grizzlies,Detroit Pistons,106,114,2.48,1.55,False,False,220,-8,False
2025-11-04,,Houston Rockets,Dallas Mavericks,110,102,1.15,5.72,False,True,212,8,False
2025-11-04,,Denver Nuggets,Sacramento Kings,130,124,1.17,5.11,False,True,254,6,False
2025-11-04,,Portland Trail Blazers,Los Angeles Lakers,115,123,1.26,3.99,False,False,238,-8,False
2025-11-04,,Los Angeles Clippers,Miami Heat,119,120,1.33,3.41,False,False,239,-1,False
2025-11-05,,Atlanta Hawks,Orlando Magic,127,112,2.37,1.61,False,True,239,15,False
2025-11-05,,Los Angeles Clippers,Oklahoma City Thunder,107,126,3.62,1.3,False,False,233,-19,False
2025-11-05,,Golden State Warriors,Phoenix Suns,118,107,1.21,4.57,False,True,225,11,False
2025-11-05,,Toronto Raptors,Milwaukee Bucks,128,100,1.74,2.13,False,True,228,28,False
2025-11-05,,New Orleans Pelicans,Charlotte Hornets,116,112,1.68,2.23,False,True,228,4,False
2025-11-05,,Chicago Bulls,Philadelphia 76ers,113,111,1.79,2.06,False,True,224,2,False
2025-11-06,,Denver Nuggets,Miami Heat,122,112,1.25,4.04,False,True,234,10,False
2025-11-06,,Los Angeles Lakers,San Antonio Spurs,118,116,1.95,1.88,False,True,234,2,False
2025-11-06,,Portland Trail Blazers,Oklahoma City Thunder,121,119,2.43,1.57,False,True,240,2,False
2025-11-06,,Dallas Mavericks,New Orleans Pelicans,99,101,1.31,3.52,False,False,200,-2,False
2025-11-06,,Indiana Pacers,Brooklyn Nets,103,112,1.38,3.08,False,False,215,-9,False
2025-11-06,,Sacramento Kings,Golden State Warriors,121,116,1.7,2.19,False,True,237,5,False
2025-11-06,,New York Knicks,Minnesota Timberwolves,137,114,1.63,2.31,False,True,251,23,False
2025-11-06,,Cleveland Cavaliers,Philadelphia 76ers,132,121,1.19,4.79,False,True,253,11,False
2025-11-06,,Detroit Pistons,Utah Jazz,114,103,1.22,4.33,False,True,217,11,False
2025-11-06,,Memphis Grizzlies,Houston Rockets,109,124,3.48,1.32,False,False,233,-15,False
2025-11-06,,Boston Celtics,Washington Wizards,136,107,1.14,5.73,False,True,243,29,False
2025-11-07,,Phoenix Suns,Los Angeles Clippers,115,102,1.7,2.19,False,True,217,13,False
2025-11-08,,Miami Heat,Charlotte Hornets,126,108,1.36,3.22,False,True,234,18,False
2025-11-08,,Memphis Grizzlies,Dallas Mavericks,118,104,1.55,2.5,False,True,222,14,False
2025-11-08,,Milwaukee Bucks,Chicago Bulls,126,110,1.55,2.48,False,True,236,16,False
2025-11-08,,Denver Nuggets,Golden State Warriors,129,104,1.23,4.32,False,True,233,25,False
2025-11-08,,San Antonio Spurs,Houston Rockets,121,110,2.46,1.57,False,True,231,11,False
2025-11-08,,Sacramento Kings,Oklahoma City Thunder,101,132,5.29,1.16,False,False,233,-31,False
2025-11-08,,Orlando Magic,Boston Celtics,123,110,1.61,2.36,False,True,233,13,False
2025-11-08,,Washington Wizards,Cleveland Cavaliers,115,148,6.62,1.12,False,False,263,-33,False
2025-11-08,,Minnesota Timberwolves,Utah Jazz,137,97,1.15,5.64,False,True,234,40,False
2025-11-08,,Brooklyn Nets,Detroit Pistons,107,125,4.67,1.2,False,False,232,-18,False
2025-11-08,,Atlanta Hawks,Toronto Raptors,97,109,1.75,2.12,False,False,206,-12,False
2025-11-09,,Atlanta Hawks,Los Angeles Lakers,122,102,2.72,1.47,False,True,224,20,False
2025-11-09,,Denver Nuggets,Indiana Pacers,117,100,1.21,4.46,False,True,217,17,False
2025-11-09,,Cleveland Cavaliers,Chicago Bulls,128,122,1.27,3.82,False,True,250,6,False
2025-11-09,,Los Angeles Clippers,Phoenix Suns,103,114,1.53,2.56,False,False,217,-11,False
2025-11-09,,San Antonio Spurs,New Orleans Pelicans,126,119,1.18,5.04,False,True,245,7,False
2025-11-09,,Philadelphia 76ers,Toronto Raptors,130,120,1.49,2.66,False,True,250,10,False
2025-11-09,,Miami Heat,Portland Trail Blazers,136,131,2.37,1.61,False,True,267,5,False
2025-11-09,,Washington Wizards,Dallas Mavericks,105,111,2.53,1.54,False,False,216,-6,False
2025-11-10,,Milwaukee Bucks,Houston Rockets,115,122,2.43,1.58,False,False,237,-7,False
2025-11-10,,Memphis Grizzlies,Oklahoma City Thunder,100,114,4.82,1.19,False,False,214,-14,False
2025-11-10,,New York Knicks,Brooklyn Nets,134,98,1.08,8.38,False,True,232,36,False
2025-11-10,,Orlando Magic,Boston Celtics,107,111,1.62,2.34,False,False,218,-4,False
2025-11-10,,Philadelphia 76ers,Detroit Pistons,108,111,2.52,1.54,False,False,219,-3,False
2025-11-10,,Golden State Warriors,Indiana Pacers,114,83,1.14,5.74,False,True,197,31,False
2025-11-10,,Sacramento Kings,Minnesota Timberwolves,117,144,2.62,1.51,False,False,261,-27,False
2025-11-11,,Miami Heat,Cleveland Cavaliers,140,138,3.45,1.32,True,True,278,2,False
2025-11-11,,Orlando Magic,Portland Trail Blazers,115,112,1.79,2.06,False,True,227,3,False
2025-11-11,,Utah Jazz,Minnesota Timberwolves,113,120,3.41,1.33,False,False,233,-7,False
2025-11-11,,Los Angeles Clippers,Atlanta Hawks,102,105,1.52,2.58,False,False,207,-3,False
2025-11-11,,Chicago Bulls,San Antonio Spurs,117,121,2.61,1.51,False,False,238,-4,False
2025-11-11,,Detroit Pistons,Washington Wizards,137,135,1.16,5.4,True,True,272,2,False
2025-11-11,,Dallas Mavericks,Milwaukee Bucks,114,116,2.36,1.61,False,False,230,-2,False
2025-11-11,,Charlotte Hornets,Los Angeles Lakers,111,121,3.75,1.28,False,False,232,-10,False
2025-11-11,,Phoenix Suns,New Orleans Pelicans,121,98,1.28,3.75,False,True,219,23,False
2025-11-12,,New York Knicks,Memphis Grizzlies,133,120,1.22,4.33,False,True,253,13,False
2025-11-12,,Brooklyn Nets,Toronto Raptors,109,119,4.33,1.22,False,False,228,-10,False
2025-11-12,,Oklahoma City Thunder,Golden State Warriors,126,102,1.31,3.51,False,True,228,24,False
2025-11-12,,Philadelphia 76ers,Boston Celtics,102,100,2.05,1.8,False,True,202,2,False
2025-11-12,,Utah Jazz,Indiana Pacers,152,128,2.16,1.72,False,True,280,24,False
2025-11-12,,Sacramento Kings,Denver Nuggets,108,122,3.73,1.28,False,False,230,-14,False
2025-11-13,,Dallas Mavericks,Phoenix Suns,114,123,2.11,1.75,False,False,237,-9,False
2025-11-13,,Los Angeles Clippers,Denver Nuggets,116,130,2.61,1.51,False,False,246,-14,False
2025-11-13,,Oklahoma City Thunder,Los Angeles Lakers,121,92,1.3,3.59,False,True,213,29,False
2025-11-13,,Houston Rockets,Washington Wizards,135,112,1.06,9.64,False,True,247,23,False
2025-11-13,,New Orleans Pelicans,Portland Trail Blazers,117,125,3.7,1.28,False,False,242,-8,False
2025-11-13,,Sacramento Kings,Atlanta Hawks,100,133,2.48,1.56,False,False,233,-33,False
2025-11-13,,Boston Celtics,Memphis Grizzlies,131,95,1.31,3.57,False,True,226,36,False
2025-11-13,,Miami Heat,Cleveland Cavaliers,116,130,1.49,2.68,False,False,246,-14,False
2025-11-13,,Charlotte Hornets,Milwaukee Bucks,111,100,2.17,1.71,False,True,211,11,False
2025-11-13,,New York Knicks,Orlando Magic,107,124,1.56,2.48,False,False,231,-17,False
2025-11-13,,San Antonio Spurs,Golden State Warriors,120,125,1.61,2.36,False,False,245,-5,False
2025-11-13,,Detroit Pistons,Chicago Bulls,124,113,2.27,1.65,False,True,237,11,False
2025-11-14,,Cleveland Cavaliers,Toronto Raptors,113,126,1.34,3.32,False,False,239,-13,False
2025-11-14,,Phoenix Suns,Indiana Pacers,133,98,1.59,2.43,False,True,231,35,False
2025-11-14,,Utah Jazz,Atlanta Hawks,122,132,2.05,1.81,False,False,254,-10,False
2025-11-15,,Orlando Magic,Brooklyn Nets,105,98,1.1,7.26,False,True,203,7,False
2025-11-15,,San Antonio Spurs,Golden State Warriors,108,109,1.69,2.22,False,False,217,-1,False
2025-11-15,,Dallas Mavericks,Los Angeles Clippers,127,133,2.29,1.65,True,False,260,-6,False
2025-11-15,,Houston Rockets,Portland Trail Blazers,140,116,1.33,3.42,False,True,256,24,False
2025-11-15,,Detroit Pistons,Philadelphia 76ers,114,105,1.85,2.0,False,True,219,9,False
2025-11-15,,Minnesota Timberwolves,Sacramento Kings,124,110,1.16,5.36,False,True,234,14,False
2025-11-15,,New York Knicks,Miami Heat,140,132,1.39,3.05,False,True,272,8,False
2025-11-15,,New Orleans Pelicans,Los Angeles Lakers,104,118,4.45,1.22,False,False,222,-14,False
2025-11-15,,Milwaukee Bucks,Charlotte Hornets,147,134,1.26,3.96,True,True,281,13,False
2025-11-16,,Cleveland Cavaliers,Memphis Grizzlies,108,100,1.19,4.88,False,True,208,8,False
2025-11-16,,Charlotte Hornets,Oklahoma City Thunder,96,109,10.22,1.06,False,False,205,-13,False
2025-11-16,,Milwaukee Bucks,Los Angeles Lakers,95,119,1.83,2.02,False,False,214,-24,False
2025-11-16,,Minnesota Timberwolves,Denver Nuggets,112,123,1.98,1.87,False,False,235,-11,False
2025-11-16,,Indiana Pacers,Toronto Raptors,111,129,3.11,1.38,False,False,240,-18,False
2025-11-17,,Boston Celtics,Los Angeles Clippers,121,118,1.48,2.72,False,True,239,3,False
2025-11-17,,Dallas Mavericks,Portland Trail Blazers,138,133,2.34,1.63,True,True,271,5,False
2025-11-17,,Phoenix Suns,Atlanta Hawks,122,124,1.82,2.03,False,False,246,-2,False
2025-11-17,,Utah Jazz,Chicago Bulls,150,147,2.56,1.53,True,True,297,3,False
2025-11-17,,San Antonio Spurs,Sacramento Kings,123,110,1.42,2.94,False,True,233,13,False
2025-11-17,,New Orleans Pelicans,Golden State Warriors,106,124,4.89,1.19,False,False,230,-18,False
2025-11-17,,Houston Rockets,Orlando Magic,117,113,1.32,3.48,True,True,230,4,False
2025-11-17,,Washington Wizards,Brooklyn Nets,106,129,1.71,2.19,False,False,235,-23,False
2025-11-18,,Minnesota Timberwolves,Dallas Mavericks,120,96,1.1,7.23,False,True,216,24,False
2025-11-18,,Denver Nuggets,Chicago Bulls,127,130,1.12,6.67,False,False,257,-3,False
2025-11-18,,Philadelphia 76ers,Los Angeles Clippers,110,108,1.49,2.71,False,True,218,2,False
2025-11-18,,Detroit Pistons,Indiana Pacers,127,112,1.27,3.92,False,True,239,15,False
2025-11-18,,Cleveland Cavaliers,Milwaukee Bucks,118,106,1.4,3.02,False,True,224,12,False
2025-11-18,,Miami Heat,New York Knicks,115,113,1.86,1.99,False,True,228,2,False
2025-11-18,,Toronto Raptors,Charlotte Hornets,110,108,1.29,3.76,False,True,218,2,False
2025-11-18,,New Orleans Pelicans,Oklahoma City Thunder,109,126,12.17,1.04,False,False,235,-17,False
2025-11-19,,Portland Trail Blazers,Phoenix Suns,110,127,1.78,2.09,False,False,237,-17,False
2025-11-19,,San Antonio Spurs,Memphis Grizzlies,111,101,1.41,2.99,False,True,212,10,False
2025-11-19,,Los Angeles Lakers,Utah Jazz,140,126,1.14,6.13,False,True,266,14,False
2025-11-19,,Atlanta Hawks,Detroit Pistons,112,120,2.07,1.79,False,False,232,-8,False
2025-11-19,,Orlando Magic,Golden State Warriors,121,113,2.18,1.71,False,True,234,8,False
2025-11-19,,Brooklyn Nets,Boston Celtics,99,113,5.2,1.18,False,False,212,-14,False
2025-11-20,,Minnesota Timberwolves,Washington Wizards,120,109,1.07,9.14,False,True,229,11,False
2025-11-20,,Portland Trail Blazers,Chicago Bulls,121,122,2.35,1.62,False,False,243,-1,False
2025-11-20,,New Orleans Pelicans,Denver Nuggets,118,125,5.91,1.15,False,False,243,-7,False
2025-11-20,,Miami Heat,Golden State Warriors,110,96,1.23,4.32,False,True,206,14,False
2025-11-20,,Oklahoma City Thunder,Sacramento Kings,113,99,1.05,11.28,False,True,212,14,False
2025-11-20,,Cleveland Cavaliers,Houston Rockets,104,114,2.03,1.83,False,False,218,-10,False
2025-11-20,,Philadelphia 76ers,Toronto Raptors,112,121,2.11,1.76,False,False,233,-9,False
2025-11-20,,Indiana Pacers,Charlotte Hornets,127,118,2.05,1.8,False,True,245,9,False
2025-11-20,,Dallas Mavericks,New York Knicks,111,113,3.67,1.3,False,False,224,-2,False
2025-11-21,,Orlando Magic,Los Angeles Clippers,129,101,1.43,2.87,False,True,230,28,False
2025-11-21,,Milwaukee Bucks,Philadelphia 76ers,114,123,2.04,1.8,True,False,237,-9,False
2025-11-21,,Memphis Grizzlies,Sacramento Kings,137,96,1.64,2.3,False,True,233,41,False
2025-11-21,,San Antonio Spurs,Atlanta Hawks,135,126,1.9,1.93,False,True,261,9,False
2025-11-22,,Chicago Bulls,Miami Heat,107,143,1.75,2.11,False,False,250,-36,False
2025-11-22,,Houston Rockets,Denver Nuggets,109,112,1.7,2.19,False,False,221,-3,False
2025-11-22,,Phoenix Suns,Minnesota Timberwolves,114,113,2.53,1.53,False,True,227,1,False
2025-11-22,,Golden State Warriors,Portland Trail Blazers,123,127,1.22,4.36,False,False,250,-4,False
2025-11-22,,Cleveland Cavaliers,Indiana Pacers,120,109,1.11,7.04,False,True,229,11,False
2025-11-22,,Boston Celtics,Brooklyn Nets,105,113,1.1,7.48,False,False,218,-8,False
2025-11-22,,Toronto Raptors,Washington Wizards,140,110,1.1,7.41,False,True,250,30,False
2025-11-22,,Dallas Mavericks,New Orleans Pelicans,118,115,1.61,2.36,False,True,233,3,False
2025-11-22,,Utah Jazz,Oklahoma City Thunder,112,144,9.32,1.07,False,False,256,-32,False
2025-11-23,,Milwaukee Bucks,Detroit Pistons,116,129,3.68,1.29,False,False,245,-13,False
2025-11-23,,Charlotte Hornets,Los Angeles Clippers,116,131,1.95,1.89,False,False,247,-15,False
2025-11-23,,New Orleans Pelicans,Atlanta Hawks,98,115,4.35,1.22,False,False,213,-17,False
2025-11-23,,Dallas Mavericks,Memphis Grizzlies,96,102,1.9,1.93,False,False,198,-6,False
2025-11-23,,Chicago Bulls,Washington Wizards,121,120,1.14,5.78,False,True,241,1,False
2025-11-23,,Denver Nuggets,Sacramento Kings,123,128,1.18,5.05,False,False,251,-5,False
2025-11-23,,Orlando Magic,New York Knicks,133,121,1.79,2.06,False,True,254,12,False
2025-11-24,,Utah Jazz,Los Angeles Lakers,106,108,4.15,1.24,False,False,214,-2,False
2025-11-24,,Phoenix Suns,San Antonio Spurs,111,102,1.77,2.09,False,True,213,9,False
2025-11-24,,Oklahoma City Thunder,Portland Trail Blazers,122,95,1.08,8.54,False,True,217,27,False
2025-11-24,,Philadelphia 76ers,Miami Heat,117,127,1.97,1.86,False,False,244,-10,False
2025-11-24,,Boston Celtics,Orlando Magic,138,129,1.54,2.52,False,True,267,9,False
2025-11-24,,Toronto Raptors,Brooklyn Nets,119,109,1.15,5.64,False,True,228,10,False
2025-11-24,,Cleveland Cavaliers,Los Angeles Clippers,120,105,1.31,3.49,False,True,225,15,False
2025-11-24,,Atlanta Hawks,Charlotte Hornets,113,110,1.32,3.46,False,True,223,3,False
2025-11-25,,Miami Heat,Dallas Mavericks,106,102,1.35,3.26,False,True,208,4,False
2025-11-25,,Golden State Warriors,Utah Jazz,134,117,1.12,6.66,False,True,251,17,False
2025-11-25,,Phoenix Suns,Houston Rockets,92,114,2.95,1.42,False,False,206,-22,False
2025-11-25,,New Orleans Pelicans,Chicago Bulls,143,130,2.61,1.51,False,True,273,13,False
2025-11-25,,Sacramento Kings,Minnesota Timberwolves,117,112,4.52,1.21,True,True,229,5,False
2025-11-25,,Milwaukee Bucks,Portland Trail Blazers,103,115,1.89,1.95,False,False,218,-12,False
2025-11-25,,Brooklyn Nets,New York Knicks,100,113,6.06,1.13,False,False,213,-13,False
2025-11-25,,Indiana Pacers,Detroit Pistons,117,122,4.21,1.24,False,False,239,-5,False
2025-11-25,,Memphis Grizzlies,Denver Nuggets,115,125,3.29,1.35,False,False,240,-10,False
2025-11-25,,Toronto Raptors,Cleveland Cavaliers,110,99,1.84,1.99,False,True,209,11,False
2025-11-26,,Washington Wizards,Atlanta Hawks,132,113,4.95,1.19,False,True,245,19,False
2025-11-26,,Philadelphia 76ers,Orlando Magic,103,144,2.52,1.54,False,False,247,-41,False
2025-11-26,,Los Angeles Lakers,Los Angeles Clippers,135,118,1.38,3.08,False,True,253,17,False
2025-11-27,,Charlotte Hornets,New York Knicks,101,129,3.13,1.38,False,False,230,-28,False
2025-11-27,,Golden State Warriors,Houston Rockets,100,104,1.64,2.3,False,False,204,-4,False
2025-11-27,,Sacramento Kings,Phoenix Suns,100,112,2.51,1.55,False,False,212,-12,False
2025-11-27,,New Orleans Pelicans,Memphis Grizzlies,128,133,2.38,1.61,True,False,261,-5,False
2025-11-27,,Oklahoma City Thunder,Minnesota Timberwolves,113,105,1.2,4.65,False,True,218,8,False
2025-11-27,,Miami Heat,Milwaukee Bucks,106,103,1.21,4.54,False,True,209,3,False
2025-11-27,,Boston Celtics,Detroit Pistons,117,114,2.11,1.76,False,True,231,3,False
2025-11-27,,Toronto Raptors,Indiana Pacers,97,95,1.21,4.51,False,True,192,2,False
2025-11-27,,Portland Trail Blazers,San Antonio Spurs,102,115,1.9,1.94,False,False,217,-13,False
2025-11-29,,Utah Jazz,Sacramento Kings,128,119,1.73,2.15,False,True,247,9,False
2025-11-29,,Denver Nuggets,San Antonio Spurs,136,139,1.33,3.38,False,False,275,-3,False
2025-11-29,,Oklahoma City Thunder,Phoenix Suns,123,119,1.09,7.62,False,True,242,4,False
2025-11-29,,Los Angeles Clippers,Memphis Grizzlies,107,112,1.38,3.11,False,False,219,-5,False
2025-11-29,,New York Knicks,Milwaukee Bucks,118,109,1.36,3.22,False,True,227,9,False
2025-11-29,,Los Angeles Lakers,Dallas Mavericks,129,119,1.23,4.31,False,True,248,10,False
2025-11-29,,Detroit Pistons,Orlando Magic,109,112,1.62,2.35,False,False,221,-3,False
2025-11-29,,Indiana Pacers,Washington Wizards,119,86,1.38,3.08,False,True,205,33,False
2025-11-29,,Atlanta Hawks,Cleveland Cavaliers,130,123,3.07,1.39,False,True,253,7,False
2025-11-29,,Charlotte Hornets,Chicago Bulls,123,116,2.25,1.67,False,True,239,7,False
2025-11-29,,Brooklyn Nets,Philadelphia 76ers,103,115,3.13,1.38,False,False,218,-12,False
2025-11-30,,Los Angeles Clippers,Dallas Mavericks,110,114,1.26,3.95,False,False,224,-4,False
2025-11-30,,Phoenix Suns,Denver Nuggets,112,130,2.41,1.59,False,False,242,-18,False
2025-11-30,,Golden State Warriors,New Orleans Pelicans,104,96,1.25,4.06,False,True,200,8,False
2025-11-30,,Minnesota Timberwolves,Boston Celtics,119,115,1.4,3.02,False,True,234,4,False
2025-11-30,,Miami Heat,Detroit Pistons,135,138,1.59,2.41,False,False,273,-3,False
2025-11-30,,Indiana Pacers,Chicago Bulls,103,101,2.21,1.7,False,True,204,2,False
2025-11-30,,Charlotte Hornets,Toronto Raptors,118,111,3.4,1.33,True,True,229,7,False
2025-11-30,,Milwaukee Bucks,Brooklyn Nets,116,99,1.17,5.3,False,True,215,17,False
2025-12-01,,Cleveland Cavaliers,Boston Celtics,115,117,1.35,3.3,False,False,232,-2,False
2025-12-01,,Portland Trail Blazers,Oklahoma City Thunder,115,123,5.64,1.15,False,False,238,-8,False
2025-12-01,,New York Knicks,Toronto Raptors,116,94,1.3,3.61,False,True,210,22,False
2025-12-01,,Utah Jazz,Houston Rockets,101,129,5.41,1.16,False,False,230,-28,False
2025-12-01,,Philadelphia 76ers,Atlanta Hawks,134,142,1.71,2.19,True,False,276,-8,False
2025-12-01,,Minnesota Timberwolves,San Antonio Spurs,125,112,1.54,2.53,False,True,237,13,False
2025-12-01,,Los Angeles Lakers,New Orleans Pelicans,133,121,1.08,8.85,False,True,254,12,False
2025-12-01,,Sacramento Kings,Memphis Grizzlies,107,115,2.24,1.68,False,False,222,-8,False
2025-12-02,,Brooklyn Nets,Charlotte Hornets,116,103,2.52,1.54,False,True,219,13,False
2025-12-02,,Denver Nuggets,Dallas Mavericks,121,131,1.18,5.01,False,False,252,-10,False
2025-12-02,,Utah Jazz,Houston Rockets,133,125,5.24,1.17,False,True,258,8,False
2025-12-02,,Indiana Pacers,Cleveland Cavaliers,119,135,2.56,1.53,False,False,254,-16,False
2025-12-02,,Los Angeles Lakers,Phoenix Suns,108,125,1.46,2.77,False,False,233,-17,False
2025-12-02,,Miami Heat,Los Angeles Clippers,140,123,1.4,3.01,False,True,263,17,False
2025-12-02,,Detroit Pistons,Atlanta Hawks,99,98,1.24,4.21,False,True,197,1,False
2025-12-02,,Orlando Magic,Chicago Bulls,125,120,1.26,4.04,False,True,245,5,False
2025-12-02,,Washington Wizards,Milwaukee Bucks,129,126,4.59,1.21,False,True,255,3,False
2025-12-03,,Golden State Warriors,Oklahoma City Thunder,112,124,5.04,1.18,False,False,236,-12,False
2025-12-03,,Boston Celtics,New York Knicks,123,117,1.96,1.87,False,True,240,6,False
2025-12-03,,New Orleans Pelicans,Minnesota Timberwolves,142,149,5.87,1.14,True,False,291,-7,False
2025-12-03,,Toronto Raptors,Portland Trail Blazers,121,118,1.48,2.7,False,True,239,3,False
2025-12-03,,San Antonio Spurs,Memphis Grizzlies,126,119,1.48,2.69,False,True,245,7,False
2025-12-03,,Philadelphia 76ers,Washington Wizards,121,102,1.12,6.52,False,True,223,19,False
2025-12-04,,Houston Rockets,Sacramento Kings,121,95,1.08,8.8,False,True,216,26,False
2025-12-04,,Milwaukee Bucks,Detroit Pistons,113,109,2.55,1.53,False,True,222,4,False
2025-12-04,,Dallas Mavericks,Miami Heat,118,108,2.55,1.53,False,True,226,10,False
2025-12-04,,Indiana Pacers,Denver Nuggets,120,135,3.62,1.3,False,False,255,-15,False
2025-12-04,,Chicago Bulls,Brooklyn Nets,103,113,1.3,3.59,False,False,216,-10,False
2025-12-04,,Orlando Magic,San Antonio Spurs,112,114,1.29,3.68,False,False,226,-2,False
2025-12-04,,Atlanta Hawks,Los Angeles Clippers,92,115,1.77,2.09,False,False,207,-23,False
2025-12-04,,Cleveland Cavaliers,Portland Trail Blazers,110,122,1.2,4.7,False,False,232,-12,False
2025-12-04,,New York Knicks,Charlotte Hornets,119,104,1.26,4.03,False,True,223,15,False
2025-12-05,,Philadelphia 76ers,Golden State Warriors,99,98,1.57,2.46,False,True,197,1,False
2025-12-05,,Washington Wizards,Boston Celtics,101,146,4.64,1.2,False,False,247,-45,False
2025-12-05,,Toronto Raptors,Los Angeles Lakers,120,123,1.72,2.17,False,False,243,-3,False
2025-12-05,,Brooklyn Nets,Utah Jazz,110,123,2.61,1.51,False,False,233,-13,False
2025-12-05,,New Orleans Pelicans,Minnesota Timberwolves,116,125,5.3,1.17,False,False,241,-9,False
2025-12-06,,Boston Celtics,Los Angeles Lakers,126,105,1.29,3.71,False,True,231,21,False
2025-12-06,,Houston Rockets,Phoenix Suns,117,98,1.23,4.21,False,True,215,19,False
2025-12-06,,Memphis Grizzlies,Los Angeles Clippers,107,98,2.07,1.78,False,True,205,9,False
2025-12-06,,Chicago Bulls,Indiana Pacers,105,120,1.52,2.58,False,False,225,-15,False
2025-12-06,,Milwaukee Bucks,Philadelphia 76ers,101,116,1.99,1.86,False,False,217,-15,False
2025-12-06,,Oklahoma City Thunder,Dallas Mavericks,132,111,1.08,8.21,False,True,243,21,False
2025-12-06,,New York Knicks,Utah Jazz,146,112,1.08,8.4,False,True,258,34,False
2025-12-06,,Cleveland Cavaliers,San Antonio Spurs,130,117,1.52,2.57,False,True,247,13,False
2025-12-06,,Detroit Pistons,Portland Trail Blazers,122,116,1.3,3.61,False,True,238,6,False
2025-12-06,,Orlando Magic,Miami Heat,106,105,1.42,2.92,False,True,211,1,False
2025-12-06,,Atlanta Hawks,Denver Nuggets,133,134,2.41,1.59,False,False,267,-1,False
2025-12-06,,Toronto Raptors,Charlotte Hornets,86,111,1.36,3.2,False,False,197,-25,False
2025-12-07,,Cleveland Cavaliers,Golden State Warriors,94,99,1.26,3.96,False,False,193,-5,False
2025-12-07,,Brooklyn Nets,New Orleans Pelicans,119,101,1.6,2.39,False,True,220,18,False
2025-12-07,,Detroit Pistons,Milwaukee Bucks,124,112,1.14,5.91,False,True,236,12,False
2025-12-07,,Minnesota Timberwolves,Los Angeles Clippers,109,106,1.28,3.81,False,True,215,3,False
2025-12-07,,Miami Heat,Sacramento Kings,111,127,1.27,3.87,False,False,238,-16,False
2025-12-07,,Dallas Mavericks,Houston Rockets,122,109,3.18,1.36,False,True,231,13,False
2025-12-07,,Washington Wizards,Atlanta Hawks,116,131,4.3,1.23,False,False,247,-15,False
2025-12-08,,Philadelphia 76ers,Los Angeles Lakers,108,112,2.23,1.68,False,False,220,-4,False
2025-12-08,,Chicago Bulls,Golden State Warriors,91,123,1.97,1.86,False,False,214,-32,False
2025-12-08,,Charlotte Hornets,Denver Nuggets,106,115,4.73,1.2,False,False,221,-9,False
2025-12-08,,Utah Jazz,Oklahoma City Thunder,101,131,5.13,1.17,False,False,232,-30,False
2025-12-08,,Toronto Raptors,Boston Celtics,113,121,2.29,1.64,False,False,234,-8,False
2025-12-08,,New York Knicks,Orlando Magic,106,100,1.81,2.04,False,True,206,6,False
2025-12-08,,Memphis Grizzlies,Portland Trail Blazers,119,96,1.78,2.07,False,True,215,23,False
2025-12-09,,Indiana Pacers,Sacramento Kings,116,105,1.61,2.38,False,True,221,11,False
2025-12-09,,Minnesota Timberwolves,Phoenix Suns,105,108,1.27,3.93,False,False,213,-3,False
2025-12-09,,New Orleans Pelicans,San Antonio Spurs,132,135,4.13,1.25,False,False,267,-3,False
2025-12-12,,New Orleans Pelicans,Portland Trail Blazers,143,120,2.44,1.58,False,True,263,23,False
2025-12-12,,Houston Rockets,Los Angeles Clippers,115,113,1.25,4.05,False,True,228,2,False
2025-12-12,,Milwaukee Bucks,Boston Celtics,116,101,4.21,1.24,False,True,217,15,False
2025-12-12,,Sacramento Kings,Denver Nuggets,105,136,4.65,1.21,False,False,241,-31,False
2025-12-13,,Dallas Mavericks,Brooklyn Nets,119,111,1.33,3.45,False,True,230,8,False
2025-12-13,,Memphis Grizzlies,Utah Jazz,126,130,1.36,3.22,False,False,256,-4,False
2025-12-13,,Washington Wizards,Cleveland Cavaliers,126,130,8.74,1.08,False,False,256,-4,False
2025-12-13,,Golden State Warriors,Minnesota Timberwolves,120,127,1.54,2.55,False,False,247,-7,False
2025-12-13,,Detroit Pistons,Atlanta Hawks,142,115,1.35,3.28,False,True,257,27,False
2025-12-13,,Charlotte Hornets,Chicago Bulls,126,129,2.2,1.7,False,False,255,-3,False
2025-12-13,,Philadelphia 76ers,Indiana Pacers,115,105,1.44,2.88,False,True,220,10,False
2025-12-15,,Phoenix Suns,Los Angeles Lakers,114,116,1.85,2.0,False,False,230,-2,False
2025-12-15,,Portland Trail Blazers,Golden State Warriors,136,131,2.65,1.5,False,True,267,5,False
2025-12-15,,Chicago Bulls,New Orleans Pelicans,104,114,1.55,2.51,False,False,218,-10,False
2025-12-15,,Atlanta Hawks,Philadelphia 76ers,120,117,1.55,2.53,False,True,237,3,False
2025-12-15,,Indiana Pacers,Washington Wizards,89,108,1.23,4.33,False,False,197,-19,False
2025-12-15,,Cleveland Cavaliers,Charlotte Hornets,111,119,1.16,5.47,True,False,230,-8,False
2025-12-15,,Minnesota Timberwolves,Sacramento Kings,117,103,1.22,4.47,False,True,220,14,False
2025-12-15,,Brooklyn Nets,Milwaukee Bucks,127,82,2.03,1.83,False,True,209,45,False
2025-12-16,,Utah Jazz,Dallas Mavericks,140,133,1.99,1.85,True,True,273,7,False
2025-12-16,,Miami Heat,Toronto Raptors,96,106,1.5,2.68,False,False,202,-10,False
2025-12-16,,Los Angeles Clippers,Memphis Grizzlies,103,121,1.46,2.69,False,False,224,-18,False
2025-12-16,,Denver Nuggets,Houston Rockets,128,125,1.96,1.88,True,True,253,3,False
2025-12-16,,Boston Celtics,Detroit Pistons,105,112,1.81,2.04,False,False,217,-7,False
2025-12-18,,Minnesota Timberwolves,Memphis Grizzlies,110,116,1.36,3.24,False,False,226,-6,False
2025-12-18,,Chicago Bulls,Cleveland Cavaliers,127,111,2.77,1.47,False,True,238,16,False
2025-12-19,,Portland Trail Blazers,Sacramento Kings,134,133,1.29,3.73,True,True,267,1,False
2025-12-19,,Milwaukee Bucks,Toronto Raptors,105,111,2.51,1.55,False,False,216,-6,False
2025-12-19,,Denver Nuggets,Orlando Magic,126,115,1.38,3.12,False,True,241,11,False
2025-12-19,,Dallas Mavericks,Detroit Pistons,116,114,2.85,1.44,True,True,230,2,False
2025-12-19,,New Orleans Pelicans,Houston Rockets,133,128,4.21,1.24,True,True,261,5,False
2025-12-19,,Utah Jazz,Los Angeles Lakers,135,143,4.05,1.25,False,False,278,-8,False
2025-12-19,,San Antonio Spurs,Washington Wizards,119,94,1.08,8.21,False,True,213,25,False
2025-12-19,,Charlotte Hornets,Atlanta Hawks,133,126,2.57,1.53,False,True,259,7,False
2025-12-19,,Phoenix Suns,Golden State Warriors,99,98,2.09,1.77,False,True,197,1,False
2025-12-19,,Brooklyn Nets,Miami Heat,95,106,3.26,1.35,False,False,201,-11,False
2025-12-19,,Indiana Pacers,New York Knicks,113,114,2.43,1.59,False,False,227,-1,False
2025-12-19,,Oklahoma City Thunder,Los Angeles Clippers,122,101,1.07,9.78,False,True,223,21,False
2025-12-20,,New York Knicks,Philadelphia 76ers,107,116,1.4,3.02,False,False,223,-9,False
2025-12-20,,Boston Celtics,Miami Heat,129,116,1.34,3.36,False,True,245,13,False
2025-12-20,,Cleveland Cavaliers,Chicago Bulls,125,136,1.57,2.48,False,False,261,-11,False
2025-12-20,,Atlanta Hawks,San Antonio Spurs,98,126,2.37,1.61,False,False,224,-28,False
2025-12-20,,Minnesota Timberwolves,Oklahoma City Thunder,112,107,3.08,1.39,False,True,219,5,False
2025-12-21,,Los Angeles Clippers,Los Angeles Lakers,103,88,2.05,1.8,False,True,191,15,False
2025-12-21,,Utah Jazz,Orlando Magic,127,128,3.47,1.32,True,False,255,-1,False
2025-12-21,,Toronto Raptors,Boston Celtics,96,112,1.83,2.02,False,False,208,-16,False
2025-12-21,,Golden State Warriors,Phoenix Suns,119,116,1.43,2.9,False,True,235,3,False
2025-12-21,,Sacramento Kings,Portland Trail Blazers,93,98,2.46,1.57,False,False,191,-5,False
2025-12-21,,Detroit Pistons,Charlotte Hornets,112,86,1.2,4.7,False,True,198,26,False
2025-12-21,,Philadelphia 76ers,Dallas Mavericks,121,114,1.83,2.01,False,True,235,7,False
2025-12-21,,Denver Nuggets,Houston Rockets,101,115,1.97,1.87,False,False,216,-14,False
2025-12-21,,New Orleans Pelicans,Indiana Pacers,128,109,1.72,2.17,False,True,237,19,False
2025-12-21,,Memphis Grizzlies,Washington Wizards,122,130,1.14,5.65,False,False,252,-8,False
2025-12-22,,Minnesota Timberwolves,Milwaukee Bucks,103,100,1.16,5.54,False,True,203,3,False
2025-12-22,,Sacramento Kings,Houston Rockets,125,124,5.67,1.15,True,True,249,1,False
2025-12-22,,Washington Wizards,San Antonio Spurs,113,124,8.86,1.08,False,False,237,-11,False
2025-12-22,,New York Knicks,Miami Heat,132,125,1.34,3.36,False,True,257,7,False
2025-12-22,,Brooklyn Nets,Toronto Raptors,96,81,2.33,1.63,False,True,177,15,False
2025-12-22,,Atlanta Hawks,Chicago Bulls,150,152,1.56,2.47,False,False,302,-2,False
2025-12-23,,Boston Celtics,Indiana Pacers,103,95,1.15,5.58,False,True,198,8,False
2025-12-23,,Denver Nuggets,Utah Jazz,135,112,1.13,6.36,False,True,247,23,False
2025-12-23,,Cleveland Cavaliers,Charlotte Hornets,139,132,1.26,3.97,False,True,271,7,False
2025-12-23,,Oklahoma City Thunder,Memphis Grizzlies,119,103,1.08,8.2,False,True,222,16,False
2025-12-23,,Portland Trail Blazers,Detroit Pistons,102,110,2.97,1.41,False,False,212,-8,False
2025-12-23,,New Orleans Pelicans,Dallas Mavericks,119,113,1.95,1.88,False,True,232,6,False
2025-12-23,,Golden State Warriors,Orlando Magic,120,97,1.43,2.89,False,True,217,23,False
2025-12-24,,Atlanta Hawks,Chicago Bulls,123,126,1.63,2.32,False,False,249,-3,False
2025-12-24,,Phoenix Suns,Los Angeles Lakers,132,108,1.64,2.31,False,True,240,24,False
2025-12-24,,Los Angeles Clippers,Houston Rockets,128,108,3.35,1.34,False,True,236,20,False
2025-12-24,,Sacramento Kings,Detroit Pistons,127,136,4.19,1.24,False,False,263,-9,False
2025-12-24,,Portland Trail Blazers,Orlando Magic,106,110,2.02,1.83,False,False,216,-4,False
2025-12-24,,San Antonio Spurs,Oklahoma City Thunder,130,110,3.01,1.4,False,True,240,20,False
2025-12-24,,Dallas Mavericks,Denver Nuggets,131,130,3.0,1.4,False,True,261,1,False
2025-12-24,,Charlotte Hornets,Washington Wizards,126,109,1.39,3.05,False,True,235,17,False
2025-12-24,,Utah Jazz,Memphis Grizzlies,128,137,2.45,1.58,False,False,265,-9,False
2025-12-24,,Indiana Pacers,Milwaukee Bucks,94,111,2.03,1.82,False,False,205,-17,False
2025-12-24,,Miami Heat,Toronto Raptors,91,112,1.46,2.8,False,False,203,-21,False
2025-12-24,,Cleveland Cavaliers,New Orleans Pelicans,141,118,1.25,4.11,False,True,259,23,False
2025-12-24,,Minnesota Timberwolves,New York Knicks,115,104,1.36,3.25,False,True,219,11,False
2025-12-24,,Philadelphia 76ers,Brooklyn Nets,106,114,1.24,4.17,False,False,220,-8,False
2025-12-26,,Denver Nuggets,Minnesota Timberwolves,142,138,1.89,1.95,True,True,280,4,False
2025-12-26,,Los Angeles Lakers,Houston Rockets,96,119,2.13,1.75,False,False,215,-23,False
2025-12-26,,Oklahoma City Thunder,San Antonio Spurs,102,117,1.25,4.09,False,False,219,-15,False
2025-12-26,,New York Knicks,Cleveland Cavaliers,126,124,1.54,2.53,False,True,250,2,False
2025-12-26,,Golden State Warriors,Dallas Mavericks,126,116,1.3,3.62,False,True,242,10,False
2025-12-27,,Chicago Bulls,Philadelphia 76ers,109,102,2.05,1.8,False,True,211,7,False
2025-12-27,,Portland Trail Blazers,Los Angeles Clippers,103,119,2.16,1.72,False,False,222,-16,False
2025-12-27,,Indiana Pacers,Boston Celtics,122,140,3.68,1.29,False,False,262,-18,False
2025-12-27,,Atlanta Hawks,Miami Heat,111,126,1.65,2.28,False,False,237,-15,False
2025-12-27,,Orlando Magic,Charlotte Hornets,105,120,1.43,2.9,False,False,225,-15,False
2025-12-27,,New Orleans Pelicans,Phoenix Suns,108,115,2.67,1.49,False,False,223,-7,False
2025-12-27,,Memphis Grizzlies,Milwaukee Bucks,125,104,1.49,2.68,False,True,229,21,False
2025-12-27,,Utah Jazz,Detroit Pistons,131,129,4.15,1.24,False,True,260,2,False
2025-12-27,,Washington Wizards,Toronto Raptors,138,117,3.71,1.29,False,True,255,21,False
2025-12-28,,San Antonio Spurs,Utah Jazz,114,127,1.11,6.84,False,False,241,-13,False
2025-12-28,,Chicago Bulls,Milwaukee Bucks,103,112,1.75,2.11,False,False,215,-9,False
2025-12-28,,Atlanta Hawks,New York Knicks,125,128,2.87,1.43,False,False,253,-3,False
2025-12-28,,Minnesota Timberwolves,Brooklyn Nets,107,123,1.15,5.69,False,False,230,-16,False
2025-12-28,,Sacramento Kings,Dallas Mavericks,113,107,2.25,1.67,False,True,220,6,False
2025-12-28,,Miami Heat,Indiana Pacers,142,116,1.37,3.13,False,True,258,26,False
2025-12-28,,Orlando Magic,Denver Nuggets,127,126,2.37,1.6,False,True,253,1,False
2025-12-28,,New Orleans Pelicans,Phoenix Suns,114,123,2.52,1.54,False,False,237,-9,False
2025-12-28,,Houston Rockets,Cleveland Cavaliers,117,100,1.73,2.14,False,True,217,17,False
2025-12-29,,Oklahoma City Thunder,Philadelphia 76ers,129,104,1.11,7.0,False,True,233,25,False
2025-12-29,,Toronto Raptors,Golden State Warriors,141,127,2.52,1.54,True,True,268,14,False
2025-12-29,,Washington Wizards,Memphis Grizzlies,116,112,3.39,1.33,False,True,228,4,False
2025-12-29,,Portland Trail Blazers,Boston Celtics,114,108,3.14,1.37,False,True,222,6,False
2025-12-29,,Los Angeles Clippers,Detroit Pistons,112,99,2.33,1.62,False,True,211,13,False
2025-12-29,,Los Angeles Lakers,Sacramento Kings,125,101,1.17,5.21,False,True,226,24,False
2025-12-30,,Miami Heat,Denver Nuggets,147,123,2.05,1.8,False,True,270,24,False
2025-12-30,,Portland Trail Blazers,Dallas Mavericks,125,122,1.72,2.16,False,True,247,3,False
2025-12-30,,Chicago Bulls,Minnesota Timberwolves,101,136,2.85,1.44,False,False,237,-35,False
2025-12-30,,San Antonio Spurs,Cleveland Cavaliers,101,113,1.64,2.31,False,False,214,-12,False
2025-12-30,,Houston Rockets,Indiana Pacers,126,119,1.13,6.22,False,True,245,7,False
2025-12-30,,Washington Wizards,Phoenix Suns,101,115,4.55,1.21,False,False,216,-14,False
2025-12-30,,Brooklyn Nets,Golden State Warriors,107,120,2.92,1.42,False,False,227,-13,False
2025-12-30,,Toronto Raptors,Orlando Magic,107,106,2.01,1.83,False,True,213,1,False
2025-12-30,,Charlotte Hornets,Milwaukee Bucks,113,123,2.28,1.65,False,False,236,-10,False
2025-12-30,,New Orleans Pelicans,New York Knicks,125,130,3.69,1.29,False,False,255,-5,False
2025-12-30,,Oklahoma City Thunder,Atlanta Hawks,140,129,1.08,8.68,False,True,269,11,False
2025-12-31,,Los Angeles Lakers,Detroit Pistons,106,128,2.2,1.7,False,False,234,-22,False
2025-12-31,,Los Angeles Clippers,Sacramento Kings,131,90,1.24,4.12,False,True,221,41,False
2025-12-31,,Memphis Grizzlies,Philadelphia 76ers,136,139,1.97,1.87,True,False,275,-3,False
2025-12-31,,Utah Jazz,Boston Celtics,119,129,3.35,1.34,False,False,248,-10,False
2026-01-01,,Charlotte Hornets,Golden State Warriors,125,132,3.36,1.34,False,False,257,-7,False
2026-01-01,,San Antonio Spurs,New York Knicks,134,132,1.62,2.33,False,True,266,2,False
2026-01-01,,Oklahoma City Thunder,Portland Trail Blazers,124,95,1.09,8.01,False,True,219,29,False
2026-01-01,,Toronto Raptors,Denver Nuggets,103,106,1.37,3.14,False,False,209,-3,False
2026-01-01,,Chicago Bulls,New Orleans Pelicans,134,118,1.8,2.04,False,True,252,16,False
2026-01-01,,Milwaukee Bucks,Washington Wizards,113,114,1.19,4.81,False,False,227,-1,False
2026-01-01,,Cleveland Cavaliers,Phoenix Suns,129,113,1.38,3.11,False,True,242,16,False
2026-01-01,,Atlanta Hawks,Minnesota Timberwolves,126,102,2.84,1.44,False,True,228,24,False
2026-01-01,,Indiana Pacers,Orlando Magic,110,112,2.51,1.55,False,False,222,-2,False
2026-01-02,,Brooklyn Nets,Houston Rockets,96,120,5.62,1.15,False,False,216,-24,False
2026-01-02,,Detroit Pistons,Miami Heat,112,118,1.52,2.59,False,False,230,-6,False
2026-01-02,,Dallas Mavericks,Philadelphia 76ers,108,123,2.16,1.72,False,False,231,-15,False
2026-01-02,,Sacramento Kings,Boston Celtics,106,120,4.4,1.22,False,False,226,-14,False
2026-01-02,,Los Angeles Clippers,Utah Jazz,118,101,1.12,6.51,False,True,219,17,False
2026-01-03,,New Orleans Pelicans,Portland Trail Blazers,109,122,2.35,1.62,False,False,231,-13,False
2026-01-03,,Milwaukee Bucks,Charlotte Hornets,122,121,1.43,2.9,False,True,243,1,False
2026-01-03,,Phoenix Suns,Sacramento Kings,129,102,1.13,6.37,False,True,231,27,False
2026-01-03,,Los Angeles Lakers,Memphis Grizzlies,128,121,1.5,2.66,False,True,249,7,False
2026-01-03,,Golden State Warriors,Oklahoma City Thunder,94,131,6.0,1.14,False,False,225,-37,False
2026-01-03,,Washington Wizards,Brooklyn Nets,119,99,1.66,2.27,False,True,218,20,False
2026-01-03,,Cleveland Cavaliers,Denver Nuggets,113,108,1.12,6.6,False,True,221,5,False
2026-01-03,,New York Knicks,Atlanta Hawks,99,111,1.48,2.72,False,False,210,-12,False
2026-01-03,,Chicago Bulls,Orlando Magic,121,114,2.66,1.5,False,True,235,7,False
2026-01-03,,Indiana Pacers,San Antonio Spurs,113,123,2.69,1.49,False,False,236,-10,False
2026-01-04,,Miami Heat,Minnesota Timberwolves,115,125,2.18,1.71,False,False,240,-10,False
2026-01-04,,New York Knicks,Philadelphia 76ers,119,130,1.6,2.39,False,False,249,-11,False
2026-01-04,,Toronto Raptors,Atlanta Hawks,134,117,1.53,2.57,False,True,251,17,False
2026-01-04,,San Antonio Spurs,Portland Trail Blazers,110,115,1.31,3.54,False,False,225,-5,False
2026-01-04,,Chicago Bulls,Charlotte Hornets,99,112,1.81,2.04,False,False,211,-13,False
2026-01-04,,Dallas Mavericks,Houston Rockets,110,104,3.5,1.31,False,True,214,6,False
2026-01-04,,Golden State Warriors,Utah Jazz,123,114,1.17,5.27,False,True,237,9,False
2026-01-04,,Los Angeles Clippers,Boston Celtics,115,146,1.82,2.02,False,False,261,-31,False
2026-01-05,,Sacramento Kings,Milwaukee Bucks,98,115,3.0,1.4,False,False,213,-17,False
2026-01-05,,Miami Heat,New Orleans Pelicans,125,106,1.31,3.53,False,True,231,19,False
2026-01-05,,Los Angeles Lakers,Memphis Grizzlies,120,114,1.44,2.85,False,True,234,6,False
2026-01-05,,Brooklyn Nets,Denver Nuggets,127,115,2.17,1.71,False,True,242,12,False
2026-01-05,,Washington Wizards,Minnesota Timberwolves,115,141,4.62,1.21,False,False,256,-26,False
2026-01-05,,Cleveland Cavaliers,Detroit Pistons,110,114,1.64,2.31,False,False,224,-4,False
2026-01-05,,Phoenix Suns,Oklahoma City Thunder,108,105,4.17,1.24,False,True,213,3,False
2026-01-05,,Orlando Magic,Indiana Pacers,135,127,1.4,3.02,False,True,262,8,False
2026-01-06,,Detroit Pistons,New York Knicks,121,90,2.01,1.83,False,True,211,31,False
2026-01-06,,Boston Celtics,Chicago Bulls,115,101,1.21,4.48,False,True,216,14,False
2026-01-06,,Toronto Raptors,Atlanta Hawks,118,100,1.7,2.19,False,True,218,18,False
2026-01-06,,Houston Rockets,Phoenix Suns,100,97,1.31,3.52,False,True,197,3,False
2026-01-06,,Oklahoma City Thunder,Charlotte Hornets,97,124,1.08,8.12,False,False,221,-27,False
2026-01-06,,Portland Trail Blazers,Utah Jazz,137,117,1.44,2.83,False,True,254,20,False
2026-01-06,,Los Angeles Clippers,Golden State Warriors,103,102,2.33,1.63,False,True,205,1,False
2026-01-06,,Philadelphia 76ers,Denver Nuggets,124,125,1.1,7.48,True,False,249,-1,False
2026-01-07,,Sacramento Kings,Dallas Mavericks,98,100,2.6,1.51,False,False,198,-2,False
2026-01-07,,Washington Wizards,Orlando Magic,120,112,3.37,1.33,False,True,232,8,False
2026-01-07,,Indiana Pacers,Cleveland Cavaliers,116,120,2.91,1.4,False,False,236,-4,False
2026-01-07,,Minnesota Timberwolves,Miami Heat,122,94,1.48,2.71,False,True,216,28,False
2026-01-07,,Memphis Grizzlies,San Antonio Spurs,106,105,2.9,1.42,False,True,211,1,False
2026-01-07,,New Orleans Pelicans,Los Angeles Lakers,103,111,2.85,1.43,False,False,214,-8,False
2026-01-08,,Portland Trail Blazers,Houston Rockets,103,102,3.19,1.36,False,True,205,1,False
2026-01-08,,Atlanta Hawks,New Orleans Pelicans,117,100,1.21,4.57,False,True,217,17,False
2026-01-08,,New York Knicks,Los Angeles Clippers,123,111,1.5,2.62,False,True,234,12,False
2026-01-08,,Golden State Warriors,Milwaukee Bucks,120,113,1.4,2.99,False,True,233,7,False
2026-01-08,,San Antonio Spurs,Los Angeles Lakers,107,91,1.3,3.57,False,True,198,16,False
2026-01-08,,Memphis Grizzlies,Phoenix Suns,98,117,2.81,1.45,False,False,215,-19,False
2026-01-08,,Brooklyn Nets,Orlando Magic,103,104,2.09,1.76,True,False,207,-1,False
2026-01-08,,Charlotte Hornets,Toronto Raptors,96,97,2.16,1.72,False,False,193,-1,False
2026-01-08,,Boston Celtics,Denver Nuggets,110,114,1.26,3.96,False,False,224,-4,False
2026-01-08,,Philadelphia 76ers,Washington Wizards,131,110,1.1,7.29,False,True,241,21,False
2026-01-08,,Detroit Pistons,Chicago Bulls,108,93,1.3,3.56,False,True,201,15,False
2026-01-08,,Oklahoma City Thunder,Utah Jazz,129,125,1.08,8.15,True,True,254,4,False
2026-01-09,,Charlotte Hornets,Indiana Pacers,112,114,1.53,2.55,False,False,226,-2,False
2026-01-09,,Minnesota Timberwolves,Cleveland Cavaliers,131,122,1.67,2.23,False,True,253,9,False
2026-01-09,,Utah Jazz,Dallas Mavericks,116,114,2.58,1.52,False,True,230,2,False
2026-01-10,,Memphis Grizzlies,Oklahoma City Thunder,116,117,2.78,1.46,False,False,233,-1,False
2026-01-10,,Los Angeles Lakers,Milwaukee Bucks,101,105,1.62,2.32,False,False,206,-4,False
2026-01-10,,Golden State Warriors,Sacramento Kings,137,103,1.12,6.45,False,True,240,34,False
2026-01-10,,Portland Trail Blazers,Houston Rockets,111,105,3.07,1.38,False,True,216,6,False
2026-01-10,,Denver Nuggets,Atlanta Hawks,87,110,2.21,1.67,False,False,197,-23,False
2026-01-10,,Boston Celtics,Toronto Raptors,125,117,1.26,3.97,False,True,242,8,False
2026-01-10,,Washington Wizards,New Orleans Pelicans,107,128,2.23,1.67,False,False,235,-21,False
2026-01-10,,Orlando Magic,Philadelphia 76ers,91,103,2.25,1.62,False,False,194,-12,False
2026-01-10,,Phoenix Suns,New York Knicks,112,107,2.01,1.82,False,True,219,5,False
2026-01-10,,Brooklyn Nets,Los Angeles Clippers,105,121,2.74,1.46,False,False,226,-16,False
2026-01-11,,Boston Celtics,San Antonio Spurs,95,100,1.96,1.87,False,False,195,-5,False
2026-01-11,,Chicago Bulls,Dallas Mavericks,125,107,1.62,2.33,False,True,232,18,False
2026-01-11,,Utah Jazz,Charlotte Hornets,95,150,2.71,1.48,False,False,245,-55,False
2026-01-11,,Indiana Pacers,Miami Heat,123,99,3.05,1.39,False,True,222,24,False
2026-01-11,,Cleveland Cavaliers,Minnesota Timberwolves,146,134,1.71,2.17,False,True,280,12,False
2026-01-11,,Detroit Pistons,Los Angeles Clippers,92,98,1.83,2.01,False,False,190,-6,False
2026-01-12,,Sacramento Kings,Houston Rockets,111,98,6.54,1.12,False,True,209,13,False
2026-01-12,,Golden State Warriors,Atlanta Hawks,111,124,1.38,3.09,False,False,235,-13,False
2026-01-12,,Phoenix Suns,Washington Wizards,112,93,1.1,7.38,False,True,205,19,False
2026-01-12,,Oklahoma City Thunder,Miami Heat,124,112,1.11,6.93,False,True,236,12,False
2026-01-12,,Denver Nuggets,Milwaukee Bucks,108,104,2.71,1.47,False,True,212,4,False
2026-01-12,,Portland Trail Blazers,New York Knicks,114,123,2.8,1.45,False,False,237,-9,False
2026-01-12,,Toronto Raptors,Philadelphia 76ers,116,115,2.09,1.76,True,True,231,1,False
2026-01-12,,Minnesota Timberwolves,San Antonio Spurs,104,103,1.72,2.15,False,True,207,1,False
2026-01-12,,Orlando Magic,New Orleans Pelicans,128,118,1.37,3.12,False,True,246,10,False
2026-01-12,,Memphis Grizzlies,Brooklyn Nets,103,98,1.34,3.32,False,True,201,5,False
2026-01-13,,Cleveland Cavaliers,Utah Jazz,112,123,1.16,5.25,False,False,235,-11,False
2026-01-13,,Toronto Raptors,Philadelphia 76ers,102,115,2.3,1.63,False,False,217,-13,False
2026-01-13,,Indiana Pacers,Boston Celtics,98,96,2.68,1.48,False,True,194,2,False
2026-01-13,,Dallas Mavericks,Brooklyn Nets,113,105,1.61,2.35,False,True,218,8,False
2026-01-13,,Sacramento Kings,Los Angeles Lakers,124,112,3.96,1.26,False,True,236,12,False
2026-01-13,,Los Angeles Clippers,Charlotte Hornets,117,109,1.5,2.65,False,True,226,8,False
2026-01-14,,Houston Rockets,Chicago Bulls,119,113,1.17,5.15,False,True,232,6,False
2026-01-14,,Los Angeles Lakers,Atlanta Hawks,141,116,1.85,1.97,False,True,257,25,False
2026-01-14,,Golden State Warriors,Portland Trail Blazers,119,97,1.2,4.65,False,True,216,22,False
2026-01-14,,Milwaukee Bucks,Minnesota Timberwolves,106,139,1.78,2.06,False,False,245,-33,False
2026-01-14,,New Orleans Pelicans,Denver Nuggets,116,122,2.16,1.71,False,False,238,-6,False
2026-01-14,,Oklahoma City Thunder,San Antonio Spurs,119,98,1.31,3.53,False,True,217,21,False
2026-01-14,,Miami Heat,Phoenix Suns,127,121,1.83,2.0,False,True,248,6,False
2026-01-15,,Indiana Pacers,Toronto Raptors,101,115,1.82,2.01,False,False,216,-14,False
2026-01-15,,Philadelphia 76ers,Cleveland Cavaliers,107,133,1.87,1.96,False,False,240,-26,False
2026-01-15,,Chicago Bulls,Utah Jazz,128,126,1.45,2.79,False,True,254,2,False
2026-01-15,,New Orleans Pelicans,Brooklyn Nets,116,113,1.86,1.97,False,True,229,3,False
2026-01-15,,Dallas Mavericks,Denver Nuggets,109,118,1.8,2.04,False,False,227,-9,False
2026-01-15,,Sacramento Kings,New York Knicks,112,101,4.6,1.2,False,True,213,11,False
2026-01-15,,Los Angeles Clippers,Washington Wizards,119,105,1.18,4.95,False,True,224,14,False
2026-01-16,,San Antonio Spurs,Milwaukee Bucks,119,101,1.38,3.1,False,True,220,18,False
2026-01-16,,Houston Rockets,Oklahoma City Thunder,91,111,2.46,1.56,False,False,202,-20,False
2026-01-16,,Golden State Warriors,New York Knicks,126,113,1.36,3.2,False,True,239,13,False
2026-01-16,,Dallas Mavericks,Utah Jazz,144,122,1.72,2.15,False,True,266,22,False
2026-01-16,,Los Angeles Lakers,Charlotte Hornets,117,135,1.62,2.33,False,False,252,-18,False
2026-01-16,,Portland Trail Blazers,Atlanta Hawks,117,101,2.4,1.59,False,True,218,16,False
2026-01-16,,Detroit Pistons,Phoenix Suns,108,105,1.35,3.24,False,True,213,3,False
2026-01-16,,Orlando Magic,Memphis Grizzlies,118,111,1.46,2.76,False,True,229,7,False
2026-01-16,,Miami Heat,Boston Celtics,114,119,2.22,1.67,False,False,233,-5,False
2026-01-17,,Houston Rockets,Minnesota Timberwolves,110,105,1.59,2.41,False,True,215,5,False
2026-01-17,,Sacramento Kings,Washington Wizards,128,115,1.35,3.26,False,True,243,13,False
2026-01-17,,Brooklyn Nets,Chicago Bulls,112,109,1.88,1.95,False,True,221,3,False
2026-01-17,,Indiana Pacers,New Orleans Pelicans,127,119,1.53,2.55,False,True,246,8,False
2026-01-17,,Philadelphia 76ers,Cleveland Cavaliers,115,117,1.73,2.14,False,False,232,-2,False
2026-01-17,,Toronto Raptors,Los Angeles Clippers,117,121,1.73,2.13,True,False,238,-4,False
2026-01-18,,Dallas Mavericks,Utah Jazz,138,120,1.64,2.29,False,True,258,18,False
2026-01-18,,Denver Nuggets,Washington Wizards,121,115,1.2,4.62,False,True,236,6,False
2026-01-18,,Golden State Warriors,Charlotte Hornets,136,116,1.32,3.32,False,True,252,20,False
2026-01-18,,San Antonio Spurs,Minnesota Timberwolves,126,123,1.51,2.59,False,True,249,3,False
2026-01-18,,Miami Heat,Oklahoma City Thunder,122,120,4.75,1.19,False,True,242,2,False
2026-01-18,,Atlanta Hawks,Boston Celtics,106,132,2.33,1.62,False,False,238,-26,False
2026-01-18,,Detroit Pistons,Indiana Pacers,121,78,1.08,7.3,False,True,199,43,False
2026-01-18,,New York Knicks,Phoenix Suns,99,106,1.86,1.96,False,False,205,-7,False
2026-01-18,,Portland Trail Blazers,Los Angeles Lakers,132,116,1.66,2.25,False,True,248,16,False
2026-01-19,,Houston Rockets,New Orleans Pelicans,119,110,1.11,6.94,False,True,229,9,False
2026-01-19,,Chicago Bulls,Brooklyn Nets,124,102,1.37,3.13,False,True,226,22,False
2026-01-19,,Denver Nuggets,Charlotte Hornets,87,110,2.13,1.73,False,False,197,-23,False
2026-01-19,,Sacramento Kings,Portland Trail Blazers,110,117,1.87,1.97,False,False,227,-7,False
2026-01-19,,Los Angeles Lakers,Toronto Raptors,110,93,1.72,2.15,False,True,203,17,False
2026-01-19,,Memphis Grizzlies,Orlando Magic,126,109,2.3,1.64,False,True,235,17,False
2026-01-20,,Atlanta Hawks,Milwaukee Bucks,110,112,1.8,2.04,False,False,222,-2,False
2026-01-20,,Cleveland Cavaliers,Oklahoma City Thunder,104,136,2.82,1.44,False,False,240,-32,False
2026-01-20,,Philadelphia 76ers,Indiana Pacers,113,104,1.39,3.04,False,True,217,9,False
2026-01-20,,San Antonio Spurs,Utah Jazz,123,110,1.09,8.07,False,True,233,13,False
2026-01-20,,Detroit Pistons,Boston Celtics,104,103,1.71,2.17,False,True,207,1,False
2026-01-20,,Brooklyn Nets,Phoenix Suns,117,126,4.12,1.24,False,False,243,-9,False
2026-01-20,,New York Knicks,Dallas Mavericks,97,114,1.18,5.03,False,False,211,-17,False
2026-01-20,,Washington Wizards,Los Angeles Clippers,106,110,3.19,1.36,False,False,216,-4,False
2026-01-20,,Golden State Warriors,Miami Heat,135,112,1.49,2.66,False,True,247,23,False
2026-01-21,,Golden State Warriors,Toronto Raptors,127,145,1.58,2.41,False,False,272,-18,False
2026-01-21,,Sacramento Kings,Miami Heat,117,130,2.47,1.56,False,False,247,-13,False
2026-01-21,,Denver Nuggets,Los Angeles Lakers,107,115,2.27,1.65,False,False,222,-8,False
2026-01-21,,Chicago Bulls,Los Angeles Clippers,138,110,1.7,2.17,False,True,248,28,False
2026-01-21,,Houston Rockets,San Antonio Spurs,111,106,1.56,2.46,False,True,217,5,False
2026-01-21,,Philadelphia 76ers,Phoenix Suns,110,116,2.16,1.72,False,False,226,-6,False
2026-01-21,,Utah Jazz,Minnesota Timberwolves,127,122,5.77,1.14,False,True,249,5,False
2026-01-22,,New Orleans Pelicans,Detroit Pistons,104,112,3.27,1.34,False,False,216,-8,False
2026-01-22,,New York Knicks,Brooklyn Nets,120,66,1.15,5.67,False,True,186,54,False
2026-01-22,,Boston Celtics,Indiana Pacers,119,104,1.2,4.6,False,True,223,15,False
2026-01-22,,Sacramento Kings,Toronto Raptors,109,122,2.72,1.47,False,False,231,-13,False
2026-01-22,,Memphis Grizzlies,Atlanta Hawks,122,124,1.85,1.97,False,False,246,-2,False
2026-01-22,,Milwaukee Bucks,Oklahoma City Thunder,102,122,5.15,1.17,False,False,224,-20,False
2026-01-22,,Charlotte Hornets,Cleveland Cavaliers,87,94,2.35,1.61,False,False,181,-7,False
2026-01-23,,Portland Trail Blazers,Miami Heat,127,110,1.64,2.28,False,True,237,17,False
2026-01-23,,Dallas Mavericks,Golden State Warriors,123,115,3.01,1.4,False,True,238,8,False
2026-01-23,,Los Angeles Clippers,Los Angeles Lakers,112,104,1.72,2.14,False,True,216,8,False
2026-01-23,,Utah Jazz,San Antonio Spurs,109,126,5.57,1.15,False,False,235,-17,False
2026-01-23,,Orlando Magic,Charlotte Hornets,97,124,1.58,2.42,False,False,221,-27,False
2026-01-23,,Minnesota Timberwolves,Chicago Bulls,115,120,1.25,4.01,False,False,235,-5,False
2026-01-23,,Washington Wizards,Denver Nuggets,97,107,3.02,1.4,False,False,204,-10,False
2026-01-23,,Philadelphia 76ers,Houston Rockets,128,122,2.11,1.74,True,True,250,6,False
2026-01-24,,Memphis Grizzlies,New Orleans Pelicans,127,133,1.48,2.69,False,False,260,-6,False
2026-01-24,,Brooklyn Nets,Boston Celtics,126,130,3.75,1.28,True,False,256,-4,False
2026-01-24,,Portland Trail Blazers,Toronto Raptors,98,110,2.37,1.61,False,False,208,-12,False
2026-01-24,,Milwaukee Bucks,Denver Nuggets,100,102,1.3,3.57,False,False,202,-2,False
2026-01-24,,Atlanta Hawks,Phoenix Suns,110,103,2.25,1.66,False,True,213,7,False
2026-01-24,,Oklahoma City Thunder,Indiana Pacers,114,117,1.09,7.76,False,False,231,-3,False
2026-01-24,,Detroit Pistons,Houston Rockets,104,111,1.56,2.47,False,False,215,-7,False
2026-01-24,,Cleveland Cavaliers,Sacramento Kings,123,118,1.16,5.52,False,True,241,5,False
2026-01-25,,Orlando Magic,Cleveland Cavaliers,105,119,1.85,1.97,False,False,224,-14,False
2026-01-25,,Chicago Bulls,Boston Celtics,114,111,2.3,1.63,False,True,225,3,False
2026-01-25,,Utah Jazz,Miami Heat,116,147,3.07,1.38,False,False,263,-31,False
2026-01-25,,Charlotte Hornets,Washington Wizards,119,115,1.18,5.06,False,True,234,4,False
2026-01-25,,Philadelphia 76ers,New York Knicks,109,112,1.91,1.91,False,False,221,-3,False
2026-01-25,,Dallas Mavericks,Los Angeles Lakers,110,116,2.43,1.58,False,False,226,-6,False
2026-01-26,,Los Angeles Clippers,Brooklyn Nets,126,89,1.22,4.33,False,True,215,37,False
2026-01-26,,Phoenix Suns,Miami Heat,102,111,1.53,2.54,False,False,213,-9,False
2026-01-26,,Detroit Pistons,Sacramento Kings,139,116,1.14,5.82,False,True,255,23,False
2026-01-26,,Oklahoma City Thunder,Toronto Raptors,101,103,1.18,5.0,False,False,204,-2,False
2026-01-26,,Minnesota Timberwolves,Golden State Warriors,85,111,1.47,2.75,False,False,196,-26,False
2026-01-26,,San Antonio Spurs,New Orleans Pelicans,95,104,1.17,5.1,False,False,199,-9,False
2026-01-27,,Atlanta Hawks,Indiana Pacers,132,116,1.46,2.78,False,True,248,16,False
2026-01-27,,Charlotte Hornets,Philadelphia 76ers,130,93,1.77,2.08,False,True,223,37,False
2026-01-27,,Cleveland Cavaliers,Orlando Magic,114,98,1.47,2.74,False,True,212,16,False
2026-01-27,,Houston Rockets,Memphis Grizzlies,108,99,1.19,4.88,False,True,207,9,False
2026-01-27,,Chicago Bulls,Los Angeles Lakers,118,129,2.03,1.81,False,False,247,-11,False
2026-01-27,,Boston Celtics,Portland Trail Blazers,102,94,1.29,3.69,False,True,196,8,False
2026-01-27,,Minnesota Timberwolves,Golden State Warriors,108,83,1.32,3.46,False,True,191,25,False
2026-01-28,,New York Knicks,Sacramento Kings,103,87,1.11,6.87,False,True,190,16,False
2026-01-28,,Phoenix Suns,Brooklyn Nets,106,102,1.3,3.62,False,True,208,4,False
2026-01-28,,Denver Nuggets,Detroit Pistons,107,109,3.21,1.36,False,False,216,-2,False
2026-01-28,,Philadelphia 76ers,Milwaukee Bucks,139,122,1.24,4.2,False,True,261,17,False
2026-01-28,,Oklahoma City Thunder,New Orleans Pelicans,104,95,1.11,6.9,False,True,199,9,False
2026-01-28,,Washington Wizards,Portland Trail Blazers,115,111,3.09,1.38,False,True,226,4,False
2026-01-28,,Utah Jazz,Los Angeles Clippers,103,115,3.63,1.29,False,False,218,-12,False
2026-01-29,,Memphis Grizzlies,Charlotte Hornets,97,112,2.09,1.76,False,False,209,-15,False
2026-01-29,,Dallas Mavericks,Minnesota Timberwolves,105,118,3.56,1.31,False,False,223,-13,False
2026-01-29,,Houston Rockets,San Antonio Spurs,99,111,1.68,2.22,False,False,210,-12,False
2026-01-29,,Miami Heat,Orlando Magic,124,133,1.64,2.3,False,False,257,-9,False
2026-01-29,,Utah Jazz,Golden State Warriors,124,140,3.48,1.32,False,False,264,-16,False
2026-01-29,,Indiana Pacers,Chicago Bulls,113,110,2.07,1.78,False,True,223,3,False
2026-01-29,,Cleveland Cavaliers,Los Angeles Lakers,129,99,1.6,2.38,False,True,228,30,False
2026-01-29,,Boston Celtics,Atlanta Hawks,106,117,1.47,2.73,False,False,223,-11,False
2026-01-29,,Toronto Raptors,New York Knicks,92,119,1.77,2.09,False,False,211,-27,False
2026-01-30,,Philadelphia 76ers,Sacramento Kings,113,111,1.22,4.47,False,True,224,2,False
2026-01-30,,Washington Wizards,Milwaukee Bucks,109,99,2.09,1.76,False,True,208,10,False
2026-01-30,,Chicago Bulls,Miami Heat,113,116,2.12,1.74,False,False,229,-3,False
2026-01-30,,Atlanta Hawks,Houston Rockets,86,104,2.99,1.41,False,False,190,-18,False
2026-01-30,,Dallas Mavericks,Charlotte Hornets,121,123,2.29,1.64,False,False,244,-2,False
2026-01-30,,Phoenix Suns,Detroit Pistons,114,96,2.31,1.63,False,True,210,18,False
2026-01-30,,Denver Nuggets,Brooklyn Nets,107,103,1.39,3.07,False,True,210,4,False
2026-01-30,,Minnesota Timberwolves,Oklahoma City Thunder,123,111,2.71,1.48,False,True,234,12,False
2026-01-31,,Phoenix Suns,Cleveland Cavaliers,126,113,2.07,1.77,False,True,239,13,False
2026-01-31,,Utah Jazz,Brooklyn Nets,99,109,1.6,2.36,False,False,208,-10,False
2026-01-31,,Denver Nuggets,Los Angeles Clippers,122,109,2.15,1.72,False,True,231,13,False
2026-01-31,,Golden State Warriors,Detroit Pistons,124,131,1.74,2.13,False,False,255,-7,False
2026-01-31,,New Orleans Pelicans,Memphis Grizzlies,114,106,1.65,2.28,False,True,220,8,False
2026-01-31,,Washington Wizards,Los Angeles Lakers,111,142,4.56,1.21,False,False,253,-31,False
2026-01-31,,Boston Celtics,Sacramento Kings,112,93,1.18,5.05,False,True,205,19,False
2026-01-31,,New York Knicks,Portland Trail Blazers,127,97,1.38,3.11,False,True,224,30,False
2026-01-31,,Orlando Magic,Toronto Raptors,130,120,1.72,2.15,False,True,250,10,False
2026-02-01,,Memphis Grizzlies,Minnesota Timberwolves,114,131,4.79,1.19,False,False,245,-17,False
2026-02-01,,Indiana Pacers,Atlanta Hawks,129,124,2.02,1.81,False,True,253,5,False
2026-02-01,,Philadelphia 76ers,New Orleans Pelicans,124,114,1.44,2.84,False,True,238,10,False
2026-02-01,,Charlotte Hornets,San Antonio Spurs,111,106,2.39,1.59,False,True,217,5,False
2026-02-01,,Miami Heat,Chicago Bulls,118,125,1.46,2.78,False,False,243,-7,False
2026-02-01,,Houston Rockets,Dallas Mavericks,111,107,1.22,4.38,False,True,218,4,False
2026-02-02,,Phoenix Suns,Los Angeles Clippers,93,117,1.65,2.27,False,False,210,-24,False
2026-02-02,,Boston Celtics,Milwaukee Bucks,107,79,1.15,5.57,False,True,186,28,False
2026-02-02,,Washington Wizards,Sacramento Kings,116,112,2.04,1.81,False,True,228,4,False
2026-02-02,,Portland Trail Blazers,Cleveland Cavaliers,111,130,2.45,1.57,False,False,241,-19,False
2026-02-02,,Miami Heat,Chicago Bulls,134,91,1.46,2.77,False,True,225,43,False
2026-02-02,,New York Knicks,Los Angeles Lakers,112,100,1.43,2.87,False,True,212,12,False
2026-02-02,,San Antonio Spurs,Orlando Magic,112,103,1.5,2.65,False,True,215,9,False
2026-02-02,,Toronto Raptors,Utah Jazz,107,100,1.23,4.31,False,True,207,7,False
2026-02-02,,Detroit Pistons,Brooklyn Nets,130,77,1.14,6.04,False,True,207,53,False
2026-02-02,,Denver Nuggets,Oklahoma City Thunder,111,121,2.97,1.41,False,False,232,-10,False
2026-02-03,,Charlotte Hornets,New Orleans Pelicans,102,95,1.38,3.11,False,True,197,7,False
2026-02-03,,Indiana Pacers,Houston Rockets,114,118,3.05,1.39,False,False,232,-4,False
2026-02-03,,Los Angeles Clippers,Philadelphia 76ers,113,128,2.0,1.84,False,False,241,-15,False
2026-02-03,,Memphis Grizzlies,Minnesota Timberwolves,137,128,3.37,1.33,False,True,265,9,False
2026-02-04,,Milwaukee Bucks,Chicago Bulls,131,115,2.0,1.83,False,True,246,16,False
2026-02-04,,Dallas Mavericks,Boston Celtics,100,110,3.15,1.37,False,False,210,-10,False
2026-02-04,,Oklahoma City Thunder,Orlando Magic,128,92,1.19,4.82,False,True,220,36,False
2026-02-04,,Brooklyn Nets,Los Angeles Lakers,109,125,3.59,1.3,False,False,234,-16,False
2026-02-04,,Portland Trail Blazers,Phoenix Suns,125,130,2.27,1.65,False,False,255,-5,False
2026-02-04,,Washington Wizards,New York Knicks,101,132,5.58,1.15,False,False,233,-31,False
2026-02-04,,Detroit Pistons,Denver Nuggets,124,121,1.49,2.67,False,True,245,3,False
2026-02-04,,Miami Heat,Atlanta Hawks,115,127,1.84,1.98,False,False,242,-12,False
2026-02-04,,Indiana Pacers,Utah Jazz,122,131,2.21,1.69,False,False,253,-9,False
2026-02-04,,Golden State Warriors,Philadelphia 76ers,94,113,1.51,2.59,False,False,207,-19,False
2026-02-05,,San Antonio Spurs,Oklahoma City Thunder,116,106,1.24,4.19,False,True,222,10,False
2026-02-05,,Sacramento Kings,Memphis Grizzlies,125,129,1.69,2.21,False,False,254,-4,False
2026-02-05,,New York Knicks,Denver Nuggets,134,127,1.52,2.58,True,True,261,7,False
2026-02-05,,Toronto Raptors,Minnesota Timberwolves,126,128,2.18,1.71,False,False,254,-2,False
2026-02-05,,Milwaukee Bucks,New Orleans Pelicans,141,137,2.56,1.53,True,True,278,4,False
2026-02-05,,Houston Rockets,Boston Celtics,93,114,1.33,3.4,False,False,207,-21,False
2026-02-05,,Los Angeles Clippers,Cleveland Cavaliers,91,124,2.24,1.67,False,False,215,-33,False
2026-02-06,,Phoenix Suns,Golden State Warriors,97,101,1.46,2.79,False,False,198,-4,False
2026-02-06,,Los Angeles Lakers,Philadelphia 76ers,119,115,1.73,2.15,False,True,234,4,False
2026-02-06,,Dallas Mavericks,San Antonio Spurs,123,135,3.5,1.31,False,False,258,-12,False
2026-02-06,,Atlanta Hawks,Utah Jazz,121,119,1.3,3.64,False,True,240,2,False
2026-02-06,,Toronto Raptors,Chicago Bulls,123,107,1.33,3.4,False,True,230,16,False
2026-02-06,,Detroit Pistons,Washington Wizards,117,126,1.08,8.18,False,False,243,-9,False
2026-02-06,,Houston Rockets,Charlotte Hornets,99,109,1.54,2.51,False,False,208,-10,False
2026-02-06,,Orlando Magic,Brooklyn Nets,118,98,1.26,3.97,False,True,216,20,False
2026-02-07,,Detroit Pistons,New York Knicks,118,80,1.47,2.75,False,True,198,38,False
2026-02-07,,Boston Celtics,Miami Heat,98,96,1.44,2.85,False,True,194,2,False
2026-02-07,,Minnesota Timberwolves,New Orleans Pelicans,115,119,1.29,3.68,False,False,234,-4,False
2026-02-07,,Milwaukee Bucks,Indiana Pacers,105,99,2.02,1.81,False,True,204,6,False
2026-02-07,,Portland Trail Blazers,Memphis Grizzlies,135,115,1.32,3.44,False,True,250,20,False
2026-02-07,,Sacramento Kings,Los Angeles Clippers,111,114,2.41,1.58,False,False,225,-3,False
2026-02-08,,Sacramento Kings,Cleveland Cavaliers,126,132,5.7,1.15,False,False,258,-6,False
2026-02-08,,Portland Trail Blazers,Memphis Grizzlies,122,115,1.28,3.73,False,True,237,7,False
2026-02-08,,Phoenix Suns,Philadelphia 76ers,103,109,1.71,2.16,False,False,212,-6,False
2026-02-08,,Los Angeles Lakers,Golden State Warriors,105,99,1.77,2.08,False,True,204,6,False
2026-02-08,,San Antonio Spurs,Dallas Mavericks,138,125,1.22,4.4,False,True,263,13,False
2026-02-08,,Atlanta Hawks,Charlotte Hornets,119,126,2.04,1.8,False,False,245,-7,False
2026-02-08,,Orlando Magic,Utah Jazz,120,117,1.33,3.34,False,True,237,3,False
2026-02-08,,Brooklyn Nets,Washington Wizards,127,113,1.36,3.24,False,True,240,14,False
2026-02-08,,Chicago Bulls,Denver Nuggets,120,136,3.75,1.28,False,False,256,-16,False
2026-02-08,,Oklahoma City Thunder,Houston Rockets,106,112,1.62,2.33,False,False,218,-6,False
2026-02-09,,Toronto Raptors,Indiana Pacers,122,104,1.27,3.84,False,True,226,18,False
2026-02-09,,Minnesota Timberwolves,Los Angeles Clippers,96,115,1.27,3.86,False,False,211,-19,False
2026-02-09,,Boston Celtics,New York Knicks,89,111,1.63,2.32,False,False,200,-22,False
2026-02-09,,Washington Wizards,Miami Heat,101,132,5.48,1.16,False,False,233,-31,False
2026-02-10,,Golden State Warriors,Memphis Grizzlies,114,113,1.26,3.97,False,True,227,1,False
2026-02-10,,Los Angeles Lakers,Oklahoma City Thunder,110,119,2.99,1.4,False,False,229,-9,False
2026-02-10,,Portland Trail Blazers,Philadelphia 76ers,135,118,1.7,2.21,False,True,253,17,False
2026-02-10,,Denver Nuggets,Cleveland Cavaliers,117,119,1.73,2.14,False,False,236,-2,False
2026-02-10,,Minnesota Timberwolves,Atlanta Hawks,138,116,1.29,3.71,False,True,254,22,False
2026-02-10,,Miami Heat,Utah Jazz,111,115,1.41,2.99,False,False,226,-4,False
2026-02-10,,Orlando Magic,Milwaukee Bucks,118,99,1.23,4.23,False,True,217,19,False
2026-02-10,,Charlotte Hornets,Detroit Pistons,104,110,2.16,1.71,False,False,214,-6,False
2026-02-10,,New Orleans Pelicans,Sacramento Kings,120,94,1.24,4.14,False,True,214,26,False
2026-02-10,,Brooklyn Nets,Chicago Bulls,123,115,2.29,1.64,False,True,238,8,False
2026-02-11,,New York Knicks,Indiana Pacers,134,137,1.17,5.21,True,False,271,-3,False
2026-02-11,,Houston Rockets,Los Angeles Clippers,102,95,1.29,3.64,False,True,197,7,False
2026-02-11,,Phoenix Suns,Dallas Mavericks,120,111,1.3,3.61,False,True,231,9,False
2026-02-11,,Los Angeles Lakers,San Antonio Spurs,108,136,5.81,1.14,False,False,244,-28,False
2026-02-12,,Houston Rockets,Los Angeles Clippers,102,105,1.28,3.71,False,False,207,-3,False
2026-02-12,,Phoenix Suns,Oklahoma City Thunder,109,136,3.28,1.35,False,False,245,-27,False
2026-02-12,,Utah Jazz,Sacramento Kings,121,93,1.46,2.76,False,True,214,28,False
2026-02-12,,Golden State Warriors,San Antonio Spurs,113,126,2.95,1.41,False,False,239,-13,False
2026-02-12,,New Orleans Pelicans,Miami Heat,111,123,1.8,2.04,False,False,234,-12,False
2026-02-12,,Denver Nuggets,Memphis Grizzlies,122,116,1.12,6.34,False,True,238,6,False
2026-02-12,,Minnesota Timberwolves,Portland Trail Blazers,133,109,1.32,3.45,False,True,242,24,False
2026-02-12,,Charlotte Hornets,Atlanta Hawks,110,107,1.74,2.12,False,True,217,3,False
2026-02-12,,Brooklyn Nets,Indiana Pacers,110,115,1.42,2.88,False,False,225,-5,False
2026-02-12,,Boston Celtics,Chicago Bulls,124,105,1.13,6.05,False,True,229,19,False
2026-02-12,,Cleveland Cavaliers,Washington Wizards,138,113,1.07,9.17,False,True,251,25,False
2026-02-12,,Toronto Raptors,Detroit Pistons,95,113,1.9,1.93,False,False,208,-18,False
2026-02-12,,Philadelphia 76ers,New York Knicks,89,138,2.11,1.75,False,False,227,-49,False
2026-02-12,,Orlando Magic,Milwaukee Bucks,108,116,1.2,4.75,False,False,224,-8,False
2026-02-13,,Los Angeles Lakers,Dallas Mavericks,124,104,1.39,3.05,False,True,228,20,False
2026-02-13,,Oklahoma City Thunder,Milwaukee Bucks,93,110,1.15,5.64,False,False,203,-17,False
2026-02-13,,Utah Jazz,Portland Trail Blazers,119,135,2.93,1.42,False,False,254,-16,False
2026-02-20,,San Antonio Spurs,Phoenix Suns,121,94,1.33,3.36,False,True,215,27,False
2026-02-20,,Los Angeles Clippers,Denver Nuggets,115,114,2.51,1.54,False,True,229,1,False
2026-02-20,,Sacramento Kings,Orlando Magic,94,131,3.76,1.28,False,False,225,-37,False
2026-02-20,,Chicago Bulls,Toronto Raptors,101,110,2.86,1.43,False,False,211,-9,False
2026-02-20,,Golden State Warriors,Boston Celtics,110,121,2.87,1.43,False,False,231,-11,False
2026-02-20,,Cleveland Cavaliers,Brooklyn Nets,112,84,1.09,8.17,False,True,196,28,False
2026-02-20,,Charlotte Hornets,Houston Rockets,101,105,2.56,1.52,False,False,206,-4,False
2026-02-20,,Washington Wizards,Indiana Pacers,112,105,2.12,1.75,False,True,217,7,False
2026-02-20,,Philadelphia 76ers,Atlanta Hawks,107,117,1.85,1.98,False,False,224,-10,False
2026-02-20,,New York Knicks,Detroit Pistons,111,126,1.59,2.39,False,False,237,-15,False
2026-02-21,,Los Angeles Lakers,Los Angeles Clippers,125,122,1.36,3.19,False,True,247,3,False
2026-02-21,,Oklahoma City Thunder,Brooklyn Nets,105,86,1.07,8.83,False,True,191,19,False
2026-02-21,,New Orleans Pelicans,Milwaukee Bucks,118,139,1.55,2.49,False,False,257,-21,False
2026-02-21,,Memphis Grizzlies,Utah Jazz,123,114,1.73,2.12,False,True,237,9,False
2026-02-21,,Portland Trail Blazers,Denver Nuggets,103,157,1.97,1.85,False,False,260,-54,False
2026-02-21,,Charlotte Hornets,Cleveland Cavaliers,113,118,2.77,1.46,False,False,231,-5,False
2026-02-21,,Washington Wizards,Indiana Pacers,131,118,1.82,2.01,False,True,249,13,False
2026-02-21,,Atlanta Hawks,Miami Heat,97,128,2.24,1.67,False,False,225,-31,False
2026-02-21,,Minnesota Timberwolves,Dallas Mavericks,122,111,1.12,6.27,False,True,233,11,False
2026-02-22,,Phoenix Suns,Orlando Magic,113,110,1.67,2.22,True,True,223,3,False
2026-02-22,,New Orleans Pelicans,Philadelphia 76ers,126,111,2.39,1.59,False,True,237,15,False
2026-02-22,,San Antonio Spurs,Sacramento Kings,139,122,1.05,10.97,False,True,261,17,False
2026-02-22,,Miami Heat,Memphis Grizzlies,136,120,1.17,5.05,False,True,256,16,False
2026-02-22,,Chicago Bulls,Detroit Pistons,110,126,5.0,1.18,False,False,236,-16,False
2026-02-22,,New York Knicks,Houston Rockets,108,106,1.6,2.35,False,True,214,2,False
2026-02-23,,Chicago Bulls,New York Knicks,99,105,4.21,1.23,False,False,204,-6,False
2026-02-23,,Minnesota Timberwolves,Philadelphia 76ers,108,135,1.27,3.87,False,False,243,-27,False
2026-02-23,,Los Angeles Clippers,Orlando Magic,109,111,1.55,2.49,False,False,220,-2,False
2026-02-23,,Phoenix Suns,Portland Trail Blazers,77,92,2.38,1.59,False,False,169,-15,False
2026-02-23,,Los Angeles Lakers,Boston Celtics,89,111,1.96,1.86,False,False,200,-22,False
2026-02-23,,Indiana Pacers,Dallas Mavericks,130,134,1.94,1.87,False,False,264,-4,False
2026-02-23,,Golden State Warriors,Denver Nuggets,128,117,3.0,1.4,False,True,245,11,False
2026-02-23,,Oklahoma City Thunder,Cleveland Cavaliers,121,113,2.48,1.55,False,True,234,8,False
2026-02-23,,Milwaukee Bucks,Toronto Raptors,94,122,2.4,1.59,False,False,216,-28,False
2026-02-23,,Washington Wizards,Charlotte Hornets,112,129,4.85,1.19,False,False,241,-17,False
2026-02-23,,Atlanta Hawks,Brooklyn Nets,115,104,1.24,4.15,False,True,219,11,False
2026-02-24,,Detroit Pistons,San Antonio Spurs,103,114,1.83,2.0,False,False,217,-11,False
2026-02-24,,Memphis Grizzlies,Sacramento Kings,114,123,1.69,2.19,False,False,237,-9,False
2026-02-24,,Houston Rockets,Utah Jazz,125,105,1.12,6.63,False,True,230,20,False
2026-02-25,,Atlanta Hawks,Washington Wizards,119,98,1.14,5.7,False,True,217,21,False
2026-02-25,,Los Angeles Lakers,Orlando Magic,109,110,1.41,2.92,False,False,219,-1,False
2026-02-25,,Portland Trail Blazers,Minnesota Timberwolves,121,124,2.96,1.41,False,False,245,-3,False
2026-02-25,,Phoenix Suns,Boston Celtics,81,97,2.73,1.47,False,False,178,-16,False
2026-02-25,,New Orleans Pelicans,Golden State Warriors,113,109,2.0,1.82,False,True,222,4,False
2026-02-25,,Cleveland Cavaliers,New York Knicks,109,94,1.56,2.46,False,True,203,15,False
2026-02-25,,Brooklyn Nets,Dallas Mavericks,114,123,2.03,1.8,False,False,237,-9,False
2026-02-25,,Toronto Raptors,Oklahoma City Thunder,107,116,1.85,1.97,False,False,223,-9,False
2026-02-25,,Indiana Pacers,Philadelphia 76ers,114,135,4.82,1.19,False,False,249,-21,False
2026-02-25,,Milwaukee Bucks,Miami Heat,128,117,2.9,1.42,False,True,245,11,False
2026-02-25,,Chicago Bulls,Charlotte Hornets,99,131,3.6,1.3,False,False,230,-32,False
2026-02-26,,Toronto Raptors,San Antonio Spurs,107,110,2.86,1.43,False,False,217,-3,False
2026-02-26,,Detroit Pistons,Oklahoma City Thunder,124,116,1.23,4.32,False,True,240,8,False
2026-02-26,,Memphis Grizzlies,Golden State Warriors,112,133,2.45,1.56,False,False,245,-21,False
2026-02-26,,Denver Nuggets,Boston Celtics,103,84,1.64,2.29,False,True,187,19,False
2026-02-26,,Milwaukee Bucks,Cleveland Cavaliers,118,116,2.25,1.66,False,True,234,2,False
2026-02-26,,Houston Rockets,Sacramento Kings,128,97,1.1,7.07,False,True,225,31,False
2026-02-27,,Atlanta Hawks,Washington Wizards,126,96,1.21,4.59,False,True,222,30,False
2026-02-27,,Brooklyn Nets,San Antonio Spurs,110,126,5.03,1.18,False,False,236,-16,False
2026-02-27,,Utah Jazz,New Orleans Pelicans,118,129,3.0,1.4,False,False,247,-11,False
2026-02-27,,Los Angeles Clippers,Minnesota Timberwolves,88,94,3.57,1.3,False,False,182,-6,False
2026-02-27,,Phoenix Suns,Los Angeles Lakers,113,110,2.78,1.45,False,True,223,3,False
2026-02-27,,Dallas Mavericks,Sacramento Kings,121,130,1.32,3.42,False,False,251,-9,False
2026-02-27,,Philadelphia 76ers,Miami Heat,124,117,1.74,2.13,False,True,241,7,False
2026-02-27,,Orlando Magic,Houston Rockets,108,113,2.2,1.69,False,False,221,-5,False
2026-02-27,,Indiana Pacers,Charlotte Hornets,109,133,5.91,1.14,False,False,242,-24,False
2026-02-27,,Chicago Bulls,Portland Trail Blazers,112,121,2.42,1.58,False,False,233,-9,False
2026-02-28,,Detroit Pistons,Cleveland Cavaliers,122,119,1.3,3.58,True,True,241,3,False
2026-02-28,,Boston Celtics,Brooklyn Nets,148,111,1.07,8.8,False,True,259,37,False
2026-02-28,,Milwaukee Bucks,New York Knicks,98,127,3.44,1.32,False,False,225,-29,False
2026-02-28,,Dallas Mavericks,Memphis Grizzlies,105,124,1.51,2.61,False,False,229,-19,False
2026-02-28,,Oklahoma City Thunder,Denver Nuggets,127,121,1.38,3.1,True,True,248,6,False
2026-03-01,,Washington Wizards,Toronto Raptors,125,134,6.75,1.11,False,False,259,-9,False
2026-03-01,,Charlotte Hornets,Portland Trail Blazers,109,93,1.36,3.19,False,True,202,16,False
2026-03-01,,Utah Jazz,New Orleans Pelicans,105,115,2.84,1.43,False,False,220,-10,False
2026-03-01,,Golden State Warriors,Los Angeles Lakers,101,129,2.37,1.6,False,False,230,-28,False
2026-03-01,,Miami Heat,Houston Rockets,115,105,2.13,1.73,False,True,220,10,False
2026-03-02,,Orlando Magic,Detroit Pistons,92,106,2.68,1.48,False,False,198,-14,False
2026-03-02,,Brooklyn Nets,Cleveland Cavaliers,102,106,5.43,1.16,False,False,208,-4,False
2026-03-02,,Dallas Mavericks,Oklahoma City Thunder,87,100,8.35,1.08,False,False,187,-13,False
2026-03-02,,Los Angeles Lakers,Sacramento Kings,128,104,1.14,5.94,False,True,232,24,False
2026-03-02,,Los Angeles Clippers,New Orleans Pelicans,137,117,1.3,3.62,False,True,254,20,False
2026-03-02,,Boston Celtics,Philadelphia 76ers,114,98,1.28,3.76,False,True,212,16,False
2026-03-02,,Atlanta Hawks,Portland Trail Blazers,135,101,1.41,2.96,False,True,236,34,False
2026-03-02,,New York Knicks,San Antonio Spurs,114,89,1.95,1.87,False,True,203,25,False
2026-03-02,,Indiana Pacers,Memphis Grizzlies,106,125,1.93,1.89,False,False,231,-19,False
2026-03-02,,Denver Nuggets,Minnesota Timberwolves,108,117,1.69,2.21,False,False,225,-9,False
2026-03-02,,Chicago Bulls,Milwaukee Bucks,120,97,2.16,1.71,False,True,217,23,False
2026-03-03,,Washington Wizards,Houston Rockets,118,123,7.5,1.1,False,False,241,-5,False
2026-03-03,,Milwaukee Bucks,Boston Celtics,81,108,2.15,1.73,False,False,189,-27,False
2026-03-03,,Utah Jazz,Denver Nuggets,125,128,5.39,1.16,False,False,253,-3,False
2026-03-03,,Golden State Warriors,Los Angeles Clippers,101,114,1.97,1.86,False,False,215,-13,False
2026-03-04,,Toronto Raptors,New York Knicks,95,111,2.21,1.68,False,False,206,-16,False
2026-03-04,,Sacramento Kings,Phoenix Suns,103,114,3.91,1.26,False,False,217,-11,False
2026-03-04,,Minnesota Timberwolves,Memphis Grizzlies,117,110,1.12,6.7,False,True,227,7,False
2026-03-04,,Chicago Bulls,Oklahoma City Thunder,108,116,4.05,1.25,False,False,224,-8,False
2026-03-04,,Los Angeles Lakers,New Orleans Pelicans,110,101,1.3,3.59,False,True,211,9,False
2026-03-04,,Philadelphia 76ers,San Antonio Spurs,91,131,3.45,1.32,False,False,222,-40,False
2026-03-04,,Orlando Magic,Washington Wizards,126,109,1.07,8.59,False,True,235,17,False
2026-03-04,,Cleveland Cavaliers,Detroit Pistons,113,109,2.21,1.68,False,True,222,4,False
2026-03-04,,Charlotte Hornets,Dallas Mavericks,117,90,1.13,6.14,False,True,207,27,False
2026-03-04,,Miami Heat,Brooklyn Nets,124,98,1.14,5.9,False,True,222,26,False
2026-03-05,,Philadelphia 76ers,Utah Jazz,106,102,1.3,3.54,False,True,208,4,False
2026-03-05,,New York Knicks,Oklahoma City Thunder,100,103,2.43,1.58,False,False,203,-3,False
2026-03-05,,Milwaukee Bucks,Atlanta Hawks,113,131,1.89,1.94,False,False,244,-18,False
2026-03-05,,Los Angeles Clippers,Indiana Pacers,130,107,1.16,5.48,False,True,237,23,False
2026-03-05,,Memphis Grizzlies,Portland Trail Blazers,114,122,3.91,1.26,False,False,236,-8,False
2026-03-05,,Boston Celtics,Charlotte Hornets,89,118,1.39,3.02,False,False,207,-29,False
2026-03-06,,Phoenix Suns,Chicago Bulls,103,105,1.16,5.27,False,False,208,-2,False
2026-03-06,,San Antonio Spurs,Detroit Pistons,121,106,1.65,2.27,False,True,227,15,False
2026-03-06,,Sacramento Kings,New Orleans Pelicans,123,133,3.07,1.38,False,False,256,-10,False
2026-03-06,,Denver Nuggets,Los Angeles Lakers,120,113,1.57,2.44,False,True,233,7,False
2026-03-06,,Miami Heat,Brooklyn Nets,126,110,1.12,6.47,False,True,236,16,False
2026-03-06,,Houston Rockets,Golden State Warriors,113,115,1.23,4.24,True,False,228,-2,False
2026-03-06,,Minnesota Timberwolves,Toronto Raptors,115,107,1.47,2.72,False,True,222,8,False
2026-03-06,,Orlando Magic,Dallas Mavericks,115,114,1.29,3.65,False,True,229,1,False
2026-03-06,,Washington Wizards,Utah Jazz,112,122,1.57,2.45,False,False,234,-10,False
2026-03-07,,Charlotte Hornets,Miami Heat,120,128,1.35,3.26,False,False,248,-8,False
2026-03-07,,Boston Celtics,Dallas Mavericks,120,100,1.09,7.7,False,True,220,20,False
2026-03-07,,Los Angeles Lakers,Indiana Pacers,128,117,1.24,4.16,False,True,245,11,False
2026-03-07,,Houston Rockets,Portland Trail Blazers,106,99,1.38,3.06,False,True,205,7,False
2026-03-07,,Denver Nuggets,New York Knicks,103,142,1.86,1.97,False,False,245,-39,False
2026-03-07,,San Antonio Spurs,Los Angeles Clippers,116,112,1.36,3.22,False,True,228,4,False
2026-03-07,,Phoenix Suns,New Orleans Pelicans,118,116,1.55,2.5,False,True,234,2,False
2026-03-08,,Oklahoma City Thunder,Golden State Warriors,104,97,1.14,5.76,False,True,201,7,False
2026-03-08,,Memphis Grizzlies,Los Angeles Clippers,120,123,3.43,1.32,False,False,243,-3,False
2026-03-08,,Detroit Pistons,Brooklyn Nets,105,107,1.12,6.5,False,False,212,-2,False
2026-03-08,,Atlanta Hawks,Philadelphia 76ers,125,116,1.38,3.1,False,True,241,9,False
2026-03-08,,Minnesota Timberwolves,Orlando Magic,92,119,1.36,3.21,False,False,211,-27,False
2026-03-08,,Milwaukee Bucks,Utah Jazz,113,99,1.23,4.29,False,True,212,14,False
2026-03-09,,Milwaukee Bucks,Orlando Magic,91,130,2.84,1.44,False,False,221,-39,False
2026-03-09,,Phoenix Suns,Charlotte Hornets,111,99,2.6,1.51,False,True,210,12,False
2026-03-09,,Portland Trail Blazers,Indiana Pacers,131,111,1.24,4.13,False,True,242,20,False
2026-03-09,,San Antonio Spurs,Houston Rockets,145,120,1.43,2.86,False,True,265,25,False
2026-03-09,,Sacramento Kings,Chicago Bulls,126,110,2.46,1.57,False,True,236,16,False
2026-03-09,,Miami Heat,Detroit Pistons,121,110,2.0,1.84,False,True,231,11,False
2026-03-09,,Los Angeles Lakers,New York Knicks,110,97,2.6,1.51,False,True,207,13,False
2026-03-09,,Cleveland Cavaliers,Boston Celtics,98,109,1.83,2.01,False,False,207,-11,False
2026-03-09,,New Orleans Pelicans,Washington Wizards,138,118,1.18,5.05,False,True,256,20,False
2026-03-09,,Toronto Raptors,Dallas Mavericks,122,92,1.24,4.18,False,True,214,30,False
2026-03-10,,Cleveland Cavaliers,Philadelphia 76ers,115,101,1.11,6.68,False,True,216,14,False
2026-03-10,,Oklahoma City Thunder,Denver Nuggets,129,126,1.59,2.39,False,True,255,3,False
2026-03-10,,Brooklyn Nets,Memphis Grizzlies,126,115,1.9,1.94,False,True,241,11,False
2026-03-10,,Utah Jazz,Golden State Warriors,119,116,3.15,1.37,False,True,235,3,False
2026-03-10,,Los Angeles Clippers,New York Knicks,126,118,2.08,1.77,False,True,244,8,False
2026-03-11,,Portland Trail Blazers,Charlotte Hornets,101,103,2.27,1.65,False,False,204,-2,False
2026-03-11,,Sacramento Kings,Indiana Pacers,114,109,1.62,2.32,False,True,223,5,False
2026-03-11,,Los Angeles Lakers,Minnesota Timberwolves,120,106,2.17,1.71,False,True,226,14,False
2026-03-11,,Golden State Warriors,Chicago Bulls,124,130,1.44,2.83,True,False,254,-6,False
2026-03-11,,San Antonio Spurs,Boston Celtics,125,116,1.64,2.3,False,True,241,9,False
2026-03-11,,Brooklyn Nets,Detroit Pistons,100,138,8.08,1.08,False,False,238,-38,False
2026-03-11,,Atlanta Hawks,Dallas Mavericks,124,112,1.22,4.38,False,True,236,12,False
2026-03-11,,Miami Heat,Washington Wizards,150,129,1.08,8.14,False,True,279,21,False
2026-03-11,,Milwaukee Bucks,Phoenix Suns,114,129,2.05,1.8,False,False,243,-15,False
2026-03-11,,Philadelphia 76ers,Memphis Grizzlies,139,129,1.54,2.52,False,True,268,10,False
2026-03-11,,Houston Rockets,Toronto Raptors,113,99,1.53,2.55,False,True,212,14,False
2026-03-12,,Orlando Magic,Cleveland Cavaliers,128,122,2.33,1.62,False,True,250,6,False
2026-03-12,,Utah Jazz,New York Knicks,117,134,7.2,1.1,False,False,251,-17,False
2026-03-12,,New Orleans Pelicans,Toronto Raptors,122,111,2.18,1.71,False,True,233,11,False
2026-03-12,,Los Angeles Clippers,Minnesota Timberwolves,153,128,1.82,2.01,False,True,281,25,False
2026-03-12,,Sacramento Kings,Charlotte Hornets,109,117,7.0,1.11,False,False,226,-8,False
2026-03-12,,Denver Nuggets,Houston Rockets,129,93,1.38,3.07,False,True,222,36,False
2026-03-13,,San Antonio Spurs,Denver Nuggets,131,136,1.68,2.22,False,False,267,-5,False
2026-03-13,,Los Angeles Lakers,Chicago Bulls,142,130,1.17,5.18,False,True,272,12,False
2026-03-13,,Oklahoma City Thunder,Boston Celtics,104,102,1.29,3.65,False,True,206,2,False
2026-03-13,,Detroit Pistons,Philadelphia 76ers,131,109,1.09,7.56,False,True,240,22,False
2026-03-13,,Memphis Grizzlies,Dallas Mavericks,112,120,2.79,1.45,False,False,232,-8,False
2026-03-13,,Miami Heat,Milwaukee Bucks,112,105,1.42,2.9,False,True,217,7,False
2026-03-13,,Indiana Pacers,Phoenix Suns,108,123,4.15,1.24,False,False,231,-15,False
2026-03-13,,Atlanta Hawks,Brooklyn Nets,108,97,1.07,8.59,False,True,205,11,False
2026-03-13,,Orlando Magic,Washington Wizards,136,131,1.1,7.27,True,True,267,5,False
2026-03-14,,Los Angeles Clippers,Chicago Bulls,119,108,1.12,6.49,False,True,227,11,False
2026-03-14,,Golden State Warriors,Minnesota Timberwolves,117,127,2.72,1.48,False,False,244,-10,False
2026-03-14,,Portland Trail Blazers,Utah Jazz,124,114,1.07,8.76,False,True,238,10,False
2026-03-14,,Toronto Raptors,Phoenix Suns,122,115,1.48,2.7,False,True,237,7,False
2026-03-14,,Dallas Mavericks,Cleveland Cavaliers,105,138,6.16,1.13,False,False,243,-33,False
2026-03-14,,Indiana Pacers,New York Knicks,92,101,6.24,1.13,False,False,193,-9,False
2026-03-14,,Houston Rockets,New Orleans Pelicans,107,105,1.43,2.9,False,True,212,2,False
2026-03-14,,Detroit Pistons,Memphis Grizzlies,126,110,1.06,9.4,False,True,236,16,False
2026-03-15,,Los Angeles Clippers,Sacramento Kings,109,118,1.1,7.1,False,False,227,-9,False
2026-03-15,,Philadelphia 76ers,Brooklyn Nets,104,97,1.27,3.89,False,True,201,7,False
2026-03-15,,Los Angeles Lakers,Denver Nuggets,127,125,2.06,1.78,True,True,252,2,False
2026-03-15,,San Antonio Spurs,Charlotte Hornets,115,102,1.4,2.99,False,True,217,13,False
2026-03-15,,Boston Celtics,Washington Wizards,111,100,1.03,13.85,False,True,211,11,False
2026-03-15,,Atlanta Hawks,Milwaukee Bucks,122,99,1.22,4.49,False,True,221,23,False
2026-03-15,,Miami Heat,Orlando Magic,117,121,1.56,2.48,False,False,238,-4,False
2026-03-16,,Sacramento Kings,Utah Jazz,116,111,1.63,2.3,False,True,227,5,False
2026-03-16,,Milwaukee Bucks,Indiana Pacers,134,123,1.31,3.56,False,True,257,11,False
2026-03-16,,Oklahoma City Thunder,Minnesota Timberwolves,116,103,1.26,3.91,False,True,219,13,False
2026-03-16,,Toronto Raptors,Detroit Pistons,119,108,2.32,1.63,False,True,227,11,False
2026-03-16,,Cleveland Cavaliers,Dallas Mavericks,120,130,1.08,8.64,False,False,250,-10,False
2026-03-16,,Philadelphia 76ers,Portland Trail Blazers,109,103,3.66,1.29,False,True,212,6,False
2026-03-16,,New York Knicks,Golden State Warriors,110,107,1.1,7.19,False,True,217,3,False
2026-03-17,,New Orleans Pelicans,Dallas Mavericks,129,111,1.29,3.71,False,True,240,18,False
2026-03-17,,Los Angeles Clippers,San Antonio Spurs,115,119,3.54,1.31,False,False,234,-4,False
2026-03-17,,Houston Rockets,Los Angeles Lakers,92,100,1.99,1.84,False,False,192,-8,False
2026-03-17,,Washington Wizards,Golden State Warriors,117,125,3.45,1.32,False,False,242,-8,False
2026-03-17,,Brooklyn Nets,Portland Trail Blazers,95,114,4.88,1.19,False,False,209,-19,False
2026-03-17,,Atlanta Hawks,Orlando Magic,124,112,1.63,2.32,False,True,236,12,False
2026-03-17,,Boston Celtics,Phoenix Suns,120,112,1.24,4.12,False,True,232,8,False
2026-03-17,,Chicago Bulls,Memphis Grizzlies,132,107,1.37,3.17,False,True,239,25,False
2026-03-18,,Sacramento Kings,San Antonio Spurs,104,132,6.69,1.11,False,False,236,-28,False
2026-03-18,,Milwaukee Bucks,Cleveland Cavaliers,116,123,5.54,1.15,False,False,239,-7,False
2026-03-18,,Minnesota Timberwolves,Phoenix Suns,116,104,1.6,2.36,False,True,220,12,False
2026-03-18,,Denver Nuggets,Philadelphia 76ers,124,96,1.08,8.45,False,True,220,28,False
2026-03-18,,Orlando Magic,Oklahoma City Thunder,108,113,4.39,1.22,False,False,221,-5,False
2026-03-18,,New York Knicks,Indiana Pacers,136,110,1.11,6.75,False,True,246,26,False
2026-03-18,,Washington Wizards,Detroit Pistons,117,130,12.44,1.04,False,False,247,-13,False
2026-03-18,,Charlotte Hornets,Miami Heat,136,106,1.49,2.66,False,True,242,30,False
2026-03-19,,Houston Rockets,Los Angeles Lakers,116,124,1.78,2.05,False,False,240,-8,False
2026-03-19,,Dallas Mavericks,Atlanta Hawks,120,135,3.62,1.3,False,False,255,-15,False
2026-03-19,,Memphis Grizzlies,Denver Nuggets,125,118,6.12,1.13,False,True,243,7,False
2026-03-19,,Chicago Bulls,Toronto Raptors,109,139,3.4,1.33,False,False,248,-30,False
2026-03-19,,New Orleans Pelicans,Los Angeles Clippers,124,109,2.1,1.76,False,True,233,15,False
2026-03-19,,Brooklyn Nets,Oklahoma City Thunder,92,121,12.55,1.04,False,False,213,-29,False
2026-03-19,,Minnesota Timberwolves,Utah Jazz,147,111,1.13,6.13,False,True,258,36,False
2026-03-19,,Indiana Pacers,Portland Trail Blazers,119,127,5.9,1.14,False,False,246,-8,False
2026-03-19,,Boston Celtics,Golden State Warriors,120,99,1.16,5.48,False,True,219,21,False
2026-03-20,,Miami Heat,Los Angeles Lakers,126,134,1.62,2.33,False,False,260,-8,False
2026-03-20,,Charlotte Hornets,Orlando Magic,130,111,1.44,2.82,False,True,241,19,False
2026-03-20,,San Antonio Spurs,Phoenix Suns,101,100,1.22,4.35,False,True,201,1,False
2026-03-20,,Washington Wizards,Detroit Pistons,95,117,7.68,1.09,False,False,212,-22,False
2026-03-20,,New Orleans Pelicans,Los Angeles Clippers,105,99,1.57,2.43,False,True,204,6,False
2026-03-20,,Chicago Bulls,Cleveland Cavaliers,110,115,4.31,1.23,False,False,225,-5,False
2026-03-20,,Sacramento Kings,Philadelphia 76ers,118,139,2.19,1.69,False,False,257,-21,False
2026-03-20,,Utah Jazz,Milwaukee Bucks,128,96,2.94,1.41,False,True,224,32,False
2026-03-21,,Denver Nuggets,Toronto Raptors,121,115,1.37,3.15,False,True,236,6,False
2026-03-21,,Houston Rockets,Atlanta Hawks,117,95,1.67,2.24,False,True,212,22,False
2026-03-21,,Brooklyn Nets,New York Knicks,92,93,11.32,1.04,False,False,185,-1,False
2026-03-21,,Minnesota Timberwolves,Portland Trail Blazers,104,108,1.87,1.97,False,False,212,-4,False
2026-03-21,,Detroit Pistons,Golden State Warriors,115,101,1.43,2.87,False,True,216,14,False
2026-03-21,,Memphis Grizzlies,Boston Celtics,112,117,8.5,1.07,False,False,229,-5,False
2026-03-22,,New Orleans Pelicans,Cleveland Cavaliers,106,111,2.73,1.47,False,False,217,-5,False
2026-03-22,,Phoenix Suns,Milwaukee Bucks,105,108,1.17,5.22,False,False,213,-3,False
2026-03-22,,Utah Jazz,Philadelphia 76ers,116,126,2.87,1.43,False,False,242,-10,False
2026-03-22,,Atlanta Hawks,Golden State Warriors,126,110,1.3,3.56,False,True,236,16,False
2026-03-22,,Dallas Mavericks,Los Angeles Clippers,131,138,3.24,1.35,True,False,269,-7,False
2026-03-22,,Orlando Magic,Los Angeles Lakers,104,105,2.32,1.63,False,False,209,-1,False
2026-03-22,,Charlotte Hornets,Memphis Grizzlies,124,101,1.05,11.6,False,True,225,23,False
2026-03-22,,Washington Wizards,Oklahoma City Thunder,111,132,16.17,1.02,False,False,243,-21,False
2026-03-22,,Houston Rockets,Miami Heat,123,122,1.7,2.19,False,True,245,1,False
2026-03-22,,San Antonio Spurs,Indiana Pacers,134,119,1.06,9.94,False,True,253,15,False
2026-03-23,,New York Knicks,Washington Wizards,145,113,1.02,17.28,False,True,258,32,False
2026-03-23,,Sacramento Kings,Brooklyn Nets,126,122,1.4,2.99,False,True,248,4,False
2026-03-23,,Phoenix Suns,Toronto Raptors,120,98,2.46,1.56,False,True,218,22,False
2026-03-23,,Boston Celtics,Minnesota Timberwolves,92,102,1.23,4.23,False,False,194,-10,False
2026-03-23,,Denver Nuggets,Portland Trail Blazers,128,112,1.29,3.66,False,True,240,16,False
2026-03-24,,Atlanta Hawks,Memphis Grizzlies,146,107,1.11,7.09,False,True,253,39,False
2026-03-24,,Los Angeles Clippers,Milwaukee Bucks,129,96,1.11,6.75,False,True,225,33,False
2026-03-24,,Portland Trail Blazers,Brooklyn Nets,134,99,1.09,7.95,False,True,233,35,False
2026-03-24,,Dallas Mavericks,Golden State Warriors,131,137,2.13,1.74,True,False,268,-6,False
2026-03-24,,Utah Jazz,Toronto Raptors,127,143,4.82,1.19,False,False,270,-16,False
2026-03-24,,Philadelphia 76ers,Oklahoma City Thunder,103,123,8.56,1.08,False,False,226,-20,False
2026-03-24,,Miami Heat,San Antonio Spurs,111,136,2.36,1.61,False,False,247,-25,False
2026-03-24,,Chicago Bulls,Houston Rockets,132,124,3.95,1.26,False,True,256,8,False
2026-03-24,,Orlando Magic,Indiana Pacers,126,128,1.17,5.34,False,False,254,-2,False
2026-03-24,,Detroit Pistons,Los Angeles Lakers,113,110,2.0,1.83,False,True,223,3,False
2026-03-25,,New York Knicks,New Orleans Pelicans,121,116,1.26,3.87,False,True,237,5,False
2026-03-25,,Cleveland Cavaliers,Orlando Magic,136,131,1.21,4.53,False,True,267,5,False
2026-03-25,,Phoenix Suns,Denver Nuggets,123,125,2.98,1.41,False,False,248,-2,False
2026-03-25,,Charlotte Hornets,Sacramento Kings,134,90,1.05,10.73,False,True,224,44,False
2026-03-26,,Utah Jazz,Washington Wizards,110,133,1.62,2.34,False,False,243,-23,False
2026-03-26,,Portland Trail Blazers,Milwaukee Bucks,130,99,1.1,7.17,False,True,229,31,False
2026-03-26,,Los Angeles Clippers,Toronto Raptors,119,94,1.56,2.46,False,True,213,25,False
2026-03-26,,Denver Nuggets,Dallas Mavericks,142,135,1.16,5.44,False,True,277,7,False
2026-03-26,,Minnesota Timberwolves,Houston Rockets,110,108,2.07,1.78,True,True,218,2,False
2026-03-26,,Golden State Warriors,Brooklyn Nets,109,106,1.15,5.65,False,True,215,3,False
2026-03-26,,Memphis Grizzlies,San Antonio Spurs,98,123,9.96,1.06,False,False,221,-25,False
2026-03-26,,Detroit Pistons,Atlanta Hawks,129,130,1.7,2.19,True,False,259,-1,False
2026-03-26,,Philadelphia 76ers,Chicago Bulls,157,137,1.38,3.1,False,True,294,20,False
2026-03-26,,Indiana Pacers,Los Angeles Lakers,130,137,4.15,1.24,False,False,267,-7,False
2026-03-26,,Cleveland Cavaliers,Miami Heat,103,120,1.69,2.2,False,False,223,-17,False
2026-03-26,,Boston Celtics,Oklahoma City Thunder,119,109,2.11,1.75,False,True,228,10,False
2026-03-27,,Orlando Magic,Sacramento Kings,121,117,1.08,8.43,False,True,238,4,False
2026-03-27,,Detroit Pistons,New Orleans Pelicans,129,108,1.48,2.71,False,True,237,21,False
2026-03-27,,Charlotte Hornets,New York Knicks,114,103,1.74,2.12,False,True,217,11,False
2026-03-28,,Portland Trail Blazers,Dallas Mavericks,93,100,1.2,4.68,False,False,193,-7,False
2026-03-28,,Golden State Warriors,Washington Wizards,131,126,1.13,6.19,False,True,257,5,False
2026-03-28,,Los Angeles Lakers,Brooklyn Nets,116,99,1.04,11.51,False,True,215,17,False
2026-03-28,,Denver Nuggets,Utah Jazz,135,129,1.03,12.79,False,True,264,6,False
2026-03-28,,Cleveland Cavaliers,Miami Heat,149,128,1.45,2.8,False,True,277,21,False
2026-03-28,,Oklahoma City Thunder,Chicago Bulls,131,113,1.03,12.68,False,True,244,18,False
2026-03-28,,Boston Celtics,Atlanta Hawks,109,102,1.46,2.75,False,True,211,7,False
2026-03-28,,Toronto Raptors,New Orleans Pelicans,119,106,1.28,3.72,False,True,225,13,False
2026-03-28,,Memphis Grizzlies,Houston Rockets,109,119,7.11,1.1,False,False,228,-10,False
2026-03-28,,Indiana Pacers,Los Angeles Clippers,113,114,4.01,1.25,False,False,227,-1,False
2026-03-29,,Milwaukee Bucks,San Antonio Spurs,95,127,10.5,1.05,False,False,222,-32,False
2026-03-29,,Minnesota Timberwolves,Detroit Pistons,87,109,2.06,1.79,False,False,196,-22,False
2026-03-29,,Charlotte Hornets,Philadelphia 76ers,114,118,1.4,2.99,False,False,232,-4,False
2026-03-29,,Atlanta Hawks,Sacramento Kings,123,113,1.12,6.31,False,True,236,10,False
2026-03-29,,Memphis Grizzlies,Chicago Bulls,125,124,2.65,1.49,False,True,249,1,False
2026-03-29,,Phoenix Suns,Utah Jazz,134,109,1.06,9.79,False,True,243,25,False
2026-03-30,,Brooklyn Nets,Sacramento Kings,116,99,1.82,2.01,False,True,215,17,False
2026-03-30,,Denver Nuggets,Golden State Warriors,116,93,1.15,5.66,False,True,209,23,False
2026-03-30,,Oklahoma City Thunder,New York Knicks,111,100,1.27,3.79,False,True,211,11,False
2026-03-30,,New Orleans Pelicans,Houston Rockets,102,134,2.94,1.41,False,False,236,-32,False
2026-03-30,,Toronto Raptors,Orlando Magic,139,87,1.8,2.04,False,True,226,52,False
2026-03-30,,Portland Trail Blazers,Washington Wizards,123,88,1.06,9.51,False,True,211,35,False
2026-03-30,,Indiana Pacers,Miami Heat,135,118,3.67,1.29,False,True,253,17,False
2026-03-30,,Milwaukee Bucks,Los Angeles Clippers,113,127,8.89,1.07,False,False,240,-14,False
2026-03-30,,Charlotte Hornets,Boston Celtics,99,114,1.76,2.1,False,False,213,-15,False
2026-03-31,,Los Angeles Lakers,Washington Wizards,120,101,1.07,8.74,False,True,221,19,False
2026-03-31,,Oklahoma City Thunder,Detroit Pistons,114,110,1.16,5.51,True,True,224,4,False
2026-03-31,,Utah Jazz,Cleveland Cavaliers,113,122,9.91,1.06,False,False,235,-9,False
2026-03-31,,Dallas Mavericks,Minnesota Timberwolves,94,124,3.71,1.29,False,False,218,-30,False
2026-03-31,,Atlanta Hawks,Boston Celtics,112,102,1.71,2.17,False,True,214,10,False
2026-03-31,,Miami Heat,Philadelphia 76ers,119,109,2.13,1.73,False,True,228,10,False
2026-03-31,,San Antonio Spurs,Chicago Bulls,129,114,1.05,11.1,False,True,243,15,False
2026-03-31,,Memphis Grizzlies,Phoenix Suns,105,131,5.83,1.14,False,False,236,-26,False
2026-04-01,,Orlando Magic,Phoenix Suns,115,111,1.78,2.06,False,True,226,4,False
2026-04-01,,Brooklyn Nets,Charlotte Hornets,86,117,10.87,1.05,False,False,203,-31,False
2026-04-01,,Houston Rockets,New York Knicks,111,94,1.96,1.87,False,True,205,17,False
2026-04-01,,Detroit Pistons,Toronto Raptors,127,116,1.63,2.31,False,True,243,11,False
2026-04-01,,Milwaukee Bucks,Dallas Mavericks,123,99,2.16,1.71,False,True,222,24,False
2026-04-01,,Los Angeles Lakers,Cleveland Cavaliers,127,113,1.72,2.15,False,True,240,14,False
2026-04-01,,Los Angeles Clippers,Portland Trail Blazers,104,114,1.52,2.58,False,False,218,-10,False
2026-04-02,,Washington Wizards,Philadelphia 76ers,131,153,7.82,1.09,False,False,284,-22,False
2026-04-02,,Golden State Warriors,San Antonio Spurs,113,127,7.35,1.1,False,False,240,-14,False
2026-04-02,,Utah Jazz,Denver Nuggets,117,130,10.39,1.05,False,False,247,-13,False
2026-04-02,,Houston Rockets,Milwaukee Bucks,119,113,1.03,12.73,False,True,232,6,False
2026-04-02,,Memphis Grizzlies,New York Knicks,119,130,6.67,1.11,False,False,249,-11,False
2026-04-02,,Toronto Raptors,Sacramento Kings,115,123,1.13,6.08,False,False,238,-8,False
2026-04-02,,Miami Heat,Boston Celtics,129,147,2.59,1.51,False,False,276,-18,False
2026-04-02,,Orlando Magic,Atlanta Hawks,101,130,2.17,1.71,False,False,231,-29,False
2026-04-02,,Chicago Bulls,Indiana Pacers,126,145,1.6,2.36,False,False,271,-19,False
2026-04-03,,Detroit Pistons,Minnesota Timberwolves,113,108,1.47,2.74,False,True,221,5,False
2026-04-03,,Charlotte Hornets,Phoenix Suns,127,107,1.43,2.87,False,True,234,20,False
2026-04-03,,Oklahoma City Thunder,Los Angeles Lakers,139,96,1.26,3.94,False,True,235,43,False
2026-04-03,,Portland Trail Blazers,New Orleans Pelicans,118,106,1.4,2.99,False,True,224,12,False
2026-04-03,,Golden State Warriors,Cleveland Cavaliers,111,118,4.63,1.2,False,False,229,-7,False
2026-04-03,,Los Angeles Clippers,San Antonio Spurs,99,118,1.73,2.13,False,False,217,-19,False
2026-04-04,,Houston Rockets,Utah Jazz,140,106,1.05,10.75,False,True,246,34,False
2026-04-04,,Sacramento Kings,New Orleans Pelicans,117,113,2.88,1.42,False,True,230,4,False
2026-04-04,,Milwaukee Bucks,Boston Celtics,101,133,10.63,1.05,False,False,234,-32,False
2026-04-04,,Philadelphia 76ers,Minnesota Timberwolves,115,103,1.59,2.38,False,True,218,12,False
2026-04-04,,Dallas Mavericks,Orlando Magic,127,138,3.12,1.37,False,False,265,-11,False
2026-04-04,,New York Knicks,Chicago Bulls,136,96,1.09,7.6,False,True,232,40,False
2026-04-04,,Brooklyn Nets,Atlanta Hawks,107,141,9.82,1.06,False,False,248,-34,False
2026-04-04,,Charlotte Hornets,Indiana Pacers,129,108,1.07,8.7,False,True,237,21,False
2026-04-04,,Memphis Grizzlies,Toronto Raptors,96,128,7.46,1.09,False,False,224,-32,False
2026-04-05,,Philadelphia 76ers,Detroit Pistons,93,116,2.39,1.59,False,False,209,-23,False
2026-04-05,,Miami Heat,Washington Wizards,152,136,1.04,11.42,False,True,288,16,False
2026-04-05,,Denver Nuggets,San Antonio Spurs,136,134,2.07,1.78,True,True,270,2,False
2026-04-06,,Brooklyn Nets,Washington Wizards,121,115,1.61,2.36,False,True,236,6,False
2026-04-06,,Cleveland Cavaliers,Indiana Pacers,117,108,1.06,9.72,False,True,225,9,False
2026-04-06,,Milwaukee Bucks,Memphis Grizzlies,131,115,1.35,3.24,False,True,246,16,False
2026-04-06,,Chicago Bulls,Phoenix Suns,110,120,5.27,1.17,False,False,230,-10,False
2026-04-06,,New Orleans Pelicans,Orlando Magic,108,112,3.0,1.4,False,False,220,-4,False
2026-04-06,,Boston Celtics,Toronto Raptors,115,101,1.23,4.27,False,True,216,14,False
2026-04-06,,Dallas Mavericks,Los Angeles Lakers,134,128,2.01,1.82,False,True,262,6,False
2026-04-06,,Sacramento Kings,Los Angeles Clippers,109,138,6.7,1.11,False,False,247,-29,False
2026-04-06,,Golden State Warriors,Houston Rockets,116,117,2.4,1.59,False,False,233,-1,False
2026-04-06,,Minnesota Timberwolves,Charlotte Hornets,108,122,2.49,1.55,False,False,230,-14,False
2026-04-06,,Oklahoma City Thunder,Utah Jazz,146,111,1.01,21.57,False,True,257,35,False
2026-04-07,,San Antonio Spurs,Philadelphia 76ers,115,102,1.28,3.72,False,True,217,13,False
2026-04-07,,Orlando Magic,Detroit Pistons,123,107,2.0,1.83,False,True,230,16,False
2026-04-07,,Memphis Grizzlies,Cleveland Cavaliers,126,142,7.09,1.1,False,False,268,-16,False
2026-04-07,,Denver Nuggets,Portland Trail Blazers,137,132,1.32,3.41,True,True,269,5,False
2026-04-07,,Atlanta Hawks,New York Knicks,105,108,1.83,2.0,False,False,213,-3,False
2026-04-08,,New Orleans Pelicans,Utah Jazz,156,137,1.37,3.17,False,True,293,19,False
2026-04-08,,Phoenix Suns,Houston Rockets,105,119,1.97,1.86,False,False,224,-14,False
2026-04-08,,Golden State Warriors,Sacramento Kings,110,105,1.09,7.77,False,True,215,5,False
2026-04-08,,Los Angeles Lakers,Oklahoma City Thunder,87,123,11.75,1.04,False,False,210,-36,False
2026-04-08,,Toronto Raptors,Miami Heat,121,95,1.73,2.13,False,True,216,26,False
2026-04-08,,Brooklyn Nets,Milwaukee Bucks,96,90,2.06,1.78,False,True,186,6,False
2026-04-08,,Indiana Pacers,Minnesota Timberwolves,104,124,6.22,1.13,False,False,228,-20,False
2026-04-08,,Boston Celtics,Charlotte Hornets,113,102,1.51,2.6,False,True,215,11,False
2026-04-08,,Los Angeles Clippers,Dallas Mavericks,116,103,1.14,5.94,False,True,219,13,False
2026-04-08,,Washington Wizards,Chicago Bulls,98,129,2.88,1.42,False,False,227,-31,False
2026-04-09,,Orlando Magic,Minnesota Timberwolves,132,120,1.2,4.7,False,True,252,12,False
2026-04-09,,Denver Nuggets,Memphis Grizzlies,136,119,1.01,18.39,False,True,255,17,False
2026-04-09,,Cleveland Cavaliers,Atlanta Hawks,122,116,1.59,2.4,False,True,238,6,False
2026-04-09,,Phoenix Suns,Dallas Mavericks,112,107,1.14,5.73,False,True,219,5,False
2026-04-09,,San Antonio Spurs,Portland Trail Blazers,112,101,1.63,2.31,False,True,213,11,False
2026-04-09,,Los Angeles Clippers,Oklahoma City Thunder,110,128,3.67,1.29,False,False,238,-18,False
2026-04-09,,Detroit Pistons,Milwaukee Bucks,137,111,1.02,14.99,False,True,248,26,False
2026-04-10,,Houston Rockets,Philadelphia 76ers,113,102,1.4,2.97,False,True,215,11,False
2026-04-10,,Golden State Warriors,Los Angeles Lakers,103,119,1.77,2.08,False,False,222,-16,False
2026-04-10,,New York Knicks,Boston Celtics,112,106,1.54,2.52,False,True,218,6,False
2026-04-10,,Washington Wizards,Chicago Bulls,108,119,3.09,1.38,False,False,227,-11,False
2026-04-10,,Brooklyn Nets,Indiana Pacers,94,123,2.31,1.63,False,False,217,-29,False
2026-04-10,,Toronto Raptors,Miami Heat,128,114,1.57,2.42,False,True,242,14,False
2026-04-11,,Milwaukee Bucks,Brooklyn Nets,125,108,1.2,4.6,False,True,233,17,False
2026-04-11,,Washington Wizards,Miami Heat,117,140,8.91,1.07,False,False,257,-23,False
2026-04-11,,Los Angeles Lakers,Phoenix Suns,101,73,2.12,1.74,False,True,174,28,False
2026-04-11,,Portland Trail Blazers,Los Angeles Clippers,116,97,1.79,2.05,False,True,213,19,False
2026-04-11,,Utah Jazz,Memphis Grizzlies,147,101,1.53,2.55,False,True,248,46,False
2026-04-11,,Denver Nuggets,Oklahoma City Thunder,127,107,1.7,2.18,False,True,234,20,False
2026-04-11,,New York Knicks,Toronto Raptors,112,95,1.37,3.12,False,True,207,17,False
2026-04-11,,Sacramento Kings,Golden State Warriors,124,118,4.87,1.19,False,True,242,6,False
2026-04-11,,San Antonio Spurs,Dallas Mavericks,139,120,1.04,11.18,False,True,259,19,False
2026-04-11,,Boston Celtics,New Orleans Pelicans,144,118,1.05,10.87,False,True,262,26,False
2026-04-11,,Indiana Pacers,Philadelphia 76ers,94,105,7.99,1.08,False,False,199,-11,False
2026-04-11,,Atlanta Hawks,Cleveland Cavaliers,124,102,1.28,3.72,False,True,226,22,False
2026-04-11,,Charlotte Hornets,Detroit Pistons,100,118,1.46,2.74,False,False,218,-18,False
2026-04-11,,Chicago Bulls,Orlando Magic,103,127,8.8,1.07,False,False,230,-24,False
2026-04-11,,Houston Rockets,Minnesota Timberwolves,132,136,1.2,4.63,False,False,268,-4,False
2026-04-13,,Toronto Raptors,Brooklyn Nets,136,101,1.01,21.57,False,True,237,35,False
2026-04-13,,Minnesota Timberwolves,New Orleans Pelicans,132,126,1.53,2.54,False,True,258,6,False
2026-04-13,,Dallas Mavericks,Chicago Bulls,149,128,1.46,2.73,False,True,277,21,False
2026-04-13,,San Antonio Spurs,Denver Nuggets,118,128,1.23,4.19,False,False,246,-10,False
2026-04-13,,Los Angeles Clippers,Golden State Warriors,115,110,1.56,2.44,False,True,225,5,False
2026-04-13,,Los Angeles Lakers,Utah Jazz,131,107,1.09,7.26,False,True,238,24,False
2026-04-13,,Oklahoma City Thunder,Phoenix Suns,103,135,1.32,3.4,False,False,238,-32,False
2026-04-13,,Cleveland Cavaliers,Washington Wizards,130,117,1.19,4.75,False,True,247,13,False
2026-04-13,,Boston Celtics,Orlando Magic,113,108,6.17,1.13,False,True,221,5,False
2026-04-13,,Miami Heat,Atlanta Hawks,143,117,1.22,4.36,False,True,260,26,False
2026-04-13,,Indiana Pacers,Detroit Pistons,121,133,8.04,1.08,False,False,254,-12,False
2026-04-13,,Philadelphia 76ers,Milwaukee Bucks,126,106,1.07,8.95,False,True,232,20,False
2026-04-13,,Portland Trail Blazers,Sacramento Kings,122,110,1.04,10.93,False,True,232,12,False
2026-04-13,,New York Knicks,Charlotte Hornets,96,110,6.88,1.11,False,False,206,-14,False
2026-04-13,,Houston Rockets,Memphis Grizzlies,132,101,1.1,6.98,False,True,233,31,False
2026-04-15,Promotion - Playoffs,Charlotte Hornets,Miami Heat,127,126,1.41,2.97,True,True,253,1,False
2026-04-15,Promotion - Playoffs,Phoenix Suns,Portland Trail Blazers,110,114,1.66,2.25,False,False,224,-4,False
2026-04-16,Promotion - Playoffs,Philadelphia 76ers,Orlando Magic,109,97,1.83,1.99,False,True,206,12,False
2026-04-16,Promotion - Playoffs,Los Angeles Clippers,Golden State Warriors,121,126,1.46,2.78,False,False,247,-5,False
2026-04-18,Promotion - Playoffs,Orlando Magic,Charlotte Hornets,121,90,2.22,1.67,False,True,211,31,False
2026-04-18,Promotion - Playoffs,Phoenix Suns,Golden State Warriors,111,96,1.67,2.24,False,True,207,15,False
2026-04-19,Playoffs,Los Angeles Lakers,Houston Rockets,107,98,2.3,1.65,False,True,205,9,False
2026-04-19,Playoffs,Denver Nuggets,Minnesota Timberwolves,116,105,1.34,3.31,False,True,221,11,False
2026-04-19,Playoffs,Cleveland Cavaliers,Toronto Raptors,126,113,1.27,3.88,False,True,239,13,False
2026-04-19,Playoffs,New York Knicks,Atlanta Hawks,113,102,1.4,2.99,False,True,215,11,False
2026-04-20,Playoffs,San Antonio Spurs,Portland Trail Blazers,111,98,1.14,5.82,False,True,209,13,False
2026-04-20,Playoffs,Oklahoma City Thunder,Phoenix Suns,119,84,1.07,8.95,False,True,203,35,False
2026-04-20,Playoffs,Detroit Pistons,Orlando Magic,101,112,1.25,4.1,False,False,213,-11,False
2026-04-20,Playoffs,Boston Celtics,Philadelphia 76ers,123,91,1.12,6.59,False,True,214,32,False
2026-04-21,Playoffs,Cleveland Cavaliers,Toronto Raptors,115,105,1.23,4.27,False,True,220,10,False
2026-04-21,Playoffs,New York Knicks,Atlanta Hawks,106,107,1.41,3.01,False,False,213,-1,False
2026-04-21,Playoffs,Denver Nuggets,Minnesota Timberwolves,114,119,1.32,3.4,False,False,233,-5,False
2026-04-22,Playoffs,Boston Celtics,Philadelphia 76ers,97,111,1.11,6.94,False,False,208,-14,False
2026-04-22,Playoffs,San Antonio Spurs,Portland Trail Blazers,103,106,1.17,5.19,False,False,209,-3,False
2026-04-22,Playoffs,Los Angeles Lakers,Houston Rockets,101,94,2.84,1.44,False,True,195,7,False
2026-04-23,Playoffs,Oklahoma City Thunder,Phoenix Suns,120,107,1.05,10.09,False,True,227,13,False
2026-04-23,Playoffs,Detroit Pistons,Orlando Magic,98,83,1.26,3.95,False,True,181,15,False
2026-04-24,Playoffs,Minnesota Timberwolves,Denver Nuggets,113,96,1.87,1.95,False,True,209,17,False
2026-04-24,Playoffs,Atlanta Hawks,New York Knicks,109,108,2.02,1.82,False,True,217,1,False
2026-04-24,Playoffs,Toronto Raptors,Cleveland Cavaliers,126,104,2.72,1.64,False,True,230,22,False
2026-04-25,Playoffs,Philadelphia 76ers,Boston Celtics,100,108,3.96,1.26,False,False,208,-8,False
2026-04-25,Playoffs,Houston Rockets,Los Angeles Lakers,108,112,1.4,2.99,True,False,220,-4,False
2026-04-25,Playoffs,Portland Trail Blazers,San Antonio Spurs,108,120,2.29,1.72,False,False,228,-12,False
2026-04-26,Playoffs,Minnesota Timberwolves,Denver Nuggets,112,96,1.99,1.83,False,True,208,16,False
2026-04-26,Playoffs,Atlanta Hawks,New York Knicks,98,114,2.07,1.78,False,False,212,-16,False
2026-04-26,Playoffs,Orlando Magic,Detroit Pistons,113,105,2.08,1.77,False,True,218,8,False
2026-04-26,Playoffs,Phoenix Suns,Oklahoma City Thunder,109,121,3.94,1.26,False,False,230,-12,False
2026-04-27,Playoffs,Philadelphia 76ers,Boston Celtics,96,128,3.06,1.39,False,False,224,-32,False
2026-04-27,Playoffs,Portland Trail Blazers,San Antonio Spurs,93,114,2.84,1.44,False,False,207,-21,False
2026-04-27,Playoffs,Toronto Raptors,Cleveland Cavaliers,93,89,2.51,1.55,False,True,182,4,False
2026-04-27,Playoffs,Houston Rockets,Los Angeles Lakers,115,96,1.62,2.33,False,True,211,19,False
2026-04-28,Playoffs,Orlando Magic,Detroit Pistons,94,88,2.36,1.6,False,True,182,6,False
2026-04-28,Playoffs,Phoenix Suns,Oklahoma City Thunder,122,131,4.71,1.19,False,False,253,-9,False
2026-04-28,Playoffs,Denver Nuggets,Minnesota Timberwolves,125,113,1.19,4.78,False,True,238,12,False
2026-04-29,Playoffs,San Antonio Spurs,Portland Trail Blazers,114,95,1.17,6.19,False,True,209,19,False
2026-04-29,Playoffs,Boston Celtics,Philadelphia 76ers,97,113,1.19,4.87,False,False,210,-16,False
2026-04-29,Playoffs,New York Knicks,Atlanta Hawks,126,97,1.39,3.05,False,True,223,29,False
2026-04-30,Playoffs,Detroit Pistons,Orlando Magic,116,109,1.21,4.46,False,True,225,7,False
2026-04-30,Playoffs,Cleveland Cavaliers,Toronto Raptors,125,120,1.24,4.13,False,True,245,5,False
2026-04-30,Playoffs,Los Angeles Lakers,Houston Rockets,93,99,1.61,2.34,False,False,192,-6,False
2026-05-01,Playoffs,Atlanta Hawks,New York Knicks,89,140,2.26,1.66,False,False,229,-51,False
2026-05-01,Playoffs,Philadelphia 76ers,Boston Celtics,106,93,2.94,1.41,False,True,199,13,False
2026-05-01,Playoffs,Minnesota Timberwolves,Denver Nuggets,110,98,3.3,1.34,False,True,208,12,False
2026-05-02,Playoffs,Houston Rockets,Los Angeles Lakers,78,98,1.54,2.52,False,False,176,-20,False
2026-05-02,Playoffs,Toronto Raptors,Cleveland Cavaliers,112,110,2.61,1.51,True,True,222,2,False
2026-05-02,Playoffs,Orlando Magic,Detroit Pistons,79,93,2.34,1.62,False,False,172,-14,False
2026-05-03,Playoffs,Boston Celtics,Philadelphia 76ers,100,109,1.58,2.42,False,False,209,-9,False
2026-05-04,Playoffs,Cleveland Cavaliers,Toronto Raptors,114,102,1.3,3.57,False,True,216,12,False
2026-05-04,Playoffs,Detroit Pistons,Orlando Magic,116,94,1.3,3.56,False,True,210,22,False
2026-05-05,Playoffs,New York Knicks,Philadelphia 76ers,137,98,1.34,3.3,False,True,235,39,False
2026-05-05,Playoffs,San Antonio Spurs,Minnesota Timberwolves,102,104,1.23,4.29,False,False,206,-2,False
2026-05-06,Playoffs,Detroit Pistons,Cleveland Cavaliers,111,101,1.62,2.34,False,True,212,10,False
2026-05-06,Playoffs,Oklahoma City Thunder,Los Angeles Lakers,108,90,1.11,6.98,False,True,198,18,False
2026-05-07,Playoffs,New York Knicks,Philadelphia 76ers,108,102,1.22,4.35,False,True,210,6,False
2026-05-07,Playoffs,San Antonio Spurs,Minnesota Timberwolves,133,95,1.23,4.2,False,True,228,38,False
2026-05-08,Playoffs,Oklahoma City Thunder,Los Angeles Lakers,125,107,1.1,7.45,False,True,232,18,False
2026-05-08,Playoffs,Detroit Pistons,Cleveland Cavaliers,107,97,1.6,2.39,False,True,204,10,False
2026-05-09,Playoffs,Minnesota Timberwolves,San Antonio Spurs,108,115,2.76,1.45,False,False,223,-7,False
2026-05-09,Playoffs,Philadelphia 76ers,New York Knicks,94,108,1.62,2.34,False,False,202,-14,False
2026-05-10,Playoffs,Cleveland Cavaliers,Detroit Pistons,116,109,1.67,2.47,False,True,225,7,False
2026-05-10,Playoffs,Los Angeles Lakers,Oklahoma City Thunder,108,131,3.97,1.26,False,False,239,-23,False
2026-05-11,Playoffs,Philadelphia 76ers,New York Knicks,114,144,2.04,1.79,False,False,258,-30,False
2026-05-11,Playoffs,Minnesota Timberwolves,San Antonio Spurs,114,109,2.63,1.5,False,True,223,5,False
2026-05-12,Playoffs,Cleveland Cavaliers,Detroit Pistons,112,103,1.61,2.34,False,True,215,9,False
2026-05-12,Playoffs,Los Angeles Lakers,Oklahoma City Thunder,110,115,5.55,1.15,False,False,225,-5,False
2026-05-13,Playoffs,San Antonio Spurs,Minnesota Timberwolves,126,97,1.23,4.2,False,True,223,29,False
2026-05-14,Playoffs,Detroit Pistons,Cleveland Cavaliers,113,117,1.58,2.42,True,False,230,-4,False
2026-05-16,Playoffs,Minnesota Timberwolves,San Antonio Spurs,109,139,2.91,1.42,False,False,248,-30,False
2026-05-16,Playoffs,Cleveland Cavaliers,Detroit Pistons,94,115,1.56,2.48,False,False,209,-21,False
2026-05-18,Playoffs,Detroit Pistons,Cleveland Cavaliers,94,125,1.54,2.5,False,False,219,-31,False
2026-05-19,Playoffs,Oklahoma City Thunder,San Antonio Spurs,115,122,1.4,3.01,True,False,237,-7,False
2026-05-20,Playoffs,New York Knicks,Cleveland Cavaliers,115,104,1.43,2.88,True,True,219,11,False
2026-05-21,Playoffs,Oklahoma City Thunder,San Antonio Spurs,122,113,1.39,3.07,False,True,235,9,False
2026-05-22,Playoffs,New York Knicks,Cleveland Cavaliers,109,93,1.47,2.74,False,True,202,16,False
2026-05-23,Playoffs,San Antonio Spurs,Oklahoma City Thunder,108,123,1.76,2.12,False,False,231,-15,False
2026-05-24,Playoffs,Cleveland Cavaliers,New York Knicks,108,121,1.7,2.19,False,False,229,-13,False
2026-05-25,Playoffs,San Antonio Spurs,Oklahoma City Thunder,103,82,1.67,2.23,False,True,185,21,False
2026-05-26,Playoffs,Cleveland Cavaliers,New York Knicks,93,130,2.82,1.73,False,False,223,-37,False
2026-05-27,Playoffs,Oklahoma City Thunder,San Antonio Spurs,127,114,1.61,2.34,False,True,241,13,False
2026-05-29,Playoffs,San Antonio Spurs,Oklahoma City Thunder,118,91,1.61,2.34,False,True,209,27,False
2026-05-31,Playoffs,Oklahoma City Thunder,San Antonio Spurs,103,111,1.68,2.22,False,False,214,-8,False
2026-06-04,Playoffs,San Antonio Spurs,New York Knicks,95,105,1.52,2.58,False,False,200,-10,False
2026-06-06,Playoffs,San Antonio Spurs,New York Knicks,104,105,1.41,2.94,False,False,209,-1,False
2026-06-09,Playoffs,New York Knicks,San Antonio Spurs,111,115,1.8,2.04,False,False,226,-4,False
2026-06-11,Playoffs,New York Knicks,San Antonio Spurs,107,106,1.74,2.12,False,True,213,1,False
2026-06-14,Playoffs,San Antonio Spurs,New York Knicks,90,94,1.49,2.64,False,False,184,-4,False
