date,round,home_team,away_team,home_score,away_score,home_odds,away_odds,overtime,home_win,total_points,point_diff,is_allstar
2024-10-05,Pre-season,Denver Nuggets,Boston Celtics,103,107,2.0,1.79,False,False,210,-4,False
2024-10-05,Pre-season,Los Angeles Lakers,Minnesota Timberwolves,107,124,2.43,1.55,False,False,231,-17,False
2024-10-06,Pre-season,Los Angeles Clippers,Golden State Warriors,90,91,2.75,1.44,False,False,181,-1,False
2024-10-07,Pre-season,Boston Celtics,Denver Nuggets,130,104,1.7,2.15,False,True,234,26,False
2024-10-07,Pre-season,Charlotte Hornets,New York Knicks,109,111,2.31,1.61,False,False,220,-2,False
2024-10-07,Pre-season,Toronto Raptors,Washington Wizards,125,98,2.26,1.64,False,True,223,27,False
2024-10-07,Pre-season,Detroit Pistons,Milwaukee Bucks,120,87,1.61,2.32,False,True,207,33,False
2024-10-07,Pre-season,Los Angeles Lakers,Phoenix Suns,114,118,1.62,2.31,False,False,232,-4,False
2024-10-08,Pre-season,Utah Jazz,Houston Rockets,122,113,2.49,1.53,False,True,235,9,False
2024-10-08,Pre-season,Dallas Mavericks,Memphis Grizzlies,116,121,3.39,1.31,False,False,237,-5,False
2024-10-08,Pre-season,New Orleans Pelicans,Orlando Magic,106,104,1.92,1.89,False,True,210,2,False
2024-10-08,Pre-season,San Antonio Spurs,Oklahoma City Thunder,107,112,2.41,1.56,False,False,219,-5,False
2024-10-09,Pre-season,Charlotte Hornets,Miami Heat,111,108,1.78,2.04,False,True,219,3,False
2024-10-09,Pre-season,Los Angeles Clippers,Brooklyn Nets,115,106,1.46,2.74,False,True,221,9,False
2024-10-09,Pre-season,Atlanta Hawks,Indiana Pacers,131,130,2.03,1.78,False,True,261,1,False
2024-10-09,Pre-season,Cleveland Cavaliers,Chicago Bulls,112,116,1.53,2.5,False,False,228,-4,False
2024-10-09,Pre-season,Detroit Pistons,Phoenix Suns,97,105,1.59,2.35,False,False,202,-8,False
2024-10-10,Pre-season,Oklahoma City Thunder,Houston Rockets,113,122,1.37,3.03,True,False,235,-9,False
2024-10-10,Pre-season,Sacramento Kings,Golden State Warriors,112,122,1.57,2.38,False,False,234,-10,False
2024-10-10,Pre-season,New York Knicks,Washington Wizards,117,94,1.27,3.72,False,True,211,23,False
2024-10-10,Pre-season,San Antonio Spurs,Orlando Magic,107,97,1.9,1.88,False,True,204,10,False
2024-10-11,Pre-season,Cleveland Cavaliers,Indiana Pacers,117,129,2.71,1.46,False,False,246,-12,False
2024-10-11,Pre-season,Milwaukee Bucks,Los Angeles Lakers,102,107,1.52,2.53,False,False,209,-5,False
2024-10-11,Pre-season,Dallas Mavericks,Utah Jazz,102,107,1.48,2.64,False,False,209,-5,False
2024-10-11,Pre-season,Memphis Grizzlies,Charlotte Hornets,94,119,1.53,2.49,False,False,213,-25,False
2024-10-12,Pre-season,Minnesota Timberwolves,Philadelphia 76ers,121,111,1.63,2.29,False,True,232,10,False
2024-10-12,Pre-season,Washington Wizards,Toronto Raptors,113,95,1.84,1.96,False,True,208,18,False
2024-10-12,Pre-season,Golden State Warriors,Sacramento Kings,109,106,2.02,1.8,False,True,215,3,False
2024-10-12,Pre-season,Los Angeles Clippers,Portland Trail Blazers,101,99,1.56,2.46,False,True,200,2,False
2024-10-12,Pre-season,Phoenix Suns,Detroit Pistons,91,109,1.57,2.41,False,False,200,-18,False
2024-10-13,Pre-season,San Antonio Spurs,Utah Jazz,126,120,1.74,2.1,False,True,246,6,False
2024-10-13,Pre-season,Chicago Bulls,Memphis Grizzlies,121,124,1.74,2.11,False,False,245,-3,False
2024-10-13,Pre-season,Boston Celtics,Philadelphia 76ers,139,89,1.3,3.52,False,True,228,50,False
2024-10-14,Pre-season,Golden State Warriors,Detroit Pistons,111,93,1.8,2.01,False,True,204,18,False
2024-10-14,Pre-season,Boston Celtics,Toronto Raptors,115,111,1.95,1.85,False,True,226,4,False
2024-10-14,Pre-season,Denver Nuggets,Phoenix Suns,114,118,1.45,2.8,False,False,232,-4,False
2024-10-14,Pre-season,Sacramento Kings,Portland Trail Blazers,85,105,1.44,2.81,False,False,190,-20,False
2024-10-14,Pre-season,Miami Heat,New Orleans Pelicans,101,99,1.73,2.12,False,True,200,2,False
2024-10-14,Pre-season,New York Knicks,Minnesota Timberwolves,115,110,1.65,2.26,False,True,225,5,False
2024-10-15,Pre-season,Los Angeles Clippers,Dallas Mavericks,110,96,1.49,2.61,False,True,206,14,False
2024-10-15,Pre-season,Milwaukee Bucks,Chicago Bulls,111,107,1.41,2.89,False,True,218,4,False
2024-10-15,Pre-season,Brooklyn Nets,Washington Wizards,131,92,1.64,2.26,False,True,223,39,False
2024-10-15,Pre-season,Indiana Pacers,Memphis Grizzlies,116,120,1.51,2.58,False,False,236,-4,False
2024-10-15,Pre-season,Atlanta Hawks,Philadelphia 76ers,89,104,1.79,2.02,False,False,193,-15,False
2024-10-16,Pre-season,Denver Nuggets,Oklahoma City Thunder,94,124,2.82,1.42,False,False,218,-30,False
2024-10-16,Pre-season,Los Angeles Lakers,Golden State Warriors,97,111,2.17,1.7,False,False,208,-14,False
2024-10-16,Pre-season,Utah Jazz,Sacramento Kings,117,114,2.2,1.69,False,True,231,3,False
2024-10-16,Pre-season,New York Knicks,Charlotte Hornets,111,105,2.23,1.65,False,True,216,6,False
2024-10-16,Pre-season,Houston Rockets,New Orleans Pelicans,118,98,1.63,2.29,False,True,216,20,False
2024-10-16,Pre-season,Miami Heat,San Antonio Spurs,120,117,1.55,2.49,False,True,237,3,False
2024-10-16,Pre-season,Toronto Raptors,Boston Celtics,119,118,4.09,1.23,False,True,237,1,False
2024-10-17,Pre-season,Detroit Pistons,Cleveland Cavaliers,108,92,2.61,1.49,False,True,200,16,False
2024-10-17,Pre-season,Philadelphia 76ers,Brooklyn Nets,117,95,1.98,1.82,False,True,212,22,False
2024-10-17,Pre-season,Miami Heat,Atlanta Hawks,120,111,2.48,1.54,False,True,231,9,False
2024-10-17,Pre-season,Chicago Bulls,Minnesota Timberwolves,125,123,2.62,1.49,False,True,248,2,False
2024-10-18,Pre-season,Minnesota Timberwolves,Denver Nuggets,126,132,3.35,1.32,False,False,258,-6,False
2024-10-18,Pre-season,Indiana Pacers,Charlotte Hornets,121,116,1.47,2.72,True,True,237,5,False
2024-10-18,Pre-season,Dallas Mavericks,Milwaukee Bucks,109,84,1.46,2.77,False,True,193,25,False
2024-10-18,Pre-season,Houston Rockets,San Antonio Spurs,129,107,1.28,3.64,False,True,236,22,False
2024-10-18,Pre-season,Oklahoma City Thunder,Atlanta Hawks,104,99,1.3,3.55,False,True,203,5,False
2024-10-18,Pre-season,Phoenix Suns,Los Angeles Lakers,122,128,1.36,3.1,True,False,250,-6,False
2024-10-18,Pre-season,Los Angeles Clippers,Sacramento Kings,113,91,1.83,1.97,False,True,204,22,False
2024-10-19,Pre-season,Golden State Warriors,Los Angeles Lakers,132,74,1.23,4.13,False,True,206,58,False
2024-10-19,Pre-season,Orlando Magic,Philadelphia 76ers,114,99,1.32,3.33,False,True,213,15,False
2024-10-19,Pre-season,Washington Wizards,New York Knicks,118,117,4.72,1.19,False,True,235,1,False
2024-10-19,Pre-season,Brooklyn Nets,Toronto Raptors,112,116,1.77,2.05,False,False,228,-4,False
2024-10-19,Pre-season,Memphis Grizzlies,Miami Heat,109,114,1.26,3.83,False,False,223,-5,False
2024-10-19,Pre-season,Chicago Bulls,Cleveland Cavaliers,139,137,2.67,1.47,True,True,276,2,False
2024-10-19,Pre-season,Portland Trail Blazers,Utah Jazz,124,86,1.81,2.0,False,True,210,38,False
2024-10-23,,Boston Celtics,New York Knicks,132,109,1.42,2.95,False,True,241,23,False
2024-10-23,,Los Angeles Lakers,Minnesota Timberwolves,110,103,1.96,1.87,False,True,213,7,False
2024-10-24,,Los Angeles Clippers,Phoenix Suns,113,116,2.67,1.5,True,False,229,-3,False
2024-10-24,,Utah Jazz,Memphis Grizzlies,124,126,2.14,1.74,False,False,250,-2,False
2024-10-24,,Houston Rockets,Charlotte Hornets,105,110,1.3,3.63,False,False,215,-5,False
2024-10-24,,New Orleans Pelicans,Chicago Bulls,123,111,1.5,2.66,False,True,234,12,False
2024-10-24,,Portland Trail Blazers,Golden State Warriors,104,140,3.3,1.35,False,False,244,-36,False
2024-10-24,,Toronto Raptors,Cleveland Cavaliers,106,136,3.07,1.39,False,False,242,-30,False
2024-10-24,,Miami Heat,Orlando Magic,97,116,1.77,2.09,False,False,213,-19,False
2024-10-24,,Philadelphia 76ers,Milwaukee Bucks,109,124,2.49,1.55,False,False,233,-15,False
2024-10-24,,Detroit Pistons,Indiana Pacers,109,115,2.85,1.44,False,False,224,-6,False
2024-10-24,,Atlanta Hawks,Brooklyn Nets,120,116,1.35,3.3,False,True,236,4,False
2024-10-25,,Sacramento Kings,Minnesota Timberwolves,115,117,1.94,1.9,False,False,232,-2,False
2024-10-25,,Denver Nuggets,Oklahoma City Thunder,87,102,1.74,2.13,False,False,189,-15,False
2024-10-25,,Washington Wizards,Boston Celtics,102,122,7.99,1.09,False,False,224,-20,False
2024-10-25,,Dallas Mavericks,San Antonio Spurs,120,109,1.26,3.96,False,True,229,11,False
2024-10-26,,Orlando Magic,Brooklyn Nets,116,101,1.15,5.56,False,True,217,15,False
2024-10-26,,New York Knicks,Indiana Pacers,123,98,1.51,2.6,False,True,221,25,False
2024-10-26,,Toronto Raptors,Philadelphia 76ers,115,107,2.76,1.46,False,True,222,8,False
2024-10-26,,Cleveland Cavaliers,Detroit Pistons,113,101,1.18,5.07,False,True,214,12,False
2024-10-26,,Atlanta Hawks,Charlotte Hornets,125,120,1.44,2.85,False,True,245,5,False
2024-10-26,,Houston Rockets,Memphis Grizzlies,128,108,1.59,2.42,False,True,236,20,False
2024-10-26,,Los Angeles Lakers,Phoenix Suns,123,116,1.82,2.02,False,True,239,7,False
2024-10-26,,Milwaukee Bucks,Chicago Bulls,122,133,1.23,4.28,False,False,255,-11,False
2024-10-26,,Portland Trail Blazers,New Orleans Pelicans,103,105,3.11,1.38,False,False,208,-2,False
2024-10-26,,Utah Jazz,Golden State Warriors,86,127,3.09,1.39,False,False,213,-41,False
2024-10-27,,Minnesota Timberwolves,Toronto Raptors,112,101,1.09,7.78,False,True,213,11,False
2024-10-27,,Denver Nuggets,Los Angeles Clippers,104,109,1.31,3.65,False,False,213,-5,False
2024-10-27,,Washington Wizards,Cleveland Cavaliers,116,135,4.44,1.22,False,False,251,-19,False
2024-10-27,,Charlotte Hornets,Miami Heat,106,114,2.95,1.41,False,False,220,-8,False
2024-10-27,,Detroit Pistons,Boston Celtics,118,124,6.87,1.11,False,False,242,-6,False
2024-10-27,,Memphis Grizzlies,Orlando Magic,124,111,1.87,1.97,False,True,235,13,False
2024-10-27,,Chicago Bulls,Oklahoma City Thunder,95,114,4.19,1.24,False,False,209,-19,False
2024-10-27,,San Antonio Spurs,Houston Rockets,109,106,2.05,1.79,False,True,215,3,False
2024-10-27,,Los Angeles Lakers,Sacramento Kings,131,127,1.89,1.94,False,True,258,4,False
2024-10-27,,Phoenix Suns,Dallas Mavericks,114,102,2.37,1.61,False,True,216,12,False
2024-10-28,,Golden State Warriors,Los Angeles Clippers,104,112,1.25,4.06,False,False,216,-8,False
2024-10-28,,Oklahoma City Thunder,Atlanta Hawks,128,104,1.19,4.95,False,True,232,24,False
2024-10-28,,Portland Trail Blazers,New Orleans Pelicans,125,103,3.04,1.4,False,True,228,22,False
2024-10-28,,Indiana Pacers,Philadelphia 76ers,114,118,1.3,3.67,True,False,232,-4,False
2024-10-28,,Brooklyn Nets,Milwaukee Bucks,115,102,3.91,1.27,False,True,217,13,False
2024-10-29,,Miami Heat,Detroit Pistons,106,98,1.27,3.86,False,True,204,8,False
2024-10-29,,Atlanta Hawks,Washington Wizards,119,121,1.33,3.43,False,False,240,-2,False
2024-10-29,,Orlando Magic,Indiana Pacers,119,115,1.48,2.73,False,True,234,4,False
2024-10-29,,Toronto Raptors,Denver Nuggets,125,127,3.86,1.27,True,False,252,-2,False
2024-10-29,,Boston Celtics,Milwaukee Bucks,119,108,1.25,4.1,False,True,227,11,False
2024-10-29,,New York Knicks,Cleveland Cavaliers,104,110,1.69,2.22,False,False,214,-6,False
2024-10-29,,Memphis Grizzlies,Chicago Bulls,123,126,1.48,2.74,False,False,249,-3,False
2024-10-29,,Dallas Mavericks,Utah Jazz,110,102,1.14,6.07,False,True,212,8,False
2024-10-29,,Sacramento Kings,Portland Trail Blazers,111,98,1.12,6.53,False,True,209,13,False
2024-10-29,,Phoenix Suns,Los Angeles Lakers,109,105,1.54,2.54,False,True,214,4,False
2024-10-29,,San Antonio Spurs,Houston Rockets,101,106,2.2,1.7,False,False,207,-5,False
2024-10-30,,Golden State Warriors,New Orleans Pelicans,124,106,2.09,1.77,False,True,230,18,False
2024-10-30,,Minnesota Timberwolves,Dallas Mavericks,114,120,1.56,2.49,False,False,234,-6,False
2024-10-30,,Brooklyn Nets,Denver Nuggets,139,144,2.8,1.46,True,False,283,-5,False
2024-10-30,,Utah Jazz,Sacramento Kings,96,113,3.06,1.39,False,False,209,-17,False
2024-10-31,,Cleveland Cavaliers,Los Angeles Lakers,134,110,1.59,2.42,False,True,244,24,False
2024-10-31,,Indiana Pacers,Boston Celtics,135,132,3.19,1.36,True,True,267,3,False
2024-10-31,,Miami Heat,New York Knicks,107,116,2.04,1.8,False,False,223,-9,False
2024-10-31,,Philadelphia 76ers,Detroit Pistons,95,105,1.57,2.49,False,False,200,-10,False
2024-10-31,,Washington Wizards,Atlanta Hawks,133,120,2.72,1.48,False,True,253,13,False
2024-10-31,,Los Angeles Clippers,Portland Trail Blazers,105,106,1.29,3.7,False,False,211,-1,False
2024-10-31,,Chicago Bulls,Orlando Magic,102,99,2.85,1.44,False,True,201,3,False
2024-10-31,,Memphis Grizzlies,Brooklyn Nets,106,119,1.14,5.9,False,False,225,-13,False
2024-10-31,,Oklahoma City Thunder,San Antonio Spurs,105,93,1.13,6.42,False,True,198,12,False
2024-10-31,,Golden State Warriors,New Orleans Pelicans,104,89,1.62,2.35,False,True,193,15,False
2024-10-31,,Charlotte Hornets,Toronto Raptors,138,133,1.41,2.98,False,True,271,5,False
2024-11-01,,Los Angeles Clippers,Phoenix Suns,119,125,2.53,1.54,False,False,244,-6,False
2024-11-01,,Memphis Grizzlies,Milwaukee Bucks,122,99,2.98,1.41,False,True,221,23,False
2024-11-01,,Dallas Mavericks,Houston Rockets,102,108,1.38,3.13,False,False,210,-6,False
2024-11-01,,Utah Jazz,San Antonio Spurs,88,106,2.15,1.73,False,False,194,-18,False
2024-11-02,,Detroit Pistons,New York Knicks,98,128,3.12,1.38,False,False,226,-30,False
2024-11-02,,Portland Trail Blazers,Oklahoma City Thunder,114,137,5.47,1.16,False,False,251,-23,False
2024-11-02,,Minnesota Timberwolves,Denver Nuggets,119,116,1.59,2.42,False,True,235,3,False
2024-11-02,,New Orleans Pelicans,Indiana Pacers,125,118,2.53,1.54,False,True,243,7,False
2024-11-02,,Toronto Raptors,Los Angeles Lakers,125,131,4.09,1.25,False,False,256,-6,False
2024-11-02,,Brooklyn Nets,Chicago Bulls,120,112,1.84,2.0,False,True,232,8,False
2024-11-02,,Charlotte Hornets,Boston Celtics,109,124,4.97,1.19,False,False,233,-15,False
2024-11-02,,Cleveland Cavaliers,Orlando Magic,120,109,1.33,3.4,False,True,229,11,False
2024-11-02,,Atlanta Hawks,Sacramento Kings,115,123,2.93,1.42,False,False,238,-8,False
2024-11-03,,San Antonio Spurs,Minnesota Timberwolves,113,103,2.42,1.59,False,True,216,10,False
2024-11-03,,Charlotte Hornets,Boston Celtics,103,113,5.0,1.18,False,False,216,-10,False
2024-11-03,,Milwaukee Bucks,Cleveland Cavaliers,113,114,1.77,2.09,False,False,227,-1,False
2024-11-03,,Philadelphia 76ers,Memphis Grizzlies,107,124,1.91,1.94,False,False,231,-17,False
2024-11-03,,Houston Rockets,Golden State Warriors,121,127,1.52,2.61,True,False,248,-6,False
2024-11-03,,Los Angeles Clippers,Oklahoma City Thunder,92,105,2.87,1.44,False,False,197,-13,False
2024-11-03,,Washington Wizards,Miami Heat,98,118,4.49,1.21,False,False,216,-20,False
2024-11-03,,Phoenix Suns,Portland Trail Blazers,103,97,1.11,6.9,False,True,200,6,False
2024-11-03,,Denver Nuggets,Utah Jazz,129,103,1.19,5.05,False,True,232,26,False
2024-11-03,,Toronto Raptors,Sacramento Kings,131,128,4.13,1.25,True,True,259,3,False
2024-11-04,,Dallas Mavericks,Orlando Magic,108,85,1.36,3.23,False,True,193,23,False
2024-11-04,,New Orleans Pelicans,Atlanta Hawks,111,126,1.95,1.9,False,False,237,-15,False
2024-11-04,,Brooklyn Nets,Detroit Pistons,92,106,1.66,2.28,False,False,198,-14,False
2024-11-05,,Miami Heat,Sacramento Kings,110,111,1.84,2.0,False,False,221,-1,False
2024-11-05,,Houston Rockets,New York Knicks,109,97,2.08,1.77,False,True,206,12,False
2024-11-05,,Washington Wizards,Golden State Warriors,112,125,5.15,1.18,False,False,237,-13,False
2024-11-05,,Detroit Pistons,Los Angeles Lakers,115,103,3.31,1.34,False,True,218,12,False
2024-11-05,,Atlanta Hawks,Boston Celtics,93,123,4.8,1.19,False,False,216,-30,False
2024-11-05,,Brooklyn Nets,Memphis Grizzlies,106,104,2.52,1.56,False,True,210,2,False
2024-11-05,,Chicago Bulls,Utah Jazz,126,135,1.33,3.41,False,False,261,-9,False
2024-11-05,,New Orleans Pelicans,Portland Trail Blazers,100,118,1.87,1.97,False,False,218,-18,False
2024-11-05,,Minnesota Timberwolves,Charlotte Hornets,114,93,1.18,5.08,False,True,207,21,False
2024-11-05,,Oklahoma City Thunder,Orlando Magic,102,86,1.12,6.61,False,True,188,16,False
2024-11-05,,Dallas Mavericks,Indiana Pacers,127,134,1.54,2.54,False,False,261,-7,False
2024-11-05,,Denver Nuggets,Toronto Raptors,121,119,1.18,5.03,False,True,240,2,False
2024-11-05,,Phoenix Suns,Philadelphia 76ers,118,116,1.32,3.5,False,True,234,2,False
2024-11-05,,Los Angeles Clippers,San Antonio Spurs,113,104,1.56,2.49,False,True,217,9,False
2024-11-05,,Cleveland Cavaliers,Milwaukee Bucks,116,114,1.28,3.8,False,True,230,2,False
2024-11-07,,Memphis Grizzlies,Los Angeles Lakers,131,114,1.57,2.48,False,True,245,17,False
2024-11-07,,New Orleans Pelicans,Cleveland Cavaliers,122,131,3.12,1.38,False,False,253,-9,False
2024-11-07,,Boston Celtics,Golden State Warriors,112,118,1.38,3.14,False,False,230,-6,False
2024-11-07,,Charlotte Hornets,Detroit Pistons,108,107,1.98,1.86,False,True,215,1,False
2024-11-07,,Houston Rockets,San Antonio Spurs,127,100,1.36,3.19,False,True,227,27,False
2024-11-07,,Sacramento Kings,Toronto Raptors,122,107,1.15,5.6,False,True,229,15,False
2024-11-07,,Dallas Mavericks,Chicago Bulls,119,99,1.2,4.77,False,True,218,20,False
2024-11-07,,Denver Nuggets,Oklahoma City Thunder,124,122,3.27,1.35,False,True,246,2,False
2024-11-07,,Atlanta Hawks,New York Knicks,121,116,3.25,1.35,False,True,237,5,False
2024-11-07,,Los Angeles Clippers,Philadelphia 76ers,110,98,1.79,2.06,False,True,208,12,False
2024-11-07,,Phoenix Suns,Miami Heat,115,112,1.5,2.66,False,True,227,3,False
2024-11-07,,Indiana Pacers,Orlando Magic,118,111,1.47,2.77,False,True,229,7,False
2024-11-08,,Milwaukee Bucks,Utah Jazz,123,100,1.22,4.51,False,True,223,23,False
2024-11-08,,Chicago Bulls,Minnesota Timberwolves,119,135,4.22,1.24,False,False,254,-16,False
2024-11-08,,San Antonio Spurs,Portland Trail Blazers,118,105,1.57,2.45,False,True,223,13,False
2024-11-09,,Charlotte Hornets,Indiana Pacers,103,83,3.2,1.37,False,True,186,20,False
2024-11-09,,Boston Celtics,Brooklyn Nets,108,104,1.11,6.79,True,True,212,4,False
2024-11-09,,Orlando Magic,New Orleans Pelicans,115,88,1.29,3.73,False,True,203,27,False
2024-11-09,,Detroit Pistons,Atlanta Hawks,122,121,1.77,2.1,False,True,243,1,False
2024-11-09,,Dallas Mavericks,Phoenix Suns,113,114,1.7,2.21,False,False,227,-1,False
2024-11-09,,Cleveland Cavaliers,Golden State Warriors,136,117,1.62,2.36,False,True,253,19,False
2024-11-09,,New York Knicks,Milwaukee Bucks,116,94,1.39,3.05,False,True,210,22,False
2024-11-09,,Oklahoma City Thunder,Houston Rockets,126,107,1.3,3.68,False,True,233,19,False
2024-11-09,,Minnesota Timberwolves,Portland Trail Blazers,127,102,1.14,6.13,False,True,229,25,False
2024-11-09,,Denver Nuggets,Miami Heat,135,122,1.66,2.26,False,True,257,13,False
2024-11-09,,Los Angeles Lakers,Philadelphia 76ers,116,106,1.32,3.47,False,True,222,10,False
2024-11-09,,Sacramento Kings,Los Angeles Clippers,98,107,1.4,3.03,False,False,205,-9,False
2024-11-09,,Memphis Grizzlies,Washington Wizards,128,104,1.32,3.45,False,True,232,24,False
2024-11-10,,Cleveland Cavaliers,Brooklyn Nets,105,100,1.12,6.62,False,True,205,5,False
2024-11-10,,Atlanta Hawks,Chicago Bulls,113,125,1.71,2.18,False,False,238,-12,False
2024-11-10,,Los Angeles Clippers,Toronto Raptors,105,103,1.4,3.03,False,True,208,2,False
2024-11-10,,San Antonio Spurs,Utah Jazz,110,111,1.39,3.08,False,False,221,-1,False
2024-11-11,,Milwaukee Bucks,Boston Celtics,107,113,2.63,1.51,False,False,220,-6,False
2024-11-11,,Indiana Pacers,New York Knicks,132,121,2.31,1.64,False,True,253,11,False
2024-11-11,,Oklahoma City Thunder,Golden State Warriors,116,127,1.38,3.12,False,False,243,-11,False
2024-11-11,,Detroit Pistons,Houston Rockets,99,101,2.46,1.57,False,False,200,-2,False
2024-11-11,,Orlando Magic,Washington Wizards,121,94,1.16,5.46,False,True,215,27,False
2024-11-11,,Los Angeles Lakers,Toronto Raptors,123,103,1.18,5.07,False,True,226,20,False
2024-11-11,,Portland Trail Blazers,Memphis Grizzlies,89,134,1.95,1.88,False,False,223,-45,False
2024-11-11,,Philadelphia 76ers,Charlotte Hornets,107,105,1.51,2.62,True,True,212,2,False
2024-11-11,,Phoenix Suns,Sacramento Kings,118,127,1.96,1.87,True,False,245,-9,False
2024-11-11,,Denver Nuggets,Dallas Mavericks,122,120,1.75,2.12,False,True,242,2,False
2024-11-11,,Minnesota Timberwolves,Miami Heat,94,95,1.34,3.34,False,False,189,-1,False
2024-11-12,,San Antonio Spurs,Sacramento Kings,116,96,2.18,1.71,False,True,212,20,False
2024-11-12,,Oklahoma City Thunder,Los Angeles Clippers,134,128,1.36,3.19,False,True,262,6,False
2024-11-12,,Houston Rockets,Washington Wizards,107,92,1.15,5.85,False,True,199,15,False
2024-11-12,,Chicago Bulls,Cleveland Cavaliers,113,119,3.76,1.29,False,False,232,-6,False
2024-11-12,,New Orleans Pelicans,Brooklyn Nets,105,107,2.04,1.81,False,False,212,-2,False
2024-11-13,,Detroit Pistons,Miami Heat,123,121,2.01,1.82,True,True,244,2,False
2024-11-13,,Milwaukee Bucks,Toronto Raptors,99,85,1.26,4.03,False,True,184,14,False
2024-11-13,,Philadelphia 76ers,New York Knicks,99,111,2.35,1.62,False,False,210,-12,False
2024-11-13,,Orlando Magic,Charlotte Hornets,114,89,1.27,3.93,False,True,203,25,False
2024-11-13,,Utah Jazz,Phoenix Suns,112,120,2.71,1.48,False,False,232,-8,False
2024-11-13,,Portland Trail Blazers,Minnesota Timberwolves,122,108,4.16,1.24,False,True,230,14,False
2024-11-13,,Golden State Warriors,Dallas Mavericks,120,117,1.69,2.21,False,True,237,3,False
2024-11-13,,Boston Celtics,Atlanta Hawks,116,117,1.07,9.54,False,False,233,-1,False
2024-11-14,,San Antonio Spurs,Washington Wizards,139,130,1.23,4.33,False,True,269,9,False
2024-11-14,,Oklahoma City Thunder,New Orleans Pelicans,106,88,1.09,7.91,False,True,194,18,False
2024-11-14,,Philadelphia 76ers,Cleveland Cavaliers,106,114,5.32,1.17,False,False,220,-8,False
2024-11-14,,New York Knicks,Chicago Bulls,123,124,1.29,3.71,False,False,247,-1,False
2024-11-14,,Sacramento Kings,Phoenix Suns,127,104,1.29,3.7,False,True,231,23,False
2024-11-14,,Brooklyn Nets,Boston Celtics,114,139,4.61,1.21,False,False,253,-25,False
2024-11-14,,Milwaukee Bucks,Detroit Pistons,127,120,1.36,3.25,True,True,247,7,False
2024-11-14,,Portland Trail Blazers,Minnesota Timberwolves,106,98,4.75,1.2,False,True,204,8,False
2024-11-14,,Los Angeles Lakers,Memphis Grizzlies,128,123,1.33,3.41,False,True,251,5,False
2024-11-14,,Orlando Magic,Indiana Pacers,94,90,1.87,1.96,False,True,184,4,False
2024-11-14,,Houston Rockets,Los Angeles Clippers,111,103,1.5,2.65,False,True,214,8,False
2024-11-15,,Utah Jazz,Dallas Mavericks,115,113,3.59,1.31,False,True,228,2,False
2024-11-16,,Toronto Raptors,Detroit Pistons,95,99,2.2,1.7,False,False,194,-4,False
2024-11-16,,San Antonio Spurs,Los Angeles Lakers,115,120,2.16,1.73,False,False,235,-5,False
2024-11-16,,Atlanta Hawks,Washington Wizards,129,117,1.24,4.17,False,True,246,12,False
2024-11-16,,Indiana Pacers,Miami Heat,111,124,1.53,2.55,False,False,235,-13,False
2024-11-16,,New York Knicks,Brooklyn Nets,124,122,1.25,4.09,False,True,246,2,False
2024-11-16,,Orlando Magic,Philadelphia 76ers,98,86,1.72,2.16,False,True,184,12,False
2024-11-16,,Oklahoma City Thunder,Phoenix Suns,99,83,1.33,3.4,False,True,182,16,False
2024-11-16,,New Orleans Pelicans,Denver Nuggets,101,94,2.1,1.77,False,True,195,7,False
2024-11-16,,Sacramento Kings,Minnesota Timberwolves,126,130,2.04,1.8,True,False,256,-4,False
2024-11-16,,Cleveland Cavaliers,Chicago Bulls,144,126,1.2,4.74,False,True,270,18,False
2024-11-16,,Golden State Warriors,Memphis Grizzlies,123,118,1.34,3.37,False,True,241,5,False
2024-11-16,,Houston Rockets,Los Angeles Clippers,125,104,1.51,2.64,False,True,229,21,False
2024-11-17,,Charlotte Hornets,Milwaukee Bucks,115,114,2.41,1.59,False,True,229,1,False
2024-11-17,,New Orleans Pelicans,Los Angeles Lakers,99,104,3.66,1.3,False,False,203,-5,False
2024-11-17,,Boston Celtics,Toronto Raptors,126,123,1.06,9.84,True,True,249,3,False
2024-11-17,,Dallas Mavericks,San Antonio Spurs,110,93,1.12,6.73,False,True,203,17,False
2024-11-17,,Sacramento Kings,Utah Jazz,121,117,1.35,3.3,False,True,238,4,False
2024-11-18,,Indiana Pacers,Miami Heat,119,110,1.61,2.38,False,True,229,9,False
2024-11-18,,Washington Wizards,Detroit Pistons,104,124,2.71,1.48,False,False,228,-20,False
2024-11-18,,Cleveland Cavaliers,Charlotte Hornets,128,114,1.21,4.61,False,True,242,14,False
2024-11-18,,Minnesota Timberwolves,Phoenix Suns,120,117,1.34,3.34,False,True,237,3,False
2024-11-18,,Memphis Grizzlies,Denver Nuggets,105,90,1.43,2.86,False,True,195,15,False
2024-11-18,,Los Angeles Clippers,Utah Jazz,116,105,1.21,4.54,False,True,221,11,False
2024-11-18,,Chicago Bulls,Houston Rockets,107,143,2.6,1.52,False,False,250,-36,False
2024-11-18,,New York Knicks,Brooklyn Nets,114,104,1.21,4.59,False,True,218,10,False
2024-11-18,,Oklahoma City Thunder,Dallas Mavericks,119,121,1.34,3.31,False,False,240,-2,False
2024-11-18,,Portland Trail Blazers,Atlanta Hawks,114,110,2.49,1.56,False,True,224,4,False
2024-11-19,,Sacramento Kings,Atlanta Hawks,108,109,1.57,2.46,False,False,217,-1,False
2024-11-19,,Los Angeles Clippers,Golden State Warriors,102,99,2.78,1.47,False,True,201,3,False
2024-11-19,,Detroit Pistons,Chicago Bulls,112,122,1.56,2.48,False,False,234,-10,False
2024-11-19,,Phoenix Suns,Orlando Magic,99,109,2.53,1.54,False,False,208,-10,False
2024-11-19,,Miami Heat,Philadelphia 76ers,106,89,1.69,2.22,False,True,195,17,False
2024-11-19,,Toronto Raptors,Indiana Pacers,130,119,2.32,1.63,False,True,249,11,False
2024-11-19,,New York Knicks,Washington Wizards,134,106,1.09,7.95,False,True,240,28,False
2024-11-19,,Milwaukee Bucks,Houston Rockets,101,100,1.63,2.34,False,True,201,1,False
2024-11-20,,Los Angeles Lakers,Utah Jazz,124,118,1.18,4.99,False,True,242,6,False
2024-11-20,,San Antonio Spurs,Oklahoma City Thunder,110,104,4.74,1.2,False,True,214,6,False
2024-11-20,,Brooklyn Nets,Charlotte Hornets,116,115,1.8,2.05,False,True,231,1,False
2024-11-20,,Memphis Grizzlies,Denver Nuggets,110,122,1.42,2.93,False,False,232,-12,False
2024-11-20,,Dallas Mavericks,New Orleans Pelicans,132,91,1.11,7.22,False,True,223,41,False
2024-11-20,,Boston Celtics,Cleveland Cavaliers,120,117,1.38,3.11,False,True,237,3,False
2024-11-21,,Memphis Grizzlies,Philadelphia 76ers,117,111,2.58,1.52,False,True,228,6,False
2024-11-21,,Cleveland Cavaliers,New Orleans Pelicans,128,100,1.1,7.5,False,True,228,28,False
2024-11-21,,Milwaukee Bucks,Chicago Bulls,122,106,1.27,3.92,False,True,228,16,False
2024-11-21,,Oklahoma City Thunder,Portland Trail Blazers,109,99,1.12,6.51,False,True,208,10,False
2024-11-21,,Phoenix Suns,New York Knicks,122,138,2.55,1.53,False,False,260,-16,False
2024-11-21,,Golden State Warriors,Atlanta Hawks,120,97,1.3,3.62,False,True,217,23,False
2024-11-21,,Los Angeles Clippers,Orlando Magic,104,93,2.28,1.66,False,True,197,11,False
2024-11-21,,Houston Rockets,Indiana Pacers,130,113,1.42,2.94,False,True,243,17,False
2024-11-22,,Los Angeles Lakers,Orlando Magic,118,119,1.45,2.85,False,False,237,-1,False
2024-11-22,,San Antonio Spurs,Utah Jazz,126,118,1.67,2.25,False,True,244,8,False
2024-11-22,,Charlotte Hornets,Detroit Pistons,123,121,2.2,1.7,True,True,244,2,False
2024-11-22,,Toronto Raptors,Minnesota Timberwolves,110,105,3.25,1.36,False,True,215,5,False
2024-11-23,,Los Angeles Clippers,Sacramento Kings,104,88,2.42,1.59,False,True,192,16,False
2024-11-23,,Denver Nuggets,Dallas Mavericks,120,123,1.51,2.61,False,False,243,-3,False
2024-11-23,,Chicago Bulls,Atlanta Hawks,136,122,2.06,1.8,False,True,258,14,False
2024-11-23,,New Orleans Pelicans,Golden State Warriors,108,112,4.76,1.2,False,False,220,-4,False
2024-11-23,,Milwaukee Bucks,Indiana Pacers,129,117,1.45,2.82,False,True,246,12,False
2024-11-23,,Washington Wizards,Boston Celtics,96,108,9.0,1.07,False,False,204,-12,False
2024-11-23,,Philadelphia 76ers,Brooklyn Nets,113,98,1.58,2.47,False,True,211,15,False
2024-11-23,,Houston Rockets,Portland Trail Blazers,116,88,1.14,6.02,False,True,204,28,False
2024-11-24,,Los Angeles Lakers,Denver Nuggets,102,127,1.58,2.44,False,False,229,-25,False
2024-11-24,,San Antonio Spurs,Golden State Warriors,104,94,2.36,1.62,False,True,198,10,False
2024-11-24,,Milwaukee Bucks,Charlotte Hornets,125,119,1.31,3.62,False,True,244,6,False
2024-11-24,,Chicago Bulls,Memphis Grizzlies,131,142,2.48,1.56,False,False,273,-11,False
2024-11-24,,Orlando Magic,Detroit Pistons,111,100,1.24,4.21,False,True,211,11,False
2024-11-24,,Houston Rockets,Portland Trail Blazers,98,104,1.13,6.18,False,False,202,-6,False
2024-11-24,,Utah Jazz,New York Knicks,121,106,3.8,1.28,False,True,227,15,False
2024-11-25,,Cleveland Cavaliers,Toronto Raptors,122,108,1.15,5.82,False,True,230,14,False
2024-11-25,,Sacramento Kings,Brooklyn Nets,103,108,1.2,4.72,False,False,211,-5,False
2024-11-25,,Miami Heat,Dallas Mavericks,123,118,1.71,2.19,True,True,241,5,False
2024-11-25,,Philadelphia 76ers,Los Angeles Clippers,99,125,2.01,1.83,False,False,224,-26,False
2024-11-25,,Indiana Pacers,Washington Wizards,115,103,1.13,6.15,False,True,218,12,False
2024-11-25,,Boston Celtics,Minnesota Timberwolves,107,105,1.29,3.77,False,True,212,2,False
2024-11-26,,Detroit Pistons,Toronto Raptors,102,100,1.6,2.41,False,True,202,2,False
2024-11-26,,Atlanta Hawks,Dallas Mavericks,119,129,1.71,2.19,False,False,248,-10,False
2024-11-26,,Boston Celtics,Los Angeles Clippers,126,94,1.19,4.87,False,True,220,32,False
2024-11-26,,Charlotte Hornets,Orlando Magic,84,95,2.55,1.54,False,False,179,-11,False
2024-11-26,,Indiana Pacers,New Orleans Pelicans,114,110,1.32,3.51,False,True,224,4,False
2024-11-26,,Denver Nuggets,New York Knicks,118,145,1.75,2.13,False,False,263,-27,False
2024-11-26,,Sacramento Kings,Oklahoma City Thunder,109,130,2.35,1.62,False,False,239,-21,False
2024-11-26,,Golden State Warriors,Brooklyn Nets,120,128,1.11,7.11,False,False,248,-8,False
2024-11-26,,Memphis Grizzlies,Portland Trail Blazers,123,98,1.2,4.76,False,True,221,25,False
2024-11-27,,Phoenix Suns,Los Angeles Lakers,127,100,1.69,2.22,False,True,227,27,False
2024-11-27,,Utah Jazz,San Antonio Spurs,115,128,2.09,1.78,False,False,243,-13,False
2024-11-27,,Miami Heat,Milwaukee Bucks,103,106,1.44,2.85,False,False,209,-3,False
2024-11-27,,Washington Wizards,Chicago Bulls,108,127,2.77,1.46,False,False,235,-19,False
2024-11-27,,Minnesota Timberwolves,Houston Rockets,111,117,1.68,2.24,True,False,228,-6,False
2024-11-28,,Indiana Pacers,Portland Trail Blazers,121,114,1.24,4.24,False,True,235,7,False
2024-11-28,,Orlando Magic,Chicago Bulls,133,119,1.24,4.17,False,True,252,14,False
2024-11-28,,Charlotte Hornets,Miami Heat,94,98,2.48,1.56,False,False,192,-4,False
2024-11-28,,Dallas Mavericks,New York Knicks,129,114,2.45,1.57,False,True,243,15,False
2024-11-28,,Washington Wizards,Los Angeles Clippers,96,121,4.35,1.24,False,False,217,-25,False
2024-11-28,,Cleveland Cavaliers,Atlanta Hawks,124,135,1.25,4.08,False,False,259,-11,False
2024-11-28,,Philadelphia 76ers,Houston Rockets,115,122,2.78,1.46,True,False,237,-7,False
2024-11-28,,New Orleans Pelicans,Toronto Raptors,93,119,1.88,1.96,False,False,212,-26,False
2024-11-28,,Golden State Warriors,Oklahoma City Thunder,101,105,2.53,1.54,False,False,206,-4,False
2024-11-28,,Phoenix Suns,Brooklyn Nets,117,127,1.24,4.18,False,False,244,-10,False
2024-11-28,,Minnesota Timberwolves,Sacramento Kings,104,115,1.69,2.22,False,False,219,-11,False
2024-11-28,,Utah Jazz,Denver Nuggets,103,122,4.93,1.19,False,False,225,-19,False
2024-11-28,,San Antonio Spurs,Los Angeles Lakers,101,119,2.1,1.77,False,False,220,-18,False
2024-11-28,,Memphis Grizzlies,Detroit Pistons,131,111,1.31,3.65,False,True,242,20,False
2024-11-30,,Minnesota Timberwolves,Los Angeles Clippers,93,92,1.39,3.07,False,True,185,1,False
2024-11-30,,Charlotte Hornets,New York Knicks,98,99,6.64,1.12,False,False,197,-1,False
2024-11-30,,Miami Heat,Toronto Raptors,121,111,1.3,3.67,False,True,232,10,False
2024-11-30,,Brooklyn Nets,Orlando Magic,100,123,3.39,1.33,False,False,223,-23,False
2024-11-30,,Atlanta Hawks,Cleveland Cavaliers,117,101,2.87,1.44,False,True,218,16,False
2024-11-30,,Indiana Pacers,Detroit Pistons,106,130,1.51,2.66,False,False,236,-24,False
2024-11-30,,Chicago Bulls,Boston Celtics,129,138,5.97,1.14,False,False,267,-9,False
2024-11-30,,Portland Trail Blazers,Sacramento Kings,115,106,3.28,1.35,False,True,221,9,False
2024-11-30,,Los Angeles Lakers,Oklahoma City Thunder,93,101,2.27,1.66,False,False,194,-8,False
2024-11-30,,Memphis Grizzlies,New Orleans Pelicans,120,109,1.14,5.98,False,True,229,11,False
2024-12-01,,Charlotte Hornets,Atlanta Hawks,104,107,2.86,1.44,False,False,211,-3,False
2024-12-01,,Detroit Pistons,Philadelphia 76ers,96,111,1.95,1.9,False,False,207,-15,False
2024-12-01,,Milwaukee Bucks,Washington Wizards,124,114,1.09,8.09,False,True,238,10,False
2024-12-01,,Phoenix Suns,Golden State Warriors,113,105,1.88,1.95,False,True,218,8,False
2024-12-01,,Utah Jazz,Dallas Mavericks,94,106,2.98,1.41,False,False,200,-12,False
2024-12-02,,New York Knicks,New Orleans Pelicans,118,85,1.13,6.12,False,True,203,33,False
2024-12-02,,Cleveland Cavaliers,Boston Celtics,115,111,1.84,2.0,False,True,226,4,False
2024-12-02,,Memphis Grizzlies,Indiana Pacers,136,121,1.43,2.91,False,True,257,15,False
2024-12-02,,Brooklyn Nets,Orlando Magic,92,100,3.16,1.37,False,False,192,-8,False
2024-12-02,,Toronto Raptors,Miami Heat,119,116,2.64,1.51,False,True,235,3,False
2024-12-02,,Los Angeles Clippers,Denver Nuggets,126,122,2.29,1.65,False,True,248,4,False
2024-12-02,,Houston Rockets,Oklahoma City Thunder,119,116,2.01,1.83,False,True,235,3,False
2024-12-02,,Utah Jazz,Los Angeles Lakers,104,105,2.72,1.48,False,False,209,-1,False
2024-12-02,,Portland Trail Blazers,Dallas Mavericks,131,137,2.75,1.47,False,False,268,-6,False
2024-12-02,,Sacramento Kings,San Antonio Spurs,125,127,1.41,3.0,False,False,252,-2,False
2024-12-03,,Boston Celtics,Miami Heat,108,89,1.23,4.36,False,True,197,19,False
2024-12-03,,Atlanta Hawks,New Orleans Pelicans,124,112,1.23,4.3,False,True,236,12,False
2024-12-03,,Minnesota Timberwolves,Los Angeles Lakers,109,80,1.35,3.28,False,True,189,29,False
2024-12-03,,Chicago Bulls,Brooklyn Nets,128,102,1.33,3.4,False,True,230,26,False
2024-12-04,,Toronto Raptors,Indiana Pacers,122,111,2.33,1.63,False,True,233,11,False
2024-12-04,,Cleveland Cavaliers,Washington Wizards,118,87,1.07,9.29,False,True,205,31,False
2024-12-04,,Charlotte Hornets,Philadelphia 76ers,104,110,2.61,1.52,False,False,214,-6,False
2024-12-04,,New York Knicks,Orlando Magic,121,106,1.5,2.66,False,True,227,15,False
2024-12-04,,Detroit Pistons,Milwaukee Bucks,107,128,2.24,1.68,False,False,235,-21,False
2024-12-04,,Oklahoma City Thunder,Utah Jazz,133,106,1.1,7.74,False,True,239,27,False
2024-12-04,,Sacramento Kings,Houston Rockets,120,111,1.81,2.05,False,True,231,9,False
2024-12-04,,Denver Nuggets,Golden State Warriors,119,115,1.49,2.67,False,True,234,4,False
2024-12-04,,Los Angeles Clippers,Portland Trail Blazers,127,105,1.26,3.97,False,True,232,22,False
2024-12-04,,Phoenix Suns,San Antonio Spurs,104,93,1.36,3.26,False,True,197,11,False
2024-12-04,,Dallas Mavericks,Memphis Grizzlies,121,116,1.52,2.61,False,True,237,5,False
2024-12-05,,Milwaukee Bucks,Atlanta Hawks,104,119,1.53,2.55,False,False,223,-15,False
2024-12-05,,Boston Celtics,Detroit Pistons,130,120,1.12,6.85,False,True,250,10,False
2024-12-05,,Los Angeles Clippers,Minnesota Timberwolves,80,108,2.57,1.53,False,False,188,-28,False
2024-12-05,,Miami Heat,Los Angeles Lakers,134,93,1.59,2.42,False,True,227,41,False
2024-12-05,,Philadelphia 76ers,Orlando Magic,102,106,3.03,1.41,False,False,208,-4,False
2024-12-05,,Brooklyn Nets,Indiana Pacers,99,90,2.29,1.65,False,True,189,9,False
2024-12-06,,Memphis Grizzlies,Sacramento Kings,115,110,1.65,2.3,False,True,225,5,False
2024-12-06,,Golden State Warriors,Houston Rockets,99,93,2.55,1.54,False,True,192,6,False
2024-12-06,,New Orleans Pelicans,Phoenix Suns,126,124,2.03,1.81,False,True,250,2,False
2024-12-06,,San Antonio Spurs,Chicago Bulls,124,139,1.76,2.11,False,False,263,-15,False
2024-12-06,,Toronto Raptors,Oklahoma City Thunder,92,129,4.85,1.19,False,False,221,-37,False
2024-12-06,,Cleveland Cavaliers,Denver Nuggets,126,114,1.59,2.42,False,True,240,12,False
2024-12-06,,New York Knicks,Charlotte Hornets,125,101,1.08,8.14,False,True,226,24,False
2024-12-06,,Washington Wizards,Dallas Mavericks,101,137,7.56,1.1,False,False,238,-36,False
2024-12-07,,Golden State Warriors,Minnesota Timberwolves,90,107,2.02,1.82,False,False,197,-17,False
2024-12-07,,Portland Trail Blazers,Utah Jazz,99,141,1.6,2.4,False,False,240,-42,False
2024-12-07,,San Antonio Spurs,Sacramento Kings,113,140,3.17,1.38,False,False,253,-27,False
2024-12-07,,Chicago Bulls,Indiana Pacers,123,132,2.37,1.61,False,False,255,-9,False
2024-12-07,,Boston Celtics,Milwaukee Bucks,111,105,1.3,3.66,False,True,216,6,False
2024-12-07,,Philadelphia 76ers,Orlando Magic,102,94,2.27,1.67,False,True,196,8,False
2024-12-07,,Atlanta Hawks,Los Angeles Lakers,134,132,1.6,2.41,True,True,266,2,False
2024-12-08,,Boston Celtics,Memphis Grizzlies,121,127,1.35,3.32,False,False,248,-6,False
2024-12-08,,Miami Heat,Phoenix Suns,121,111,1.48,2.71,False,True,232,10,False
2024-12-08,,Toronto Raptors,Dallas Mavericks,118,125,3.71,1.29,False,False,243,-7,False
2024-12-08,,Washington Wizards,Denver Nuggets,122,113,6.31,1.13,False,True,235,9,False
2024-12-08,,Charlotte Hornets,Cleveland Cavaliers,102,116,6.96,1.11,False,False,218,-14,False
2024-12-08,,New York Knicks,Detroit Pistons,111,120,1.3,3.66,False,False,231,-9,False
2024-12-08,,New Orleans Pelicans,Oklahoma City Thunder,109,119,3.64,1.3,False,False,228,-10,False
2024-12-09,,San Antonio Spurs,New Orleans Pelicans,121,116,1.36,3.25,False,True,237,5,False
2024-12-09,,Chicago Bulls,Philadelphia 76ers,100,108,2.24,1.68,False,False,208,-8,False
2024-12-09,,Brooklyn Nets,Milwaukee Bucks,113,118,2.99,1.41,False,False,231,-5,False
2024-12-09,,Indiana Pacers,Charlotte Hornets,109,113,1.15,5.77,False,False,222,-4,False
2024-12-09,,Miami Heat,Cleveland Cavaliers,122,113,2.18,1.72,False,True,235,9,False
2024-12-09,,Atlanta Hawks,Denver Nuggets,111,141,1.87,1.97,False,False,252,-30,False
2024-12-09,,Los Angeles Lakers,Portland Trail Blazers,107,98,1.34,3.41,False,True,205,9,False
2024-12-09,,Golden State Warriors,Minnesota Timberwolves,114,106,1.84,1.99,False,True,220,8,False
2024-12-09,,Sacramento Kings,Utah Jazz,141,97,1.16,5.38,False,True,238,44,False
2024-12-09,,Los Angeles Clippers,Houston Rockets,106,117,2.28,1.66,False,False,223,-11,False
2024-12-09,,Washington Wizards,Memphis Grizzlies,112,140,4.38,1.22,False,False,252,-28,False
2024-12-09,,Orlando Magic,Phoenix Suns,115,110,1.76,2.11,False,True,225,5,False
2024-12-10,,Toronto Raptors,New York Knicks,108,113,3.5,1.32,False,False,221,-5,False
2024-12-13,,New Orleans Pelicans,Sacramento Kings,109,111,3.24,1.36,False,False,220,-2,False
2024-12-13,,Boston Celtics,Detroit Pistons,123,99,1.15,5.72,False,True,222,24,False
2024-12-13,,Miami Heat,Toronto Raptors,114,104,1.2,4.77,False,True,218,10,False
2024-12-14,,Memphis Grizzlies,Brooklyn Nets,135,119,1.21,4.68,False,True,254,16,False
2024-12-14,,Portland Trail Blazers,San Antonio Spurs,116,118,2.37,1.61,False,False,234,-2,False
2024-12-14,,Utah Jazz,Phoenix Suns,126,134,3.24,1.36,False,False,260,-8,False
2024-12-14,,Denver Nuggets,Los Angeles Clippers,120,98,1.35,3.27,False,True,218,22,False
2024-12-14,,Cleveland Cavaliers,Washington Wizards,115,105,1.05,10.79,False,True,220,10,False
2024-12-14,,Chicago Bulls,Charlotte Hornets,109,95,1.46,2.79,False,True,204,14,False
2024-12-14,,Minnesota Timberwolves,Los Angeles Lakers,97,87,1.27,3.88,False,True,184,10,False
2024-12-14,,Philadelphia 76ers,Indiana Pacers,107,121,1.4,3.07,False,False,228,-14,False
2024-12-16,,Golden State Warriors,Dallas Mavericks,133,143,1.94,1.9,False,False,276,-10,False
2024-12-16,,Los Angeles Lakers,Memphis Grizzlies,116,110,2.13,1.75,False,True,226,6,False
2024-12-16,,Phoenix Suns,Portland Trail Blazers,116,109,1.17,5.28,False,True,225,7,False
2024-12-16,,Indiana Pacers,New Orleans Pelicans,119,104,1.35,3.3,False,True,223,15,False
2024-12-16,,Washington Wizards,Boston Celtics,98,112,11.03,1.05,False,False,210,-14,False
2024-12-16,,Orlando Magic,New York Knicks,91,100,2.54,1.54,False,False,191,-9,False
2024-12-16,,San Antonio Spurs,Minnesota Timberwolves,92,106,2.56,1.53,False,False,198,-14,False
2024-12-17,,Los Angeles Clippers,Utah Jazz,144,107,1.32,3.52,False,True,251,37,False
2024-12-17,,Sacramento Kings,Denver Nuggets,129,130,1.86,1.97,False,False,259,-1,False
2024-12-17,,Brooklyn Nets,Cleveland Cavaliers,101,130,4.77,1.2,False,False,231,-29,False
2024-12-17,,Charlotte Hornets,Philadelphia 76ers,108,121,2.17,1.72,False,False,229,-13,False
2024-12-17,,Detroit Pistons,Miami Heat,125,124,2.58,1.52,True,True,249,1,False
2024-12-17,,Toronto Raptors,Chicago Bulls,121,122,1.98,1.86,False,False,243,-1,False
2024-12-20,,Houston Rockets,New Orleans Pelicans,133,113,1.24,4.19,False,True,246,20,False
2024-12-20,,Memphis Grizzlies,Golden State Warriors,144,93,1.73,2.17,False,True,237,51,False
2024-12-20,,Orlando Magic,Oklahoma City Thunder,99,105,3.16,1.38,False,False,204,-6,False
2024-12-20,,Detroit Pistons,Utah Jazz,119,126,1.53,2.55,False,False,245,-7,False
2024-12-20,,Washington Wizards,Charlotte Hornets,123,114,2.43,1.59,False,True,237,9,False
2024-12-20,,Boston Celtics,Chicago Bulls,108,117,1.09,8.08,False,False,225,-9,False
2024-12-20,,Toronto Raptors,Brooklyn Nets,94,101,1.71,2.18,False,False,195,-7,False
2024-12-20,,San Antonio Spurs,Atlanta Hawks,133,126,1.89,1.95,True,True,259,7,False
2024-12-20,,Dallas Mavericks,Los Angeles Clippers,95,118,1.9,1.93,False,False,213,-23,False
2024-12-20,,Phoenix Suns,Indiana Pacers,111,120,1.41,2.99,False,False,231,-9,False
2024-12-20,,Minnesota Timberwolves,New York Knicks,107,133,1.65,2.29,False,False,240,-26,False
2024-12-20,,Sacramento Kings,Los Angeles Lakers,100,113,1.52,2.59,False,False,213,-13,False
2024-12-20,,Portland Trail Blazers,Denver Nuggets,126,124,3.77,1.29,False,True,250,2,False
2024-12-21,,Miami Heat,Oklahoma City Thunder,97,104,1.95,1.88,False,False,201,-7,False
2024-12-21,,Cleveland Cavaliers,Milwaukee Bucks,124,101,1.27,3.92,False,True,225,23,False
2024-12-21,,Philadelphia 76ers,Charlotte Hornets,108,98,1.13,6.59,False,True,206,10,False
2024-12-22,,Atlanta Hawks,Memphis Grizzlies,112,128,2.12,1.76,False,False,240,-16,False
2024-12-22,,Brooklyn Nets,Utah Jazz,94,105,1.8,2.04,False,False,199,-11,False
2024-12-22,,Cleveland Cavaliers,Philadelphia 76ers,126,99,1.26,4.1,False,True,225,27,False
2024-12-22,,Minnesota Timberwolves,Golden State Warriors,103,113,1.58,2.44,False,False,216,-10,False
2024-12-22,,Orlando Magic,Miami Heat,121,114,1.74,2.15,False,True,235,7,False
2024-12-22,,New Orleans Pelicans,New York Knicks,93,104,3.59,1.31,False,False,197,-11,False
2024-12-22,,San Antonio Spurs,Portland Trail Blazers,114,94,1.36,3.21,False,True,208,20,False
2024-12-22,,Dallas Mavericks,Los Angeles Clippers,113,97,1.61,2.38,False,True,210,16,False
2024-12-22,,Chicago Bulls,Boston Celtics,98,123,5.83,1.15,False,False,221,-25,False
2024-12-22,,Phoenix Suns,Detroit Pistons,125,133,1.44,2.84,False,False,258,-8,False
2024-12-22,,Sacramento Kings,Los Angeles Lakers,99,103,1.6,2.41,False,False,202,-4,False
2024-12-22,,Milwaukee Bucks,Washington Wizards,112,101,1.27,3.95,False,True,213,11,False
2024-12-23,,Sacramento Kings,Indiana Pacers,95,122,1.65,2.29,False,False,217,-27,False
2024-12-23,,Toronto Raptors,Houston Rockets,110,114,4.06,1.26,False,False,224,-4,False
2024-12-23,,New Orleans Pelicans,Denver Nuggets,129,132,4.15,1.25,True,False,261,-3,False
2024-12-24,,Oklahoma City Thunder,Washington Wizards,123,105,1.05,10.89,False,True,228,18,False
2024-12-24,,Cleveland Cavaliers,Utah Jazz,124,113,1.09,7.98,False,True,237,11,False
2024-12-24,,Orlando Magic,Boston Celtics,108,104,4.59,1.2,False,True,212,4,False
2024-12-24,,New York Knicks,Toronto Raptors,139,125,1.11,7.14,False,True,264,14,False
2024-12-24,,Miami Heat,Brooklyn Nets,110,95,1.23,4.3,False,True,205,15,False
2024-12-24,,Atlanta Hawks,Minnesota Timberwolves,117,104,2.31,1.64,False,True,221,13,False
2024-12-24,,Charlotte Hornets,Houston Rockets,101,114,2.96,1.42,False,False,215,-13,False
2024-12-24,,Memphis Grizzlies,Los Angeles Clippers,110,114,1.42,2.96,False,False,224,-4,False
2024-12-24,,Dallas Mavericks,Portland Trail Blazers,132,108,1.12,6.74,False,True,240,24,False
2024-12-24,,Golden State Warriors,Indiana Pacers,105,111,1.48,2.75,False,False,216,-6,False
2024-12-24,,Denver Nuggets,Phoenix Suns,117,90,1.54,2.54,False,True,207,27,False
2024-12-24,,Los Angeles Lakers,Detroit Pistons,114,117,1.39,3.12,False,False,231,-3,False
2024-12-24,,Chicago Bulls,Milwaukee Bucks,91,112,1.69,2.22,False,False,203,-21,False
2024-12-24,,Philadelphia 76ers,San Antonio Spurs,111,106,1.48,2.72,False,True,217,5,False
2024-12-26,,Phoenix Suns,Denver Nuggets,110,100,2.18,1.71,False,True,210,10,False
2024-12-26,,Boston Celtics,Philadelphia 76ers,114,118,1.23,4.37,False,False,232,-4,False
2024-12-26,,Golden State Warriors,Los Angeles Lakers,113,115,1.6,2.39,False,False,228,-2,False
2024-12-26,,New York Knicks,San Antonio Spurs,117,114,1.29,3.77,False,True,231,3,False
2024-12-26,,Dallas Mavericks,Minnesota Timberwolves,99,105,1.49,2.7,False,False,204,-6,False
2024-12-27,,Atlanta Hawks,Chicago Bulls,141,133,1.48,2.76,False,True,274,8,False
2024-12-27,,Sacramento Kings,Detroit Pistons,113,114,1.51,2.64,False,False,227,-1,False
2024-12-27,,Portland Trail Blazers,Utah Jazz,122,120,1.62,2.35,False,True,242,2,False
2024-12-27,,Milwaukee Bucks,Brooklyn Nets,105,111,1.39,3.09,False,False,216,-6,False
2024-12-27,,New Orleans Pelicans,Houston Rockets,111,128,3.25,1.36,False,False,239,-17,False
2024-12-27,,Memphis Grizzlies,Toronto Raptors,155,126,1.17,5.25,False,True,281,29,False
2024-12-27,,Washington Wizards,Charlotte Hornets,113,110,2.61,1.52,False,True,223,3,False
2024-12-27,,Indiana Pacers,Oklahoma City Thunder,114,120,2.76,1.47,False,False,234,-6,False
2024-12-27,,Orlando Magic,Miami Heat,88,89,1.88,1.95,False,False,177,-1,False
2024-12-28,,Phoenix Suns,Dallas Mavericks,89,98,1.87,1.96,False,False,187,-9,False
2024-12-28,,Houston Rockets,Minnesota Timberwolves,112,113,1.89,1.95,False,False,225,-1,False
2024-12-28,,Denver Nuggets,Cleveland Cavaliers,135,149,2.34,1.63,False,False,284,-14,False
2024-12-28,,Los Angeles Clippers,Golden State Warriors,102,92,1.44,2.84,False,True,194,10,False
2024-12-28,,New Orleans Pelicans,Memphis Grizzlies,124,132,3.55,1.32,False,False,256,-8,False
2024-12-28,,Brooklyn Nets,San Antonio Spurs,87,96,3.59,1.31,False,False,183,-9,False
2024-12-28,,Orlando Magic,New York Knicks,85,108,3.08,1.39,False,False,193,-23,False
2024-12-28,,Boston Celtics,Indiana Pacers,142,105,1.15,5.63,False,True,247,37,False
2024-12-29,,Charlotte Hornets,Oklahoma City Thunder,94,106,7.34,1.1,False,False,200,-12,False
2024-12-29,,Atlanta Hawks,Miami Heat,120,110,1.89,1.94,False,True,230,10,False
2024-12-29,,Chicago Bulls,Milwaukee Bucks,116,111,2.16,1.72,False,True,227,5,False
2024-12-29,,Washington Wizards,New York Knicks,132,136,7.04,1.11,True,False,268,-4,False
2024-12-29,,Denver Nuggets,Detroit Pistons,134,121,1.42,2.94,False,True,255,13,False
2024-12-29,,Golden State Warriors,Phoenix Suns,109,105,1.4,3.0,False,True,214,4,False
2024-12-29,,Utah Jazz,Philadelphia 76ers,111,114,3.18,1.37,False,False,225,-3,False
2024-12-29,,Los Angeles Lakers,Sacramento Kings,132,122,2.24,1.67,False,True,254,10,False
2024-12-29,,Portland Trail Blazers,Dallas Mavericks,126,122,2.37,1.61,False,True,248,4,False
2024-12-30,,Orlando Magic,Brooklyn Nets,102,101,1.3,3.63,False,True,203,1,False
2024-12-30,,Boston Celtics,Indiana Pacers,114,123,1.18,5.05,False,False,237,-9,False
2024-12-30,,Toronto Raptors,Atlanta Hawks,107,136,1.91,1.9,False,False,243,-29,False
2024-12-30,,Oklahoma City Thunder,Memphis Grizzlies,130,106,1.32,3.5,False,True,236,24,False
2024-12-30,,Houston Rockets,Miami Heat,100,104,1.28,3.83,False,False,204,-4,False
2024-12-30,,Minnesota Timberwolves,San Antonio Spurs,112,110,1.42,2.92,False,True,222,2,False
2024-12-31,,Washington Wizards,New York Knicks,106,126,6.2,1.13,False,False,232,-20,False
2024-12-31,,Utah Jazz,Denver Nuggets,121,132,3.39,1.33,False,False,253,-11,False
2024-12-31,,Charlotte Hornets,Chicago Bulls,108,115,2.51,1.54,True,False,223,-7,False
2024-12-31,,Sacramento Kings,Dallas Mavericks,110,100,1.3,3.59,False,True,210,10,False
2024-12-31,,Portland Trail Blazers,Philadelphia 76ers,103,125,3.3,1.34,False,False,228,-22,False
2024-12-31,,Golden State Warriors,Cleveland Cavaliers,95,113,2.41,1.59,False,False,208,-18,False
2024-12-31,,New Orleans Pelicans,Los Angeles Clippers,113,116,2.58,1.52,False,False,229,-3,False
2025-01-01,,Los Angeles Lakers,Cleveland Cavaliers,110,122,2.5,1.55,False,False,232,-12,False
2025-01-01,,Indiana Pacers,Milwaukee Bucks,112,120,2.06,1.78,False,False,232,-8,False
2025-01-01,,Boston Celtics,Toronto Raptors,125,71,1.05,10.24,False,True,196,54,False
2025-01-01,,San Antonio Spurs,Los Angeles Clippers,122,86,1.63,2.32,False,True,208,36,False
2025-01-01,,Oklahoma City Thunder,Minnesota Timberwolves,113,105,1.37,3.16,False,True,218,8,False
2025-01-01,,Phoenix Suns,Memphis Grizzlies,112,117,1.46,2.78,False,False,229,-5,False
2025-01-02,,New York Knicks,Utah Jazz,119,103,1.13,6.07,False,True,222,16,False
2025-01-02,,Miami Heat,New Orleans Pelicans,119,108,1.26,3.94,False,True,227,11,False
2025-01-02,,Toronto Raptors,Brooklyn Nets,130,113,1.83,2.01,False,True,243,17,False
2025-01-02,,Denver Nuggets,Atlanta Hawks,139,120,1.27,3.83,False,True,259,19,False
2025-01-02,,Sacramento Kings,Philadelphia 76ers,113,107,1.39,3.06,False,True,220,6,False
2025-01-02,,Washington Wizards,Chicago Bulls,125,107,2.92,1.42,False,True,232,18,False
2025-01-02,,Houston Rockets,Dallas Mavericks,110,99,1.51,2.61,False,True,209,11,False
2025-01-02,,Detroit Pistons,Orlando Magic,105,96,1.75,2.11,False,True,201,9,False
2025-01-03,,Golden State Warriors,Philadelphia 76ers,139,105,1.57,2.44,False,True,244,34,False
2025-01-03,,Milwaukee Bucks,Brooklyn Nets,110,113,1.12,6.52,False,False,223,-3,False
2025-01-03,,Los Angeles Lakers,Portland Trail Blazers,114,106,1.37,3.16,False,True,220,8,False
2025-01-03,,Minnesota Timberwolves,Boston Celtics,115,118,2.16,1.72,False,False,233,-3,False
2025-01-03,,Oklahoma City Thunder,Los Angeles Clippers,116,98,1.14,5.89,False,True,214,18,False
2025-01-03,,Miami Heat,Indiana Pacers,115,128,1.76,2.1,False,False,243,-13,False
2025-01-04,,Houston Rockets,Boston Celtics,86,109,2.29,1.64,False,False,195,-23,False
2025-01-04,,Los Angeles Lakers,Atlanta Hawks,119,102,1.7,2.19,False,True,221,17,False
2025-01-04,,Sacramento Kings,Memphis Grizzlies,138,133,1.65,2.29,False,True,271,5,False
2025-01-04,,Denver Nuggets,San Antonio Spurs,110,113,1.42,2.9,False,False,223,-3,False
2025-01-04,,Dallas Mavericks,Cleveland Cavaliers,122,134,4.33,1.23,False,False,256,-12,False
2025-01-04,,Oklahoma City Thunder,New York Knicks,117,107,1.56,2.45,False,True,224,10,False
2025-01-04,,New Orleans Pelicans,Washington Wizards,132,120,1.32,3.42,False,True,252,12,False
2025-01-04,,Toronto Raptors,Orlando Magic,97,106,2.06,1.78,False,False,203,-9,False
2025-01-04,,Detroit Pistons,Charlotte Hornets,98,94,1.32,3.47,False,True,192,4,False
2025-01-05,,Miami Heat,Utah Jazz,100,136,1.27,3.89,False,False,236,-36,False
2025-01-05,,Indiana Pacers,Phoenix Suns,126,108,1.68,2.22,False,True,234,18,False
2025-01-05,,Detroit Pistons,Minnesota Timberwolves,119,105,3.1,1.39,False,True,224,14,False
2025-01-05,,Milwaukee Bucks,Portland Trail Blazers,102,105,1.14,5.98,False,False,207,-3,False
2025-01-05,,Chicago Bulls,New York Knicks,139,126,2.81,1.44,False,True,265,13,False
2025-01-05,,San Antonio Spurs,Denver Nuggets,111,122,2.26,1.66,True,False,233,-11,False
2025-01-05,,Golden State Warriors,Memphis Grizzlies,121,113,1.65,2.28,False,True,234,8,False
2025-01-05,,Los Angeles Clippers,Atlanta Hawks,131,105,1.36,3.21,False,True,236,26,False
2025-01-05,,Brooklyn Nets,Philadelphia 76ers,94,123,4.13,1.24,False,False,217,-29,False
2025-01-06,,Orlando Magic,Utah Jazz,92,105,1.26,3.96,False,False,197,-13,False
2025-01-06,,Houston Rockets,Los Angeles Lakers,119,115,1.55,2.49,False,True,234,4,False
2025-01-06,,Golden State Warriors,Sacramento Kings,99,129,1.62,2.34,False,False,228,-30,False
2025-01-06,,Cleveland Cavaliers,Charlotte Hornets,115,105,1.07,9.29,False,True,220,10,False
2025-01-06,,Oklahoma City Thunder,Boston Celtics,105,92,1.91,1.92,False,True,197,13,False
2025-01-06,,Washington Wizards,New Orleans Pelicans,98,110,2.89,1.43,False,False,208,-12,False
2025-01-07,,Philadelphia 76ers,Phoenix Suns,99,109,2.05,1.79,False,False,208,-10,False
2025-01-07,,New York Knicks,Orlando Magic,94,103,1.16,5.32,False,False,197,-9,False
2025-01-07,,Toronto Raptors,Milwaukee Bucks,104,128,2.96,1.42,False,False,232,-24,False
2025-01-07,,Detroit Pistons,Portland Trail Blazers,118,115,1.39,3.03,False,True,233,3,False
2025-01-07,,Brooklyn Nets,Indiana Pacers,99,113,5.18,1.17,False,False,212,-14,False
2025-01-07,,Memphis Grizzlies,Dallas Mavericks,119,104,1.54,2.53,False,True,223,15,False
2025-01-07,,Chicago Bulls,San Antonio Spurs,114,110,2.22,1.68,False,True,224,4,False
2025-01-07,,Sacramento Kings,Miami Heat,123,118,1.59,2.41,True,True,241,5,False
2025-01-07,,Minnesota Timberwolves,Los Angeles Clippers,108,106,1.72,2.15,False,True,214,2,False
2025-01-08,,Golden State Warriors,Miami Heat,98,114,1.26,3.98,False,False,212,-16,False
2025-01-08,,Denver Nuggets,Boston Celtics,106,118,4.39,1.23,False,False,224,-12,False
2025-01-08,,Utah Jazz,Atlanta Hawks,121,124,2.78,1.46,False,False,245,-3,False
2025-01-08,,Washington Wizards,Houston Rockets,112,135,7.14,1.11,False,False,247,-23,False
2025-01-08,,Dallas Mavericks,Los Angeles Lakers,118,97,3.05,1.4,False,True,215,21,False
2025-01-08,,Charlotte Hornets,Phoenix Suns,115,104,2.64,1.5,False,True,219,11,False
2025-01-08,,New Orleans Pelicans,Minnesota Timberwolves,97,104,2.44,1.57,False,False,201,-7,False
2025-01-09,,New Orleans Pelicans,Portland Trail Blazers,100,119,1.79,2.05,False,False,219,-19,False
2025-01-09,,Denver Nuggets,Los Angeles Clippers,126,103,2.5,1.55,False,True,229,23,False
2025-01-09,,Milwaukee Bucks,San Antonio Spurs,121,105,1.52,2.58,False,True,226,16,False
2025-01-09,,Brooklyn Nets,Detroit Pistons,98,113,4.14,1.24,False,False,211,-15,False
2025-01-09,,Cleveland Cavaliers,Oklahoma City Thunder,129,122,1.68,2.22,False,True,251,7,False
2025-01-09,,Indiana Pacers,Chicago Bulls,129,113,1.48,2.7,False,True,242,16,False
2025-01-09,,Philadelphia 76ers,Washington Wizards,109,103,1.21,4.6,False,True,212,6,False
2025-01-09,,New York Knicks,Toronto Raptors,112,98,1.13,6.07,False,True,210,14,False
2025-01-10,,Orlando Magic,Minnesota Timberwolves,89,104,2.81,1.45,False,False,193,-15,False
2025-01-10,,Cleveland Cavaliers,Toronto Raptors,132,126,1.09,7.62,False,True,258,6,False
2025-01-10,,Dallas Mavericks,Portland Trail Blazers,117,111,1.32,3.45,False,True,228,6,False
2025-01-10,,Detroit Pistons,Golden State Warriors,104,107,2.22,1.68,False,False,211,-3,False
2025-01-10,,Utah Jazz,Miami Heat,92,97,2.79,1.45,False,False,189,-5,False
2025-01-10,,Phoenix Suns,Atlanta Hawks,123,115,1.42,2.93,False,True,238,8,False
2025-01-10,,Memphis Grizzlies,Houston Rockets,115,119,1.7,2.19,False,False,234,-4,False
2025-01-11,,Denver Nuggets,Brooklyn Nets,124,105,1.08,7.89,False,True,229,19,False
2025-01-11,,Philadelphia 76ers,New Orleans Pelicans,115,123,1.37,3.18,False,False,238,-8,False
2025-01-11,,Orlando Magic,Milwaukee Bucks,106,109,2.96,1.41,False,False,215,-3,False
2025-01-11,,Indiana Pacers,Golden State Warriors,108,96,1.18,4.99,False,True,204,12,False
2025-01-11,,New York Knicks,Oklahoma City Thunder,101,126,2.27,1.66,False,False,227,-25,False
2025-01-11,,Boston Celtics,Sacramento Kings,97,114,1.15,5.69,False,False,211,-17,False
2025-01-11,,Chicago Bulls,Washington Wizards,138,105,1.19,4.9,False,True,243,33,False
2025-01-12,,Portland Trail Blazers,Miami Heat,98,119,2.56,1.53,False,False,217,-21,False
2025-01-12,,Minnesota Timberwolves,Memphis Grizzlies,125,127,1.78,2.06,False,False,252,-2,False
2025-01-12,,Phoenix Suns,Utah Jazz,114,106,1.17,5.32,False,True,220,8,False
2025-01-12,,Detroit Pistons,Toronto Raptors,123,114,1.47,2.75,False,True,237,9,False
2025-01-13,,New York Knicks,Milwaukee Bucks,140,106,1.5,2.64,False,True,246,34,False
2025-01-13,,Washington Wizards,Oklahoma City Thunder,95,136,9.56,1.06,False,False,231,-41,False
2025-01-13,,Chicago Bulls,Sacramento Kings,119,124,2.64,1.5,False,False,243,-5,False
2025-01-13,,Orlando Magic,Philadelphia 76ers,104,99,1.83,2.01,False,True,203,5,False
2025-01-13,,Dallas Mavericks,Denver Nuggets,101,112,2.94,1.41,False,False,213,-11,False
2025-01-13,,Cleveland Cavaliers,Indiana Pacers,93,108,1.24,4.2,False,False,201,-15,False
2025-01-13,,Boston Celtics,New Orleans Pelicans,120,119,1.08,8.24,False,True,239,1,False
2025-01-13,,Phoenix Suns,Charlotte Hornets,120,113,1.36,3.23,False,True,233,7,False
2025-01-13,,Utah Jazz,Brooklyn Nets,112,111,1.63,2.31,True,True,223,1,False
2025-01-14,,Los Angeles Lakers,San Antonio Spurs,102,126,1.54,2.52,False,False,228,-24,False
2025-01-14,,Washington Wizards,Minnesota Timberwolves,106,120,7.74,1.09,False,False,226,-14,False
2025-01-14,,Toronto Raptors,Golden State Warriors,104,101,2.76,1.46,False,True,205,3,False
2025-01-14,,New York Knicks,Detroit Pistons,119,124,1.3,3.62,False,False,243,-5,False
2025-01-14,,Houston Rockets,Memphis Grizzlies,120,118,1.7,2.18,False,True,238,2,False
2025-01-14,,Los Angeles Clippers,Miami Heat,109,98,1.3,3.61,False,True,207,11,False
2025-01-15,,Atlanta Hawks,Phoenix Suns,122,117,2.11,1.75,False,True,239,5,False
2025-01-15,,Milwaukee Bucks,Sacramento Kings,130,115,1.76,2.1,False,True,245,15,False
2025-01-15,,Philadelphia 76ers,Oklahoma City Thunder,102,118,9.48,1.07,False,False,220,-16,False
2025-01-15,,Indiana Pacers,Cleveland Cavaliers,117,127,3.67,1.29,False,False,244,-10,False
2025-01-15,,Dallas Mavericks,Denver Nuggets,99,118,2.17,1.71,False,False,217,-19,False
2025-01-15,,Portland Trail Blazers,Brooklyn Nets,114,132,1.58,2.42,False,False,246,-18,False
2025-01-15,,Chicago Bulls,New Orleans Pelicans,113,119,1.79,2.05,False,False,232,-6,False
2025-01-16,,New Orleans Pelicans,Dallas Mavericks,119,116,1.87,1.96,False,True,235,3,False
2025-01-16,,Philadelphia 76ers,New York Knicks,119,125,2.75,1.46,True,False,244,-6,False
2025-01-16,,Milwaukee Bucks,Orlando Magic,122,93,1.4,3.01,False,True,215,29,False
2025-01-16,,San Antonio Spurs,Memphis Grizzlies,115,129,2.19,1.7,False,False,244,-14,False
2025-01-16,,Denver Nuggets,Houston Rockets,108,128,2.74,1.47,False,False,236,-20,False
2025-01-16,,Toronto Raptors,Boston Celtics,110,97,7.69,1.09,False,True,207,13,False
2025-01-16,,Chicago Bulls,Atlanta Hawks,94,110,1.41,2.96,False,False,204,-16,False
2025-01-16,,Minnesota Timberwolves,Golden State Warriors,115,116,1.37,3.21,False,False,231,-1,False
2025-01-16,,Los Angeles Lakers,Miami Heat,117,108,1.53,2.54,False,True,225,9,False
2025-01-16,,Los Angeles Clippers,Brooklyn Nets,126,67,1.09,7.57,False,True,193,59,False
2025-01-16,,Utah Jazz,Charlotte Hornets,112,117,2.79,1.45,False,False,229,-5,False
2025-01-17,,Washington Wizards,Phoenix Suns,123,130,5.72,1.15,False,False,253,-7,False
2025-01-17,,Detroit Pistons,Indiana Pacers,100,111,2.09,1.77,False,False,211,-11,False
2025-01-17,,Oklahoma City Thunder,Cleveland Cavaliers,134,114,1.7,2.2,False,True,248,20,False
2025-01-17,,Portland Trail Blazers,Los Angeles Clippers,89,118,3.26,1.35,False,False,207,-29,False
2025-01-17,,Sacramento Kings,Houston Rockets,132,127,1.53,2.57,False,True,259,5,False
2025-01-18,,Miami Heat,Denver Nuggets,113,133,2.25,1.67,False,False,246,-20,False
2025-01-18,,New York Knicks,Minnesota Timberwolves,99,116,1.66,2.27,False,False,215,-17,False
2025-01-18,,New Orleans Pelicans,Utah Jazz,136,123,1.16,5.48,False,True,259,13,False
2025-01-18,,Milwaukee Bucks,Toronto Raptors,130,112,1.16,5.35,False,True,242,18,False
2025-01-18,,Dallas Mavericks,Oklahoma City Thunder,106,98,2.24,1.68,False,True,204,8,False
2025-01-18,,Chicago Bulls,Charlotte Hornets,123,125,1.54,2.53,False,False,248,-2,False
2025-01-18,,San Antonio Spurs,Memphis Grizzlies,112,140,1.82,2.0,False,False,252,-28,False
2025-01-18,,Los Angeles Lakers,Brooklyn Nets,102,101,1.21,4.56,False,True,203,1,False
2025-01-18,,Boston Celtics,Orlando Magic,121,94,1.08,8.18,False,True,215,27,False
2025-01-19,,Detroit Pistons,Phoenix Suns,121,125,1.92,1.91,False,False,246,-4,False
2025-01-19,,Boston Celtics,Atlanta Hawks,115,119,1.22,4.32,True,False,234,-4,False
2025-01-19,,Golden State Warriors,Washington Wizards,122,114,1.11,7.05,False,True,236,8,False
2025-01-19,,Minnesota Timberwolves,Cleveland Cavaliers,117,124,2.66,1.5,False,False,241,-7,False
2025-01-19,,Portland Trail Blazers,Houston Rockets,103,125,4.95,1.18,False,False,228,-22,False
2025-01-19,,Indiana Pacers,Philadelphia 76ers,115,102,1.22,4.48,False,True,217,13,False
2025-01-20,,Miami Heat,San Antonio Spurs,128,107,1.65,2.28,False,True,235,21,False
2025-01-20,,Orlando Magic,Denver Nuggets,100,113,3.43,1.32,False,False,213,-13,False
2025-01-20,,Milwaukee Bucks,Philadelphia 76ers,123,109,1.12,6.28,False,True,232,14,False
2025-01-20,,Oklahoma City Thunder,Brooklyn Nets,127,101,1.06,9.84,False,True,228,26,False
2025-01-20,,Sacramento Kings,Washington Wizards,123,100,1.05,10.52,False,True,223,23,False
2025-01-20,,Portland Trail Blazers,Chicago Bulls,113,102,2.57,1.52,False,True,215,11,False
2025-01-20,,Los Angeles Clippers,Los Angeles Lakers,116,102,1.53,2.54,False,True,218,14,False
2025-01-21,,Houston Rockets,Detroit Pistons,96,107,1.32,3.48,False,False,203,-11,False
2025-01-21,,Cleveland Cavaliers,Phoenix Suns,118,92,1.33,3.43,False,True,210,26,False
2025-01-21,,New York Knicks,Atlanta Hawks,119,110,1.33,3.39,False,True,229,9,False
2025-01-21,,Memphis Grizzlies,Minnesota Timberwolves,108,106,1.47,2.77,False,True,214,2,False
2025-01-21,,Golden State Warriors,Boston Celtics,85,125,4.27,1.24,False,False,210,-40,False
2025-01-21,,Charlotte Hornets,Dallas Mavericks,110,105,2.53,1.54,False,True,215,5,False
2025-01-21,,New Orleans Pelicans,Utah Jazz,123,119,1.17,5.3,True,True,242,4,False
2025-01-21,,Los Angeles Clippers,Chicago Bulls,99,112,1.41,3.01,False,False,211,-13,False
2025-01-22,,Toronto Raptors,Orlando Magic,109,93,1.97,1.87,False,True,202,16,False
2025-01-22,,Miami Heat,Portland Trail Blazers,107,116,1.25,4.1,False,False,223,-9,False
2025-01-22,,Denver Nuggets,Philadelphia 76ers,144,109,1.15,5.84,False,True,253,35,False
2025-01-22,,Brooklyn Nets,New York Knicks,95,99,5.77,1.14,False,False,194,-4,False
2025-01-22,,Los Angeles Lakers,Washington Wizards,111,88,1.11,6.85,False,True,199,23,False
2025-01-23,,Houston Rockets,Cleveland Cavaliers,109,108,2.0,1.84,False,True,217,1,False
2025-01-23,,Brooklyn Nets,Phoenix Suns,84,108,6.52,1.12,False,False,192,-24,False
2025-01-23,,Atlanta Hawks,Detroit Pistons,104,114,1.57,2.46,False,False,218,-10,False
2025-01-23,,Oklahoma City Thunder,Utah Jazz,123,114,1.06,9.8,False,True,237,9,False
2025-01-23,,Sacramento Kings,Golden State Warriors,123,117,1.34,3.38,False,True,240,6,False
2025-01-23,,Memphis Grizzlies,Charlotte Hornets,132,120,1.15,5.6,False,True,252,12,False
2025-01-23,,Dallas Mavericks,Minnesota Timberwolves,114,115,2.41,1.6,False,False,229,-1,False
2025-01-23,,Los Angeles Clippers,Boston Celtics,113,117,5.98,1.14,True,False,230,-4,False
2025-01-24,,Golden State Warriors,Chicago Bulls,131,106,1.57,2.46,False,True,237,25,False
2025-01-24,,Indiana Pacers,San Antonio Spurs,110,140,1.7,2.19,False,False,250,-30,False
2025-01-24,,Los Angeles Lakers,Boston Celtics,117,96,2.97,1.41,False,True,213,21,False
2025-01-24,,Denver Nuggets,Sacramento Kings,132,123,1.32,3.44,False,True,255,9,False
2025-01-24,,Milwaukee Bucks,Miami Heat,125,96,1.4,3.04,False,True,221,29,False
2025-01-24,,Oklahoma City Thunder,Dallas Mavericks,115,121,1.15,5.67,False,False,236,-6,False
2025-01-24,,Atlanta Hawks,Toronto Raptors,119,122,1.47,2.76,False,False,241,-3,False
2025-01-24,,Orlando Magic,Portland Trail Blazers,79,101,1.38,3.14,False,False,180,-22,False
2025-01-24,,Los Angeles Clippers,Washington Wizards,110,93,1.09,7.84,False,True,203,17,False
2025-01-25,,Memphis Grizzlies,New Orleans Pelicans,139,126,1.23,4.35,False,True,265,13,False
2025-01-25,,Charlotte Hornets,Portland Trail Blazers,97,102,1.96,1.89,False,False,199,-5,False
2025-01-25,,Philadelphia 76ers,Cleveland Cavaliers,132,129,4.49,1.22,False,True,261,3,False
2025-01-26,,Minnesota Timberwolves,Denver Nuggets,133,104,2.44,1.58,False,True,237,29,False
2025-01-26,,Dallas Mavericks,Boston Celtics,107,122,3.93,1.27,False,False,229,-15,False
2025-01-26,,Brooklyn Nets,Miami Heat,97,106,3.33,1.34,False,False,203,-9,False
2025-01-26,,Orlando Magic,Detroit Pistons,121,113,1.63,2.33,False,True,234,8,False
2025-01-26,,Charlotte Hornets,New Orleans Pelicans,123,92,2.07,1.78,False,True,215,31,False
2025-01-26,,Cleveland Cavaliers,Houston Rockets,131,135,1.54,2.54,False,False,266,-4,False
2025-01-26,,Golden State Warriors,Los Angeles Lakers,108,118,1.95,1.88,False,False,226,-10,False
2025-01-26,,Chicago Bulls,Philadelphia 76ers,97,109,1.6,2.39,False,False,206,-12,False
2025-01-26,,San Antonio Spurs,Indiana Pacers,98,136,2.17,1.72,False,False,234,-38,False
2025-01-26,,Phoenix Suns,Washington Wizards,119,109,1.1,7.51,False,True,228,10,False
2025-01-26,,Los Angeles Clippers,Milwaukee Bucks,127,117,1.62,2.36,False,True,244,10,False
2025-01-26,,Memphis Grizzlies,Utah Jazz,125,103,1.19,4.94,False,True,228,22,False
2025-01-26,,Atlanta Hawks,Toronto Raptors,94,117,1.45,2.84,False,False,211,-23,False
2025-01-26,,New York Knicks,Sacramento Kings,143,120,1.53,2.58,False,True,263,23,False
2025-01-27,,Portland Trail Blazers,Oklahoma City Thunder,108,118,7.24,1.1,False,False,226,-10,False
2025-01-28,,Dallas Mavericks,Washington Wizards,130,108,1.12,6.63,False,True,238,22,False
2025-01-28,,Boston Celtics,Houston Rockets,112,114,1.44,2.82,False,False,226,-2,False
2025-01-28,,Cleveland Cavaliers,Detroit Pistons,110,91,1.2,4.72,False,True,201,19,False
2025-01-28,,Miami Heat,Orlando Magic,125,119,1.95,1.88,True,True,244,6,False
2025-01-28,,New York Knicks,Memphis Grizzlies,143,106,1.61,2.37,False,True,249,37,False
2025-01-28,,Brooklyn Nets,Sacramento Kings,96,110,5.99,1.14,False,False,206,-14,False
2025-01-28,,Charlotte Hornets,Los Angeles Lakers,107,112,2.69,1.49,False,False,219,-5,False
2025-01-28,,Chicago Bulls,Denver Nuggets,129,121,4.1,1.25,False,True,250,8,False
2025-01-28,,Utah Jazz,Milwaukee Bucks,110,125,4.03,1.26,False,False,235,-15,False
2025-01-28,,Phoenix Suns,Los Angeles Clippers,111,109,2.0,1.85,False,True,220,2,False
2025-01-28,,Minnesota Timberwolves,Atlanta Hawks,100,92,1.19,4.89,False,True,192,8,False
2025-01-28,,Toronto Raptors,New Orleans Pelicans,113,104,1.95,1.89,False,True,217,9,False
2025-01-29,,Philadelphia 76ers,Los Angeles Lakers,118,104,2.62,1.51,False,True,222,14,False
2025-01-29,,Atlanta Hawks,Houston Rockets,96,100,2.57,1.52,False,False,196,-4,False
2025-01-29,,Portland Trail Blazers,Milwaukee Bucks,125,112,2.83,1.44,False,True,237,13,False
2025-01-29,,Golden State Warriors,Utah Jazz,114,103,1.2,4.8,False,True,217,11,False
2025-01-30,,Charlotte Hornets,Brooklyn Nets,83,104,1.8,2.06,False,False,187,-21,False
2025-01-30,,Miami Heat,Cleveland Cavaliers,106,126,2.86,1.44,False,False,232,-20,False
2025-01-30,,Washington Wizards,Toronto Raptors,82,106,2.85,1.44,False,False,188,-24,False
2025-01-30,,Indiana Pacers,Detroit Pistons,133,119,1.44,2.83,False,True,252,14,False
2025-01-30,,Philadelphia 76ers,Sacramento Kings,117,104,3.68,1.29,False,True,221,13,False
2025-01-30,,New York Knicks,Denver Nuggets,122,112,1.7,2.21,False,True,234,10,False
2025-01-30,,New Orleans Pelicans,Dallas Mavericks,136,137,1.94,1.89,False,False,273,-1,False
2025-01-30,,Boston Celtics,Chicago Bulls,122,100,1.1,7.26,False,True,222,22,False
2025-01-30,,San Antonio Spurs,Los Angeles Clippers,116,128,2.42,1.59,False,False,244,-12,False
2025-01-30,,Phoenix Suns,Minnesota Timberwolves,113,121,1.86,1.99,False,False,234,-8,False
2025-01-30,,Golden State Warriors,Oklahoma City Thunder,116,109,4.42,1.21,False,True,225,7,False
2025-01-31,,Washington Wizards,Los Angeles Lakers,96,134,3.91,1.27,False,False,230,-38,False
2025-01-31,,Cleveland Cavaliers,Atlanta Hawks,137,115,1.17,5.21,False,True,252,22,False
2025-01-31,,Utah Jazz,Minnesota Timberwolves,113,138,2.91,1.43,False,False,251,-25,False
2025-01-31,,Memphis Grizzlies,Houston Rockets,120,119,1.57,2.45,False,True,239,1,False
2025-01-31,,Portland Trail Blazers,Orlando Magic,119,90,2.65,1.5,False,True,209,29,False
2025-02-01,,Toronto Raptors,Chicago Bulls,106,122,1.58,2.44,False,False,228,-16,False
2025-02-01,,Charlotte Hornets,Los Angeles Clippers,104,112,6.89,1.11,False,False,216,-8,False
2025-02-01,,Philadelphia 76ers,Denver Nuggets,134,137,4.14,1.24,False,False,271,-3,False
2025-02-01,,Golden State Warriors,Phoenix Suns,105,130,2.15,1.75,False,False,235,-25,False
2025-02-01,,San Antonio Spurs,Milwaukee Bucks,144,118,2.16,1.73,False,True,262,26,False
2025-02-01,,New Orleans Pelicans,Boston Celtics,116,118,5.73,1.15,False,False,234,-2,False
2025-02-01,,Detroit Pistons,Dallas Mavericks,117,102,1.97,1.86,False,True,219,15,False
2025-02-02,,Charlotte Hornets,Denver Nuggets,104,107,6.46,1.12,False,False,211,-3,False
2025-02-02,,Minnesota Timberwolves,Washington Wizards,103,105,1.16,5.51,False,False,208,-2,False
2025-02-02,,Indiana Pacers,Atlanta Hawks,132,127,1.25,4.13,False,True,259,5,False
2025-02-02,,Utah Jazz,Orlando Magic,113,99,2.43,1.59,False,True,212,14,False
2025-02-02,,San Antonio Spurs,Miami Heat,103,105,2.18,1.74,False,False,208,-2,False
2025-02-02,,Houston Rockets,Brooklyn Nets,98,110,1.12,6.61,False,False,208,-12,False
2025-02-02,,Portland Trail Blazers,Phoenix Suns,127,108,2.48,1.56,False,True,235,19,False
2025-02-02,,New York Knicks,Los Angeles Lakers,112,128,1.19,4.93,False,False,240,-16,False
2025-02-02,,Oklahoma City Thunder,Sacramento Kings,144,110,1.33,3.41,False,True,254,34,False
2025-02-03,,Detroit Pistons,Chicago Bulls,127,119,1.44,2.87,False,True,246,8,False
2025-02-03,,Toronto Raptors,Los Angeles Clippers,115,108,2.79,1.46,False,True,223,7,False
2025-02-03,,Cleveland Cavaliers,Dallas Mavericks,144,101,1.07,8.93,False,True,245,43,False
2025-02-03,,Philadelphia 76ers,Boston Celtics,110,118,5.61,1.16,False,False,228,-8,False
2025-02-03,,Milwaukee Bucks,Memphis Grizzlies,119,132,1.58,2.47,False,False,251,-13,False
2025-02-04,,Memphis Grizzlies,San Antonio Spurs,128,109,1.6,2.42,False,True,237,19,False
2025-02-04,,Charlotte Hornets,Washington Wizards,114,124,1.53,2.58,False,False,238,-10,False
2025-02-04,,Detroit Pistons,Atlanta Hawks,130,132,1.54,2.55,False,False,262,-2,False
2025-02-04,,Minnesota Timberwolves,Sacramento Kings,114,116,1.51,2.62,False,False,230,-2,False
2025-02-04,,Oklahoma City Thunder,Milwaukee Bucks,125,96,1.07,10.27,False,True,221,29,False
2025-02-04,,Portland Trail Blazers,Phoenix Suns,121,119,2.7,1.49,True,True,240,2,False
2025-02-04,,Utah Jazz,Indiana Pacers,111,112,3.08,1.39,False,False,223,-1,False
2025-02-04,,Denver Nuggets,New Orleans Pelicans,125,113,1.23,4.4,False,True,238,12,False
2025-02-04,,Golden State Warriors,Orlando Magic,104,99,1.62,2.36,False,True,203,5,False
2025-02-04,,New York Knicks,Houston Rockets,124,118,1.37,3.18,False,True,242,6,False
2025-02-05,,Toronto Raptors,New York Knicks,115,121,2.84,1.45,False,False,236,-6,False
2025-02-05,,Cleveland Cavaliers,Boston Celtics,105,112,1.86,1.98,False,False,217,-7,False
2025-02-05,,Brooklyn Nets,Houston Rockets,99,97,4.19,1.24,False,True,196,2,False
2025-02-05,,Los Angeles Clippers,Los Angeles Lakers,97,122,1.29,3.78,False,False,219,-25,False
2025-02-05,,Chicago Bulls,Miami Heat,133,124,2.36,1.61,False,True,257,9,False
2025-02-05,,Portland Trail Blazers,Indiana Pacers,112,89,2.75,1.47,False,True,201,23,False
2025-02-05,,Philadelphia 76ers,Dallas Mavericks,118,116,1.55,2.51,False,True,234,2,False
2025-02-06,,Oklahoma City Thunder,Phoenix Suns,140,109,1.13,6.27,False,True,249,31,False
2025-02-06,,Detroit Pistons,Cleveland Cavaliers,115,118,2.38,1.61,False,False,233,-3,False
2025-02-06,,Charlotte Hornets,Milwaukee Bucks,102,112,5.03,1.18,False,False,214,-10,False
2025-02-06,,Atlanta Hawks,San Antonio Spurs,125,126,2.49,1.55,False,False,251,-1,False
2025-02-06,,Philadelphia 76ers,Miami Heat,101,108,1.79,2.08,False,False,209,-7,False
2025-02-06,,Toronto Raptors,Memphis Grizzlies,107,138,4.69,1.21,False,False,245,-31,False
2025-02-06,,Brooklyn Nets,Washington Wizards,102,119,1.46,2.78,False,False,221,-17,False
2025-02-06,,Minnesota Timberwolves,Chicago Bulls,127,108,1.17,5.32,False,True,235,19,False
2025-02-06,,Utah Jazz,Golden State Warriors,131,128,3.12,1.38,False,True,259,3,False
2025-02-06,,Denver Nuggets,New Orleans Pelicans,144,119,1.18,5.0,False,True,263,25,False
2025-02-06,,Sacramento Kings,Orlando Magic,111,130,1.54,2.59,False,False,241,-19,False
2025-02-07,,Boston Celtics,Dallas Mavericks,120,127,1.13,6.39,False,False,247,-7,False
2025-02-07,,Denver Nuggets,Orlando Magic,112,90,1.41,3.03,False,True,202,22,False
2025-02-07,,Minnesota Timberwolves,Houston Rockets,127,114,1.87,1.98,False,True,241,13,False
2025-02-07,,Los Angeles Clippers,Indiana Pacers,112,119,1.48,2.76,False,False,231,-7,False
2025-02-07,,Portland Trail Blazers,Sacramento Kings,108,102,1.98,1.87,False,True,210,6,False
2025-02-07,,Los Angeles Lakers,Golden State Warriors,120,112,1.49,2.76,False,True,232,8,False
2025-02-08,,Washington Wizards,Cleveland Cavaliers,124,134,10.71,1.05,False,False,258,-10,False
2025-02-08,,Charlotte Hornets,San Antonio Spurs,117,116,4.34,1.23,False,True,233,1,False
2025-02-08,,Detroit Pistons,Philadelphia 76ers,125,112,2.69,1.5,False,True,237,13,False
2025-02-08,,Brooklyn Nets,Miami Heat,102,86,2.76,1.47,False,True,188,16,False
2025-02-08,,Atlanta Hawks,Milwaukee Bucks,115,110,2.22,1.69,False,True,225,5,False
2025-02-08,,Oklahoma City Thunder,Toronto Raptors,121,109,1.05,11.65,False,True,230,12,False
2025-02-08,,Phoenix Suns,Utah Jazz,135,127,1.36,3.27,True,True,262,8,False
2025-02-09,,Memphis Grizzlies,Oklahoma City Thunder,112,125,2.03,1.82,False,False,237,-13,False
2025-02-09,,Dallas Mavericks,Houston Rockets,116,105,1.65,2.3,False,True,221,11,False
2025-02-09,,Washington Wizards,Atlanta Hawks,111,125,3.22,1.36,False,False,236,-14,False
2025-02-09,,Minnesota Timberwolves,Portland Trail Blazers,114,98,1.58,2.43,False,True,212,16,False
2025-02-09,,Orlando Magic,San Antonio Spurs,112,111,1.69,2.21,False,True,223,1,False
2025-02-09,,Los Angeles Lakers,Indiana Pacers,124,117,2.53,1.54,False,True,241,7,False
2025-02-09,,New York Knicks,Boston Celtics,104,131,2.31,1.64,False,False,235,-27,False
2025-02-09,,Phoenix Suns,Denver Nuggets,105,122,2.99,1.41,False,False,227,-17,False
2025-02-09,,Sacramento Kings,New Orleans Pelicans,123,118,1.31,3.57,False,True,241,5,False
2025-02-09,,Los Angeles Clippers,Utah Jazz,130,110,1.06,10.27,False,True,240,20,False
2025-02-09,,Chicago Bulls,Golden State Warriors,111,132,3.08,1.39,False,False,243,-21,False
2025-02-10,,Houston Rockets,Toronto Raptors,94,87,1.28,3.87,False,True,181,7,False
2025-02-10,,Milwaukee Bucks,Philadelphia 76ers,135,127,2.41,1.59,False,True,262,8,False
2025-02-10,,Detroit Pistons,Charlotte Hornets,112,102,1.15,5.69,False,True,214,10,False
2025-02-11,,Los Angeles Lakers,Utah Jazz,132,113,1.13,6.14,False,True,245,19,False
2025-02-11,,Denver Nuggets,Portland Trail Blazers,146,117,1.24,4.21,False,True,263,29,False
2025-02-11,,Dallas Mavericks,Sacramento Kings,128,129,2.02,1.83,True,False,257,-1,False
2025-02-11,,Milwaukee Bucks,Golden State Warriors,111,125,3.15,1.38,False,False,236,-14,False
2025-02-11,,Oklahoma City Thunder,New Orleans Pelicans,137,101,1.05,10.65,False,True,238,36,False
2025-02-11,,Brooklyn Nets,Charlotte Hornets,97,89,1.5,2.66,False,True,186,8,False
2025-02-11,,Orlando Magic,Atlanta Hawks,106,112,1.44,2.87,False,False,218,-6,False
2025-02-11,,Cleveland Cavaliers,Minnesota Timberwolves,128,107,1.27,3.96,False,True,235,21,False
2025-02-11,,Washington Wizards,San Antonio Spurs,121,131,5.37,1.16,False,False,252,-10,False
2025-02-11,,Miami Heat,Boston Celtics,85,103,3.45,1.33,False,False,188,-18,False
2025-02-12,,Phoenix Suns,Memphis Grizzlies,112,119,2.45,1.57,False,False,231,-7,False
2025-02-12,,Philadelphia 76ers,Toronto Raptors,103,106,1.18,5.01,False,False,209,-3,False
2025-02-12,,Indiana Pacers,New York Knicks,115,128,2.15,1.73,False,False,243,-13,False
2025-02-12,,Chicago Bulls,Detroit Pistons,92,132,2.64,1.5,False,False,224,-40,False
2025-02-13,,Toronto Raptors,Cleveland Cavaliers,108,131,6.49,1.12,False,False,239,-23,False
2025-02-13,,Washington Wizards,Indiana Pacers,130,134,4.34,1.23,True,False,264,-4,False
2025-02-13,,New York Knicks,Atlanta Hawks,149,148,1.31,3.52,True,True,297,1,False
2025-02-13,,Orlando Magic,Charlotte Hornets,102,86,1.13,6.28,False,True,188,16,False
2025-02-13,,Minnesota Timberwolves,Milwaukee Bucks,101,103,1.25,4.13,False,False,204,-2,False
2025-02-13,,Boston Celtics,San Antonio Spurs,116,103,1.31,3.52,False,True,219,13,False
2025-02-13,,New Orleans Pelicans,Sacramento Kings,111,119,2.87,1.44,False,False,230,-8,False
2025-02-13,,Brooklyn Nets,Philadelphia 76ers,100,96,1.79,2.06,False,True,196,4,False
2025-02-13,,Oklahoma City Thunder,Miami Heat,115,101,1.11,7.02,False,True,216,14,False
2025-02-13,,Denver Nuggets,Portland Trail Blazers,132,121,1.25,4.17,False,True,253,11,False
2025-02-13,,Houston Rockets,Phoenix Suns,119,111,1.24,4.21,False,True,230,8,False
2025-02-13,,Utah Jazz,Los Angeles Lakers,131,119,4.1,1.25,False,True,250,12,False
2025-02-13,,Dallas Mavericks,Golden State Warriors,111,107,3.61,1.3,False,True,218,4,False
2025-02-13,,Los Angeles Clippers,Memphis Grizzlies,128,114,1.41,3.0,False,True,242,14,False
2025-02-13,,Chicago Bulls,Detroit Pistons,110,128,2.91,1.43,False,False,238,-18,False
2025-02-14,,New Orleans Pelicans,Sacramento Kings,140,133,3.72,1.29,True,True,273,7,False
2025-02-14,,Houston Rockets,Golden State Warriors,98,105,1.97,1.88,False,False,203,-7,False
2025-02-14,,Minnesota Timberwolves,Oklahoma City Thunder,116,101,4.24,1.24,False,True,217,15,False
2025-02-14,,Dallas Mavericks,Miami Heat,118,113,2.28,1.66,False,True,231,5,False
2025-02-14,,Utah Jazz,Los Angeles Clippers,116,120,4.3,1.23,True,False,236,-4,False
2025-02-20,,Los Angeles Lakers,Charlotte Hornets,97,100,1.12,6.54,False,False,197,-3,False
2025-02-21,,Indiana Pacers,Memphis Grizzlies,127,113,1.98,1.85,False,True,240,14,False
2025-02-21,,Atlanta Hawks,Orlando Magic,108,114,1.97,1.86,False,False,222,-6,False
2025-02-21,,Philadelphia 76ers,Boston Celtics,104,124,3.09,1.39,False,False,228,-20,False
2025-02-21,,Brooklyn Nets,Cleveland Cavaliers,97,110,6.29,1.13,False,False,207,-13,False
2025-02-21,,New York Knicks,Chicago Bulls,113,111,1.2,4.75,True,True,224,2,False
2025-02-21,,Denver Nuggets,Charlotte Hornets,129,115,1.05,11.46,False,True,244,14,False
2025-02-21,,San Antonio Spurs,Phoenix Suns,120,109,2.18,1.71,False,True,229,11,False
2025-02-21,,Portland Trail Blazers,Los Angeles Lakers,102,110,2.21,1.7,False,False,212,-8,False
2025-02-21,,Milwaukee Bucks,Los Angeles Clippers,116,110,1.97,1.86,False,True,226,6,False
2025-02-22,,Orlando Magic,Memphis Grizzlies,104,105,2.1,1.77,False,False,209,-1,False
2025-02-22,,San Antonio Spurs,Detroit Pistons,110,125,2.53,1.55,False,False,235,-15,False
2025-02-22,,Washington Wizards,Milwaukee Bucks,101,104,2.71,1.48,False,False,205,-3,False
2025-02-22,,Toronto Raptors,Miami Heat,111,120,2.35,1.62,True,False,231,-9,False
2025-02-22,,Cleveland Cavaliers,New York Knicks,142,105,1.35,3.28,False,True,247,37,False
2025-02-22,,Utah Jazz,Oklahoma City Thunder,107,130,8.24,1.08,False,False,237,-23,False
2025-02-22,,Sacramento Kings,Golden State Warriors,108,132,2.1,1.77,False,False,240,-24,False
2025-02-22,,Houston Rockets,Minnesota Timberwolves,121,115,1.59,2.42,False,True,236,6,False
2025-02-22,,Dallas Mavericks,New Orleans Pelicans,111,103,1.45,2.84,False,True,214,8,False
2025-02-23,,Portland Trail Blazers,Charlotte Hornets,141,88,1.48,2.76,False,True,229,53,False
2025-02-23,,Chicago Bulls,Phoenix Suns,117,121,2.68,1.49,False,False,238,-4,False
2025-02-23,,Philadelphia 76ers,Brooklyn Nets,103,105,1.18,5.08,False,False,208,-2,False
2025-02-23,,Denver Nuggets,Los Angeles Lakers,100,123,1.4,3.06,False,False,223,-23,False
2025-02-23,,Utah Jazz,Houston Rockets,124,115,3.66,1.3,False,True,239,9,False
2025-02-24,,Golden State Warriors,Dallas Mavericks,126,102,1.25,4.08,False,True,228,24,False
2025-02-24,,Indiana Pacers,Los Angeles Clippers,129,111,1.6,2.41,False,True,240,18,False
2025-02-24,,Orlando Magic,Washington Wizards,110,90,1.12,6.58,False,True,200,20,False
2025-02-24,,Boston Celtics,New York Knicks,118,105,1.32,3.51,False,True,223,13,False
2025-02-24,,Toronto Raptors,Phoenix Suns,127,109,2.23,1.68,False,True,236,18,False
2025-02-24,,Milwaukee Bucks,Miami Heat,120,113,1.55,2.51,False,True,233,7,False
2025-02-24,,Cleveland Cavaliers,Memphis Grizzlies,129,123,1.44,2.87,False,True,252,6,False
2025-02-24,,New Orleans Pelicans,San Antonio Spurs,114,96,1.77,2.09,False,True,210,18,False
2025-02-24,,Atlanta Hawks,Detroit Pistons,143,148,2.13,1.75,False,False,291,-5,False
2025-02-24,,Minnesota Timberwolves,Oklahoma City Thunder,123,130,3.94,1.27,False,False,253,-7,False
2025-02-25,,Detroit Pistons,Los Angeles Clippers,106,97,1.68,2.23,False,True,203,9,False
2025-02-25,,Utah Jazz,Portland Trail Blazers,112,114,3.28,1.35,False,False,226,-2,False
2025-02-25,,Oklahoma City Thunder,Minnesota Timberwolves,128,131,1.16,5.54,True,False,259,-3,False
2025-02-25,,Atlanta Hawks,Miami Heat,98,86,1.75,2.12,False,True,184,12,False
2025-02-25,,Sacramento Kings,Charlotte Hornets,130,88,1.18,4.98,False,True,218,42,False
2025-02-25,,Philadelphia 76ers,Chicago Bulls,110,142,1.43,2.93,False,False,252,-32,False
2025-02-25,,Indiana Pacers,Denver Nuggets,116,125,2.37,1.6,False,False,241,-9,False
2025-02-25,,Washington Wizards,Brooklyn Nets,107,99,2.22,1.69,False,True,206,8,False
2025-02-26,,Golden State Warriors,Charlotte Hornets,128,92,1.06,9.92,False,True,220,36,False
2025-02-26,,Los Angeles Lakers,Dallas Mavericks,107,99,1.25,4.08,False,True,206,8,False
2025-02-26,,Houston Rockets,Milwaukee Bucks,100,97,1.67,2.24,False,True,197,3,False
2025-02-26,,Toronto Raptors,Boston Celtics,101,111,5.15,1.17,False,False,212,-10,False
2025-02-26,,New Orleans Pelicans,San Antonio Spurs,109,103,1.71,2.18,False,True,212,6,False
2025-02-26,,Orlando Magic,Cleveland Cavaliers,82,122,3.09,1.39,False,False,204,-40,False
2025-02-26,,Memphis Grizzlies,Phoenix Suns,151,148,1.38,3.13,True,True,299,3,False
2025-02-27,,Indiana Pacers,Toronto Raptors,111,91,1.16,5.58,False,True,202,20,False
2025-02-27,,Washington Wizards,Portland Trail Blazers,121,129,2.95,1.42,False,False,250,-8,False
2025-02-27,,New York Knicks,Philadelphia 76ers,110,105,1.25,4.12,False,True,215,5,False
2025-02-27,,Brooklyn Nets,Oklahoma City Thunder,121,129,9.36,1.06,False,False,250,-8,False
2025-02-27,,Miami Heat,Atlanta Hawks,131,109,1.67,2.26,False,True,240,22,False
2025-02-27,,Chicago Bulls,Los Angeles Clippers,117,122,4.08,1.25,False,False,239,-5,False
2025-02-27,,Utah Jazz,Sacramento Kings,101,118,4.05,1.25,False,False,219,-17,False
2025-02-27,,Houston Rockets,San Antonio Spurs,118,106,1.31,3.64,False,True,224,12,False
2025-02-27,,Detroit Pistons,Boston Celtics,117,97,2.55,1.54,False,True,214,20,False
2025-02-28,,Orlando Magic,Golden State Warriors,115,121,2.61,1.52,False,False,236,-6,False
2025-02-28,,Milwaukee Bucks,Denver Nuggets,121,112,2.34,1.63,False,True,233,9,False
2025-02-28,,Dallas Mavericks,Charlotte Hornets,103,96,1.18,5.06,False,True,199,7,False
2025-02-28,,Phoenix Suns,New Orleans Pelicans,116,124,1.38,3.15,False,False,240,-8,False
2025-02-28,,Los Angeles Lakers,Minnesota Timberwolves,111,102,1.42,2.96,False,True,213,9,False
2025-03-01,,Brooklyn Nets,Portland Trail Blazers,102,121,2.02,1.83,False,False,223,-19,False
2025-03-01,,Memphis Grizzlies,New York Knicks,113,114,1.73,2.17,False,False,227,-1,False
2025-03-01,,Detroit Pistons,Denver Nuggets,119,134,1.78,2.08,False,False,253,-15,False
2025-03-01,,Boston Celtics,Cleveland Cavaliers,116,123,1.84,1.99,False,False,239,-7,False
2025-03-01,,Atlanta Hawks,Oklahoma City Thunder,119,135,5.02,1.18,False,False,254,-16,False
2025-03-01,,Phoenix Suns,New Orleans Pelicans,125,108,1.24,4.2,False,True,233,17,False
2025-03-01,,Miami Heat,Indiana Pacers,125,120,2.24,1.68,False,True,245,5,False
2025-03-01,,Chicago Bulls,Toronto Raptors,125,115,1.86,1.97,True,True,240,10,False
2025-03-01,,Utah Jazz,Minnesota Timberwolves,117,116,2.45,1.58,False,True,233,1,False
2025-03-01,,Los Angeles Lakers,Los Angeles Clippers,106,102,1.86,1.98,False,True,208,4,False
2025-03-02,,Detroit Pistons,Brooklyn Nets,115,94,1.15,5.69,False,True,209,21,False
2025-03-02,,Houston Rockets,Sacramento Kings,103,113,1.56,2.5,False,False,216,-10,False
2025-03-02,,Memphis Grizzlies,San Antonio Spurs,128,130,1.46,2.8,False,False,258,-2,False
2025-03-02,,Dallas Mavericks,Milwaukee Bucks,117,132,2.25,1.68,False,False,249,-15,False
2025-03-02,,Philadelphia 76ers,Golden State Warriors,126,119,3.13,1.38,False,True,245,7,False
2025-03-02,,Charlotte Hornets,Washington Wizards,100,113,1.57,2.46,False,False,213,-13,False
2025-03-03,,Phoenix Suns,Minnesota Timberwolves,98,116,2.01,1.85,False,False,214,-18,False
2025-03-03,,Utah Jazz,New Orleans Pelicans,121,128,3.35,1.35,False,False,249,-7,False
2025-03-03,,San Antonio Spurs,Oklahoma City Thunder,132,146,6.66,1.12,False,False,278,-14,False
2025-03-03,,Miami Heat,New York Knicks,112,116,2.98,1.41,True,False,228,-4,False
2025-03-03,,Los Angeles Lakers,Los Angeles Clippers,108,102,2.12,1.76,False,True,210,6,False
2025-03-03,,Indiana Pacers,Chicago Bulls,127,112,1.18,5.07,False,True,239,15,False
2025-03-03,,Cleveland Cavaliers,Portland Trail Blazers,133,129,1.2,4.83,True,True,262,4,False
2025-03-03,,Boston Celtics,Denver Nuggets,110,103,1.46,2.8,False,True,213,7,False
2025-03-03,,Orlando Magic,Toronto Raptors,102,104,1.38,3.17,False,False,206,-2,False
2025-03-04,,Utah Jazz,Detroit Pistons,106,134,4.74,1.2,False,False,240,-28,False
2025-03-04,,Dallas Mavericks,Sacramento Kings,98,122,2.1,1.77,False,False,220,-24,False
2025-03-04,,Memphis Grizzlies,Atlanta Hawks,130,132,1.32,3.49,False,False,262,-2,False
2025-03-04,,Philadelphia 76ers,Portland Trail Blazers,102,119,2.02,1.84,False,False,221,-17,False
2025-03-04,,Miami Heat,Washington Wizards,106,90,1.28,3.79,False,True,196,16,False
2025-03-04,,Charlotte Hornets,Golden State Warriors,101,119,6.32,1.13,False,False,220,-18,False
2025-03-04,,Oklahoma City Thunder,Houston Rockets,137,128,1.1,7.55,False,True,265,9,False
2025-03-05,,New York Knicks,Golden State Warriors,102,114,1.86,1.99,False,False,216,-12,False
2025-03-05,,Orlando Magic,Toronto Raptors,113,114,1.38,3.12,False,False,227,-1,False
2025-03-05,,Indiana Pacers,Houston Rockets,115,102,1.56,2.5,False,True,217,13,False
2025-03-05,,Atlanta Hawks,Milwaukee Bucks,121,127,2.72,1.48,False,False,248,-6,False
2025-03-05,,Minnesota Timberwolves,Philadelphia 76ers,126,112,1.11,7.01,False,True,238,14,False
2025-03-05,,Chicago Bulls,Cleveland Cavaliers,117,139,6.73,1.12,False,False,256,-22,False
2025-03-05,,Phoenix Suns,Los Angeles Clippers,119,117,2.23,1.69,False,True,236,2,False
2025-03-05,,Los Angeles Lakers,New Orleans Pelicans,136,115,1.31,3.57,False,True,251,21,False
2025-03-05,,San Antonio Spurs,Brooklyn Nets,127,113,1.62,2.36,False,True,240,14,False
2025-03-06,,Boston Celtics,Portland Trail Blazers,128,118,1.25,4.07,False,True,246,10,False
2025-03-06,,Cleveland Cavaliers,Miami Heat,112,107,1.12,6.72,False,True,219,5,False
2025-03-06,,Charlotte Hornets,Minnesota Timberwolves,110,125,3.96,1.27,False,False,235,-15,False
2025-03-06,,Washington Wizards,Utah Jazz,125,122,1.48,2.74,False,True,247,3,False
2025-03-06,,Milwaukee Bucks,Dallas Mavericks,137,107,1.15,5.81,False,True,244,30,False
2025-03-06,,Denver Nuggets,Sacramento Kings,116,110,1.28,3.78,False,True,226,6,False
2025-03-06,,Memphis Grizzlies,Oklahoma City Thunder,103,120,3.31,1.35,False,False,223,-17,False
2025-03-06,,Los Angeles Clippers,Detroit Pistons,123,115,2.33,1.64,False,True,238,8,False
2025-03-07,,Orlando Magic,Chicago Bulls,123,125,1.31,3.59,False,False,248,-2,False
2025-03-07,,Brooklyn Nets,Golden State Warriors,119,121,5.14,1.18,False,False,240,-2,False
2025-03-07,,Boston Celtics,Philadelphia 76ers,123,105,1.1,7.34,False,True,228,18,False
2025-03-07,,Atlanta Hawks,Indiana Pacers,124,118,1.83,2.02,False,True,242,6,False
2025-03-07,,New Orleans Pelicans,Houston Rockets,97,109,2.36,1.62,False,False,206,-12,False
2025-03-07,,Los Angeles Lakers,New York Knicks,113,109,1.7,2.21,True,True,222,4,False
2025-03-08,,Dallas Mavericks,Memphis Grizzlies,111,122,4.43,1.23,False,False,233,-11,False
2025-03-08,,Charlotte Hornets,Cleveland Cavaliers,117,118,9.02,1.07,False,False,235,-1,False
2025-03-08,,Miami Heat,Minnesota Timberwolves,104,106,2.34,1.63,False,False,210,-2,False
2025-03-08,,Oklahoma City Thunder,Portland Trail Blazers,107,89,1.8,2.05,False,True,196,18,False
2025-03-08,,Los Angeles Clippers,New York Knicks,105,95,1.4,3.05,False,True,200,10,False
2025-03-08,,Sacramento Kings,San Antonio Spurs,127,109,1.4,3.08,False,True,236,18,False
2025-03-08,,Denver Nuggets,Phoenix Suns,149,141,1.26,4.03,True,True,290,8,False
2025-03-08,,Toronto Raptors,Utah Jazz,118,109,1.46,2.8,False,True,227,9,False
2025-03-09,,Charlotte Hornets,Brooklyn Nets,105,102,2.77,1.46,False,True,207,3,False
2025-03-09,,Houston Rockets,New Orleans Pelicans,146,117,1.35,3.31,False,True,263,29,False
2025-03-09,,Toronto Raptors,Washington Wizards,117,118,1.56,2.5,False,False,235,-1,False
2025-03-09,,Atlanta Hawks,Indiana Pacers,120,118,1.95,1.89,False,True,238,2,False
2025-03-09,,Milwaukee Bucks,Orlando Magic,109,111,1.38,3.15,False,False,220,-2,False
2025-03-09,,Miami Heat,Chicago Bulls,109,114,1.5,2.67,False,False,223,-5,False
2025-03-09,,Golden State Warriors,Detroit Pistons,115,110,1.49,2.7,False,True,225,5,False
2025-03-09,,Boston Celtics,Los Angeles Lakers,111,101,1.41,2.99,False,True,212,10,False
2025-03-10,,Minnesota Timberwolves,San Antonio Spurs,141,124,1.19,5.03,False,True,265,17,False
2025-03-10,,Oklahoma City Thunder,Denver Nuggets,127,103,1.33,3.43,False,True,230,24,False
2025-03-10,,New Orleans Pelicans,Memphis Grizzlies,104,107,4.53,1.22,False,False,211,-3,False
2025-03-10,,Philadelphia 76ers,Utah Jazz,126,122,1.4,3.06,False,True,248,4,False
2025-03-10,,Portland Trail Blazers,Detroit Pistons,112,119,2.39,1.6,False,False,231,-7,False
2025-03-10,,Milwaukee Bucks,Cleveland Cavaliers,100,112,3.24,1.36,False,False,212,-12,False
2025-03-10,,Los Angeles Clippers,Sacramento Kings,111,110,1.41,3.03,True,True,221,1,False
2025-03-10,,Dallas Mavericks,Phoenix Suns,116,125,3.19,1.37,False,False,241,-9,False
2025-03-11,,Atlanta Hawks,Philadelphia 76ers,132,123,1.23,4.33,False,True,255,9,False
2025-03-11,,Houston Rockets,Orlando Magic,97,84,1.64,2.31,False,True,181,13,False
2025-03-11,,Miami Heat,Charlotte Hornets,102,105,1.25,4.18,False,False,207,-3,False
2025-03-11,,Brooklyn Nets,Los Angeles Lakers,111,108,2.83,1.45,False,True,219,3,False
2025-03-11,,Boston Celtics,Utah Jazz,114,108,1.07,8.84,False,True,222,6,False
2025-03-11,,Memphis Grizzlies,Phoenix Suns,120,118,1.69,2.21,False,True,238,2,False
2025-03-11,,Chicago Bulls,Indiana Pacers,121,103,2.48,1.57,False,True,224,18,False
2025-03-11,,Oklahoma City Thunder,Denver Nuggets,127,140,1.26,4.04,False,False,267,-13,False
2025-03-11,,San Antonio Spurs,Dallas Mavericks,129,133,1.38,3.14,False,False,262,-4,False
2025-03-11,,Golden State Warriors,Portland Trail Blazers,130,120,1.14,5.83,False,True,250,10,False
2025-03-11,,Sacramento Kings,New York Knicks,104,133,2.04,1.82,False,False,237,-29,False
2025-03-11,,Toronto Raptors,Washington Wizards,119,104,1.37,3.22,False,True,223,15,False
2025-03-12,,Detroit Pistons,Washington Wizards,123,103,1.09,7.65,False,True,226,20,False
2025-03-12,,Cleveland Cavaliers,Brooklyn Nets,109,104,1.09,7.77,False,True,213,5,False
2025-03-12,,Indiana Pacers,Milwaukee Bucks,115,114,1.89,1.95,False,True,229,1,False
2025-03-12,,New Orleans Pelicans,Los Angeles Clippers,127,120,3.49,1.32,False,True,247,7,False
2025-03-13,,Boston Celtics,Oklahoma City Thunder,112,118,1.68,2.25,False,False,230,-6,False
2025-03-13,,Miami Heat,Los Angeles Clippers,104,119,1.79,2.07,False,False,223,-15,False
2025-03-13,,Toronto Raptors,Philadelphia 76ers,118,105,1.69,2.22,False,True,223,13,False
2025-03-13,,Atlanta Hawks,Charlotte Hornets,123,110,1.33,3.41,False,True,233,13,False
2025-03-13,,Denver Nuggets,Minnesota Timberwolves,95,115,1.77,2.1,False,False,210,-20,False
2025-03-13,,Portland Trail Blazers,New York Knicks,113,114,2.41,1.59,True,False,227,-1,False
2025-03-13,,Houston Rockets,Phoenix Suns,111,104,1.55,2.53,False,True,215,7,False
2025-03-13,,San Antonio Spurs,Dallas Mavericks,126,116,1.41,3.0,False,True,242,10,False
2025-03-13,,Memphis Grizzlies,Utah Jazz,122,115,1.2,4.75,False,True,237,7,False
2025-03-14,,Detroit Pistons,Washington Wizards,125,129,1.12,6.65,False,False,254,-4,False
2025-03-14,,Milwaukee Bucks,Los Angeles Lakers,126,106,1.42,2.96,False,True,232,20,False
2025-03-14,,New Orleans Pelicans,Orlando Magic,93,113,2.09,1.77,False,False,206,-20,False
2025-03-14,,Chicago Bulls,Brooklyn Nets,116,110,1.81,2.04,False,True,226,6,False
2025-03-14,,Golden State Warriors,Sacramento Kings,130,104,1.35,3.31,False,True,234,26,False
2025-03-15,,Memphis Grizzlies,Cleveland Cavaliers,124,133,2.13,1.74,False,False,257,-9,False
2025-03-15,,Philadelphia 76ers,Indiana Pacers,100,112,6.83,1.11,False,False,212,-12,False
2025-03-15,,Miami Heat,Boston Celtics,91,103,3.53,1.32,False,False,194,-12,False
2025-03-15,,Minnesota Timberwolves,Orlando Magic,118,111,1.19,4.94,False,True,229,7,False
2025-03-15,,Houston Rockets,Dallas Mavericks,133,96,1.15,5.68,False,True,229,37,False
2025-03-15,,Utah Jazz,Toronto Raptors,118,126,1.78,2.08,False,False,244,-8,False
2025-03-15,,San Antonio Spurs,Charlotte Hornets,134,145,1.71,2.19,False,False,279,-11,False
2025-03-15,,Denver Nuggets,Los Angeles Lakers,131,126,1.09,7.7,False,True,257,5,False
2025-03-15,,Phoenix Suns,Sacramento Kings,122,106,1.75,2.12,False,True,228,16,False
2025-03-15,,Atlanta Hawks,Los Angeles Clippers,98,121,2.68,1.49,False,False,219,-23,False
2025-03-16,,Memphis Grizzlies,Miami Heat,125,91,1.42,2.96,False,True,216,34,False
2025-03-16,,Houston Rockets,Chicago Bulls,117,114,1.28,3.78,False,True,231,3,False
2025-03-16,,Detroit Pistons,Oklahoma City Thunder,107,113,2.49,1.56,False,False,220,-6,False
2025-03-16,,Milwaukee Bucks,Indiana Pacers,126,119,1.58,2.42,False,True,245,7,False
2025-03-16,,Golden State Warriors,New York Knicks,97,94,1.39,3.12,False,True,191,3,False
2025-03-16,,San Antonio Spurs,New Orleans Pelicans,119,115,2.08,1.78,False,True,234,4,False
2025-03-16,,Denver Nuggets,Washington Wizards,123,126,1.13,6.28,False,False,249,-3,False
2025-03-16,,Brooklyn Nets,Boston Celtics,113,115,5.23,1.17,False,False,228,-2,False
2025-03-17,,Dallas Mavericks,Philadelphia 76ers,125,130,1.37,3.17,False,False,255,-5,False
2025-03-17,,Cleveland Cavaliers,Orlando Magic,103,108,1.19,4.82,False,False,211,-5,False
2025-03-17,,Los Angeles Lakers,Phoenix Suns,107,96,1.73,2.15,False,True,203,11,False
2025-03-17,,Portland Trail Blazers,Toronto Raptors,105,102,1.36,3.26,False,True,207,3,False
2025-03-17,,Brooklyn Nets,Atlanta Hawks,122,114,2.91,1.43,False,True,236,8,False
2025-03-17,,Minnesota Timberwolves,Utah Jazz,128,102,1.11,7.09,False,True,230,26,False
2025-03-17,,Los Angeles Clippers,Charlotte Hornets,123,88,1.12,6.43,False,True,211,35,False
2025-03-17,,Milwaukee Bucks,Oklahoma City Thunder,105,121,2.74,1.47,False,False,226,-16,False
2025-03-18,,Houston Rockets,Philadelphia 76ers,144,137,1.06,10.34,True,True,281,7,False
2025-03-18,,Portland Trail Blazers,Washington Wizards,112,97,1.42,2.92,False,True,209,15,False
2025-03-18,,Minnesota Timberwolves,Indiana Pacers,130,132,1.18,4.98,True,False,262,-2,False
2025-03-18,,New York Knicks,Miami Heat,116,95,1.36,3.25,False,True,211,21,False
2025-03-18,,New Orleans Pelicans,Detroit Pistons,81,127,3.05,1.4,False,False,208,-46,False
2025-03-18,,Sacramento Kings,Memphis Grizzlies,132,122,1.7,2.21,False,True,254,10,False
2025-03-18,,Los Angeles Lakers,San Antonio Spurs,125,109,1.24,4.18,False,True,234,16,False
2025-03-18,,Golden State Warriors,Denver Nuggets,105,114,1.16,5.14,False,False,219,-9,False
2025-03-18,,Utah Jazz,Chicago Bulls,97,111,2.57,1.52,False,False,208,-14,False
2025-03-18,,Phoenix Suns,Toronto Raptors,129,89,1.26,4.06,False,True,218,40,False
2025-03-19,,Charlotte Hornets,Atlanta Hawks,102,134,3.57,1.31,False,False,236,-32,False
2025-03-19,,Boston Celtics,Brooklyn Nets,104,96,1.12,6.45,False,True,200,8,False
2025-03-19,,Golden State Warriors,Milwaukee Bucks,104,93,2.05,1.82,False,True,197,11,False
2025-03-19,,Los Angeles Clippers,Cleveland Cavaliers,132,119,2.2,1.7,False,True,251,13,False
2025-03-20,,Portland Trail Blazers,Memphis Grizzlies,115,99,2.53,1.53,False,True,214,16,False
2025-03-20,,Minnesota Timberwolves,New Orleans Pelicans,115,119,1.11,6.52,False,False,234,-4,False
2025-03-20,,Orlando Magic,Houston Rockets,108,116,2.13,1.74,False,False,224,-8,False
2025-03-20,,Indiana Pacers,Dallas Mavericks,135,131,1.19,4.83,False,True,266,4,False
2025-03-20,,Oklahoma City Thunder,Philadelphia 76ers,133,100,1.16,5.39,False,True,233,33,False
2025-03-20,,San Antonio Spurs,New York Knicks,120,105,3.85,1.27,False,True,225,15,False
2025-03-20,,Sacramento Kings,Cleveland Cavaliers,123,119,3.07,1.38,False,True,242,4,False
2025-03-20,,Utah Jazz,Washington Wizards,128,112,1.71,2.17,False,True,240,16,False
2025-03-20,,Los Angeles Lakers,Denver Nuggets,120,108,1.47,2.73,False,True,228,12,False
2025-03-20,,Phoenix Suns,Chicago Bulls,127,121,1.45,2.79,False,True,248,6,False
2025-03-20,,Miami Heat,Detroit Pistons,113,116,2.62,1.5,False,False,229,-3,False
2025-03-21,,Charlotte Hornets,New York Knicks,115,98,3.44,1.33,False,True,213,17,False
2025-03-21,,Golden State Warriors,Toronto Raptors,117,114,1.09,7.64,False,True,231,3,False
2025-03-21,,Sacramento Kings,Chicago Bulls,116,128,1.34,3.33,False,False,244,-12,False
2025-03-21,,Los Angeles Lakers,Milwaukee Bucks,89,118,3.53,1.31,False,False,207,-29,False
2025-03-21,,Indiana Pacers,Brooklyn Nets,105,99,1.3,3.61,True,True,204,6,False
2025-03-22,,Oklahoma City Thunder,Charlotte Hornets,141,106,1.04,13.09,False,True,247,35,False
2025-03-22,,Washington Wizards,Orlando Magic,105,120,3.72,1.28,False,False,225,-15,False
2025-03-22,,Minnesota Timberwolves,New Orleans Pelicans,134,93,1.07,8.45,False,True,227,41,False
2025-03-22,,Miami Heat,Houston Rockets,98,102,2.54,1.53,False,False,200,-4,False
2025-03-22,,San Antonio Spurs,Philadelphia 76ers,128,120,1.44,2.83,False,True,248,8,False
2025-03-22,,Dallas Mavericks,Detroit Pistons,123,117,4.09,1.25,False,True,240,6,False
2025-03-22,,Utah Jazz,Boston Celtics,99,121,7.95,1.08,False,False,220,-22,False
2025-03-22,,Portland Trail Blazers,Denver Nuggets,128,109,2.04,1.81,False,True,237,19,False
2025-03-22,,Los Angeles Clippers,Memphis Grizzlies,128,108,1.39,3.05,False,True,236,20,False
2025-03-22,,Phoenix Suns,Cleveland Cavaliers,123,112,3.73,1.28,False,True,235,11,False
2025-03-23,,Indiana Pacers,Brooklyn Nets,108,103,1.13,5.96,False,True,211,5,False
2025-03-23,,Atlanta Hawks,Golden State Warriors,124,115,2.17,1.72,False,True,239,9,False
2025-03-23,,New York Knicks,Washington Wizards,122,103,1.08,8.34,False,True,225,19,False
2025-03-23,,Sacramento Kings,Milwaukee Bucks,108,114,1.82,2.02,False,False,222,-6,False
2025-03-23,,Los Angeles Lakers,Chicago Bulls,115,146,1.19,4.77,False,False,261,-31,False
2025-03-24,,Detroit Pistons,New Orleans Pelicans,136,130,1.12,6.6,False,True,266,6,False
2025-03-24,,Miami Heat,Charlotte Hornets,122,105,1.35,3.27,False,True,227,17,False
2025-03-24,,Toronto Raptors,San Antonio Spurs,89,123,1.9,1.93,False,False,212,-34,False
2025-03-24,,Utah Jazz,Cleveland Cavaliers,91,120,10.01,1.06,False,False,211,-29,False
2025-03-24,,Portland Trail Blazers,Boston Celtics,116,129,3.11,1.38,False,False,245,-13,False
2025-03-24,,Houston Rockets,Denver Nuggets,111,116,1.34,3.34,False,False,227,-5,False
2025-03-24,,Atlanta Hawks,Philadelphia 76ers,132,119,1.2,4.73,False,True,251,13,False
2025-03-24,,Los Angeles Clippers,Oklahoma City Thunder,101,103,2.02,1.81,False,False,204,-2,False
2025-03-25,,Orlando Magic,Los Angeles Lakers,118,106,2.47,1.56,False,True,224,12,False
2025-03-25,,Indiana Pacers,Minnesota Timberwolves,119,103,2.0,1.84,False,True,222,16,False
2025-03-25,,Brooklyn Nets,Dallas Mavericks,101,120,2.31,1.64,False,False,221,-19,False
2025-03-25,,New Orleans Pelicans,Philadelphia 76ers,112,99,1.65,2.28,False,True,211,13,False
2025-03-25,,Denver Nuggets,Chicago Bulls,119,129,1.69,2.2,False,False,248,-10,False
2025-03-25,,Phoenix Suns,Milwaukee Bucks,108,106,1.65,2.28,False,True,214,2,False
2025-03-25,,Sacramento Kings,Boston Celtics,95,113,2.63,1.5,False,False,208,-18,False
2025-03-25,,Washington Wizards,Toronto Raptors,104,112,1.75,2.11,False,False,216,-8,False
2025-03-26,,Charlotte Hornets,Orlando Magic,104,111,2.64,1.5,False,False,215,-7,False
2025-03-26,,Miami Heat,Golden State Warriors,112,86,2.51,1.54,False,True,198,26,False
2025-03-26,,New York Knicks,Dallas Mavericks,128,113,1.18,5.03,False,True,241,15,False
2025-03-26,,Houston Rockets,Atlanta Hawks,121,114,1.31,3.54,False,True,235,7,False
2025-03-26,,Utah Jazz,Memphis Grizzlies,103,140,5.04,1.18,False,False,243,-37,False
2025-03-26,,Sacramento Kings,Oklahoma City Thunder,105,121,3.84,1.27,False,False,226,-16,False
2025-03-26,,Portland Trail Blazers,Cleveland Cavaliers,111,122,3.07,1.39,False,False,233,-11,False
2025-03-26,,Detroit Pistons,San Antonio Spurs,122,96,1.26,3.99,False,True,218,26,False
2025-03-27,,Indiana Pacers,Los Angeles Lakers,119,120,1.98,1.85,False,False,239,-1,False
2025-03-27,,Philadelphia 76ers,Washington Wizards,114,119,1.67,2.24,False,False,233,-5,False
2025-03-27,,New York Knicks,Los Angeles Clippers,113,126,2.56,1.52,False,False,239,-13,False
2025-03-27,,Phoenix Suns,Boston Celtics,102,132,2.69,1.48,False,False,234,-30,False
2025-03-27,,Denver Nuggets,Milwaukee Bucks,127,117,1.17,5.16,False,True,244,10,False
2025-03-27,,Brooklyn Nets,Toronto Raptors,86,116,1.72,2.15,False,False,202,-30,False
2025-03-28,,Washington Wizards,Indiana Pacers,109,162,6.28,1.12,False,False,271,-53,False
2025-03-28,,Orlando Magic,Dallas Mavericks,92,101,1.39,3.06,False,False,193,-9,False
2025-03-28,,Cleveland Cavaliers,San Antonio Spurs,124,116,1.1,7.17,False,True,240,8,False
2025-03-28,,Miami Heat,Atlanta Hawks,122,112,1.81,2.02,False,True,234,10,False
2025-03-28,,Oklahoma City Thunder,Memphis Grizzlies,125,104,1.18,4.91,False,True,229,21,False
2025-03-28,,Chicago Bulls,Los Angeles Lakers,119,117,2.46,1.56,False,True,236,2,False
2025-03-28,,Utah Jazz,Houston Rockets,110,121,6.7,1.11,False,False,231,-11,False
2025-03-28,,Sacramento Kings,Portland Trail Blazers,128,107,1.42,2.91,False,True,235,21,False
2025-03-29,,Detroit Pistons,Cleveland Cavaliers,133,122,3.11,1.38,False,True,255,11,False
2025-03-29,,Toronto Raptors,Charlotte Hornets,108,97,1.43,2.88,False,True,205,11,False
2025-03-29,,Brooklyn Nets,Los Angeles Clippers,100,132,6.43,1.12,False,False,232,-32,False
2025-03-29,,Minnesota Timberwolves,Phoenix Suns,124,109,1.32,3.45,False,True,233,15,False
2025-03-29,,Milwaukee Bucks,New York Knicks,107,116,1.83,2.01,False,False,223,-9,False
2025-03-29,,New Orleans Pelicans,Golden State Warriors,95,111,8.99,1.06,False,False,206,-16,False
2025-03-29,,Denver Nuggets,Utah Jazz,129,93,1.04,12.43,False,True,222,36,False
2025-03-30,,Washington Wizards,Brooklyn Nets,112,115,1.76,2.09,False,False,227,-3,False
2025-03-30,,Memphis Grizzlies,Los Angeles Lakers,127,134,1.78,2.08,False,False,261,-7,False
2025-03-30,,Philadelphia 76ers,Miami Heat,95,118,3.69,1.29,False,False,213,-23,False
2025-03-30,,Orlando Magic,Sacramento Kings,121,91,1.9,1.93,False,True,212,30,False
2025-03-30,,Chicago Bulls,Dallas Mavericks,119,120,1.69,2.19,False,False,239,-1,False
2025-03-30,,Oklahoma City Thunder,Indiana Pacers,132,111,1.25,3.98,False,True,243,21,False
2025-03-30,,San Antonio Spurs,Boston Celtics,111,121,6.06,1.13,False,False,232,-10,False
2025-03-31,,Phoenix Suns,Houston Rockets,109,148,2.13,1.74,False,False,257,-39,False
2025-03-31,,Cleveland Cavaliers,Los Angeles Clippers,127,122,1.36,3.24,False,True,249,5,False
2025-03-31,,New York Knicks,Portland Trail Blazers,110,93,1.33,3.39,False,True,203,17,False
2025-03-31,,San Antonio Spurs,Golden State Warriors,106,148,5.38,1.16,False,False,254,-42,False
2025-03-31,,Minnesota Timberwolves,Detroit Pistons,123,104,1.35,3.27,False,True,227,19,False
2025-03-31,,New Orleans Pelicans,Charlotte Hornets,98,94,1.7,2.17,False,True,192,4,False
2025-03-31,,Milwaukee Bucks,Atlanta Hawks,124,145,1.56,2.46,False,False,269,-21,False
2025-03-31,,Philadelphia 76ers,Toronto Raptors,109,127,2.98,1.4,False,False,236,-18,False
2025-04-01,,Washington Wizards,Miami Heat,94,120,4.25,1.23,False,False,214,-26,False
2025-04-01,,Charlotte Hornets,Utah Jazz,110,106,1.56,2.47,False,True,216,4,False
2025-04-01,,Orlando Magic,Los Angeles Clippers,87,96,2.23,1.67,False,False,183,-9,False
2025-04-01,,Indiana Pacers,Sacramento Kings,111,109,1.56,2.43,False,True,220,2,False
2025-04-01,,Los Angeles Lakers,Houston Rockets,104,98,1.56,2.48,False,True,202,6,False
2025-04-01,,Oklahoma City Thunder,Chicago Bulls,145,117,1.08,7.95,False,True,262,28,False
2025-04-01,,Dallas Mavericks,Brooklyn Nets,109,113,1.22,4.39,False,False,222,-4,False
2025-04-01,,Memphis Grizzlies,Boston Celtics,103,117,2.54,1.53,False,False,220,-14,False
2025-04-02,,Milwaukee Bucks,Phoenix Suns,133,123,1.38,3.09,False,True,256,10,False
2025-04-02,,New York Knicks,Philadelphia 76ers,105,91,1.11,6.74,False,True,196,14,False
2025-04-02,,Atlanta Hawks,Portland Trail Blazers,113,127,1.44,2.81,False,False,240,-14,False
2025-04-02,,San Antonio Spurs,Orlando Magic,105,116,2.67,1.49,False,False,221,-11,False
2025-04-02,,Denver Nuggets,Minnesota Timberwolves,139,140,1.78,2.07,True,False,279,-1,False
2025-04-02,,Memphis Grizzlies,Golden State Warriors,125,134,2.42,1.58,False,False,259,-9,False
2025-04-02,,Chicago Bulls,Toronto Raptors,137,118,1.58,2.42,False,True,255,19,False
2025-04-03,,Washington Wizards,Sacramento Kings,116,111,6.68,1.11,False,True,227,5,False
2025-04-03,,Cleveland Cavaliers,New York Knicks,124,105,1.19,4.8,False,True,229,19,False
2025-04-03,,Indiana Pacers,Charlotte Hornets,119,105,1.08,8.15,False,True,224,14,False
2025-04-03,,Boston Celtics,Miami Heat,103,124,1.19,4.74,False,False,227,-21,False
2025-04-03,,Houston Rockets,Utah Jazz,143,105,1.07,9.01,False,True,248,38,False
2025-04-03,,Dallas Mavericks,Atlanta Hawks,120,118,1.6,2.37,False,True,238,2,False
2025-04-03,,Denver Nuggets,San Antonio Spurs,106,113,1.71,2.18,False,False,219,-7,False
2025-04-03,,Oklahoma City Thunder,Detroit Pistons,119,103,1.11,6.67,False,True,222,16,False
2025-04-03,,Los Angeles Clippers,New Orleans Pelicans,114,98,1.04,11.89,False,True,212,16,False
2025-04-04,,Washington Wizards,Orlando Magic,97,109,8.56,1.07,False,False,206,-12,False
2025-04-04,,Philadelphia 76ers,Milwaukee Bucks,113,126,5.46,1.14,False,False,239,-13,False
2025-04-04,,Toronto Raptors,Portland Trail Blazers,103,112,2.53,1.52,False,False,215,-9,False
2025-04-04,,Miami Heat,Memphis Grizzlies,108,110,2.73,1.46,False,False,218,-2,False
2025-04-04,,Brooklyn Nets,Minnesota Timberwolves,90,105,7.08,1.09,False,False,195,-15,False
2025-04-04,,Los Angeles Lakers,Golden State Warriors,116,123,1.85,1.97,False,False,239,-7,False
2025-04-05,,Indiana Pacers,Utah Jazz,140,112,1.05,10.72,False,True,252,28,False
2025-04-05,,Boston Celtics,Phoenix Suns,123,103,1.08,7.65,False,True,226,20,False
2025-04-05,,Toronto Raptors,Detroit Pistons,105,117,4.66,1.2,False,False,222,-12,False
2025-04-05,,San Antonio Spurs,Cleveland Cavaliers,113,114,6.3,1.12,False,False,227,-1,False
2025-04-05,,Houston Rockets,Oklahoma City Thunder,125,111,2.88,1.43,False,True,236,14,False
2025-04-05,,Golden State Warriors,Denver Nuggets,118,104,1.66,2.25,False,True,222,14,False
2025-04-05,,Chicago Bulls,Portland Trail Blazers,118,113,1.38,3.09,False,True,231,5,False
2025-04-05,,Los Angeles Lakers,New Orleans Pelicans,124,108,1.07,8.51,False,True,232,16,False
2025-04-05,,Los Angeles Clippers,Dallas Mavericks,114,91,1.14,5.54,False,True,205,23,False
2025-04-05,,Charlotte Hornets,Sacramento Kings,102,125,5.12,1.17,False,False,227,-23,False
2025-04-06,,Atlanta Hawks,New York Knicks,105,121,2.05,1.79,False,False,226,-16,False
2025-04-06,,Philadelphia 76ers,Minnesota Timberwolves,109,114,8.99,1.06,False,False,223,-5,False
2025-04-06,,Detroit Pistons,Memphis Grizzlies,103,109,2.09,1.76,False,False,212,-6,False
2025-04-06,,Miami Heat,Milwaukee Bucks,115,121,1.95,1.88,True,False,236,-6,False
2025-04-06,,Los Angeles Clippers,Dallas Mavericks,135,104,1.24,4.07,False,True,239,31,False
2025-04-07,,Charlotte Hornets,Chicago Bulls,117,131,3.9,1.26,False,False,248,-14,False
2025-04-07,,Golden State Warriors,Houston Rockets,96,106,1.47,2.72,False,False,202,-10,False
2025-04-07,,Brooklyn Nets,Toronto Raptors,109,120,2.15,1.72,False,False,229,-11,False
2025-04-07,,Cleveland Cavaliers,Sacramento Kings,113,120,1.23,4.22,False,False,233,-7,False
2025-04-07,,New Orleans Pelicans,Milwaukee Bucks,107,111,2.94,1.42,False,False,218,-4,False
2025-04-07,,Atlanta Hawks,Utah Jazz,147,134,1.12,6.49,False,True,281,13,False
2025-04-07,,New York Knicks,Phoenix Suns,112,98,1.23,4.08,False,True,210,14,False
2025-04-07,,Denver Nuggets,Indiana Pacers,120,125,1.4,3.0,False,False,245,-5,False
2025-04-07,,Boston Celtics,Washington Wizards,124,90,1.04,11.32,False,True,214,34,False
2025-04-07,,Portland Trail Blazers,San Antonio Spurs,120,109,1.61,2.35,False,True,229,11,False
2025-04-07,,Oklahoma City Thunder,Los Angeles Lakers,99,126,1.25,4.02,False,False,225,-27,False
2025-04-08,,Detroit Pistons,Sacramento Kings,117,127,1.43,2.82,False,False,244,-10,False
2025-04-08,,Miami Heat,Philadelphia 76ers,117,105,1.13,5.73,False,True,222,12,False
2025-04-09,,Los Angeles Clippers,San Antonio Spurs,122,117,1.12,6.14,False,True,239,5,False
2025-04-09,,Indiana Pacers,Washington Wizards,104,98,1.03,12.49,False,True,202,6,False
2025-04-09,,Cleveland Cavaliers,Chicago Bulls,135,113,1.08,7.46,False,True,248,22,False
2025-04-09,,Charlotte Hornets,Memphis Grizzlies,100,124,7.59,1.08,False,False,224,-24,False
2025-04-09,,Orlando Magic,Atlanta Hawks,119,112,1.5,2.6,False,True,231,7,False
2025-04-09,,Brooklyn Nets,New Orleans Pelicans,119,114,1.79,2.03,False,True,233,5,False
2025-04-09,,New York Knicks,Boston Celtics,117,119,2.13,1.72,True,False,236,-2,False
2025-04-09,,Milwaukee Bucks,Minnesota Timberwolves,110,103,2.84,1.43,False,True,213,7,False
2025-04-09,,Oklahoma City Thunder,Los Angeles Lakers,136,120,1.25,4.0,False,True,256,16,False
2025-04-09,,Phoenix Suns,Golden State Warriors,95,133,4.34,1.22,False,False,228,-38,False
2025-04-10,,Dallas Mavericks,Los Angeles Lakers,97,112,2.63,1.49,False,False,209,-15,False
2025-04-10,,Toronto Raptors,Charlotte Hornets,126,96,1.17,5.03,False,True,222,30,False
2025-04-10,,Chicago Bulls,Miami Heat,119,111,2.1,1.75,False,True,230,8,False
2025-04-10,,Orlando Magic,Boston Celtics,96,76,1.29,3.64,False,True,172,20,False
2025-04-10,,Los Angeles Clippers,Houston Rockets,134,117,1.2,4.63,False,True,251,17,False
2025-04-10,,Golden State Warriors,San Antonio Spurs,111,114,1.05,10.19,False,False,225,-3,False
2025-04-10,,Sacramento Kings,Denver Nuggets,116,124,2.56,1.52,False,False,240,-8,False
2025-04-10,,Washington Wizards,Philadelphia 76ers,103,122,2.22,1.67,False,False,225,-19,False
2025-04-10,,Phoenix Suns,Oklahoma City Thunder,112,125,3.3,1.34,False,False,237,-13,False
2025-04-10,,Utah Jazz,Portland Trail Blazers,133,126,3.11,1.37,True,True,259,7,False
2025-04-11,,Brooklyn Nets,Atlanta Hawks,109,133,6.69,1.11,False,False,242,-24,False
2025-04-11,,Indiana Pacers,Cleveland Cavaliers,114,112,1.22,4.29,False,True,226,2,False
2025-04-11,,Memphis Grizzlies,Minnesota Timberwolves,125,141,2.13,1.73,False,False,266,-16,False
2025-04-11,,Milwaukee Bucks,New Orleans Pelicans,136,111,1.07,8.99,False,True,247,25,False
2025-04-11,,Detroit Pistons,New York Knicks,115,106,1.59,2.37,False,True,221,9,False
2025-04-12,,Dallas Mavericks,Toronto Raptors,124,102,1.16,5.27,False,True,226,22,False
2025-04-12,,Indiana Pacers,Orlando Magic,115,129,1.62,2.31,False,False,244,-14,False
2025-04-12,,Detroit Pistons,Milwaukee Bucks,119,125,1.53,2.5,False,False,244,-6,False
2025-04-12,,Philadelphia 76ers,Atlanta Hawks,110,124,5.38,1.15,False,False,234,-14,False
2025-04-12,,New York Knicks,Cleveland Cavaliers,102,108,1.64,2.27,False,False,210,-6,False
2025-04-12,,New Orleans Pelicans,Miami Heat,104,153,7.96,1.08,False,False,257,-49,False
2025-04-12,,Chicago Bulls,Washington Wizards,119,89,1.1,7.3,False,True,208,30,False
2025-04-12,,Boston Celtics,Charlotte Hornets,130,94,1.03,13.24,False,True,224,36,False
2025-04-12,,Denver Nuggets,Memphis Grizzlies,117,109,1.33,3.31,False,True,226,8,False
2025-04-12,,Minnesota Timberwolves,Brooklyn Nets,117,91,1.02,15.27,False,True,208,26,False
2025-04-12,,Phoenix Suns,San Antonio Spurs,117,98,1.48,2.68,False,True,215,19,False
2025-04-12,,Sacramento Kings,Los Angeles Clippers,100,101,3.23,1.35,False,False,201,-1,False
2025-04-12,,Portland Trail Blazers,Golden State Warriors,86,103,7.95,1.08,False,False,189,-17,False
2025-04-12,,Los Angeles Lakers,Houston Rockets,140,109,1.11,6.81,False,True,249,31,False
2025-04-12,,Utah Jazz,Oklahoma City Thunder,111,145,4.04,1.25,False,False,256,-34,False
2025-04-14,,Boston Celtics,Charlotte Hornets,93,86,1.2,4.67,False,True,179,7,False
2025-04-14,,Miami Heat,Washington Wizards,118,119,1.28,3.73,False,False,237,-1,False
2025-04-14,,Milwaukee Bucks,Detroit Pistons,140,133,4.04,1.25,True,True,273,7,False
2025-04-14,,San Antonio Spurs,Toronto Raptors,125,118,1.53,2.53,False,True,243,7,False
2025-04-14,,Cleveland Cavaliers,Indiana Pacers,118,126,3.1,1.38,True,False,244,-8,False
2025-04-14,,Brooklyn Nets,New York Knicks,105,113,2.62,1.5,False,False,218,-8,False
2025-04-14,,Atlanta Hawks,Orlando Magic,117,105,2.32,1.63,False,True,222,12,False
2025-04-14,,Houston Rockets,Denver Nuggets,111,126,2.93,1.42,False,False,237,-15,False
2025-04-14,,Sacramento Kings,Phoenix Suns,109,98,1.1,7.2,False,True,207,11,False
2025-04-14,,Minnesota Timberwolves,Utah Jazz,116,105,1.02,16.81,False,True,221,11,False
2025-04-14,,Portland Trail Blazers,Los Angeles Lakers,109,81,1.44,2.84,False,True,190,28,False
2025-04-14,,Golden State Warriors,Los Angeles Clippers,119,124,1.59,2.39,True,False,243,-5,False
2025-04-14,,Memphis Grizzlies,Dallas Mavericks,132,97,2.08,1.76,False,True,229,35,False
2025-04-14,,New Orleans Pelicans,Oklahoma City Thunder,100,115,6.05,1.13,False,False,215,-15,False
2025-04-14,,Philadelphia 76ers,Chicago Bulls,102,122,3.82,1.27,False,False,224,-20,False
2025-04-16,Promotion - Playoffs,Orlando Magic,Atlanta Hawks,120,95,1.41,2.94,False,True,215,25,False
2025-04-16,Promotion - Playoffs,Golden State Warriors,Memphis Grizzlies,121,116,1.35,3.26,False,True,237,5,False
2025-04-17,Promotion - Playoffs,Chicago Bulls,Miami Heat,90,109,1.77,2.08,False,False,199,-19,False
2025-04-17,Promotion - Playoffs,Sacramento Kings,Dallas Mavericks,106,120,1.41,2.96,False,False,226,-14,False
2025-04-19,Promotion - Playoffs,Atlanta Hawks,Miami Heat,114,123,2.12,1.74,True,False,237,-9,False
2025-04-19,Promotion - Playoffs,Memphis Grizzlies,Dallas Mavericks,120,106,1.42,2.92,False,True,226,14,False
2025-04-20,Playoffs,New York Knicks,Detroit Pistons,123,112,1.33,3.34,False,True,235,11,False
2025-04-20,Playoffs,Denver Nuggets,Los Angeles Clippers,112,110,1.67,2.23,True,True,222,2,False
2025-04-20,Playoffs,Los Angeles Lakers,Minnesota Timberwolves,95,117,1.49,2.68,False,False,212,-22,False
2025-04-20,Playoffs,Indiana Pacers,Milwaukee Bucks,117,98,1.42,2.94,False,True,215,19,False
2025-04-21,Playoffs,Boston Celtics,Orlando Magic,103,86,1.12,6.43,False,True,189,17,False
2025-04-21,Playoffs,Houston Rockets,Golden State Warriors,85,95,1.81,2.03,False,False,180,-10,False
2025-04-21,Playoffs,Oklahoma City Thunder,Memphis Grizzlies,131,80,1.1,6.93,False,True,211,51,False
2025-04-21,Playoffs,Cleveland Cavaliers,Miami Heat,121,100,1.12,6.23,False,True,221,21,False
2025-04-22,Playoffs,New York Knicks,Detroit Pistons,94,100,1.36,3.17,False,False,194,-6,False
2025-04-22,Playoffs,Denver Nuggets,Los Angeles Clippers,102,105,1.91,1.92,False,False,207,-3,False
2025-04-23,Playoffs,Indiana Pacers,Milwaukee Bucks,123,115,1.55,2.48,False,True,238,8,False
2025-04-23,Playoffs,Oklahoma City Thunder,Memphis Grizzlies,118,99,1.08,7.73,False,True,217,19,False
2025-04-23,Playoffs,Los Angeles Lakers,Minnesota Timberwolves,94,85,1.4,3.02,False,True,179,9,False
2025-04-24,Playoffs,Cleveland Cavaliers,Miami Heat,121,112,1.15,5.59,False,True,233,9,False
2025-04-24,Playoffs,Boston Celtics,Orlando Magic,109,100,1.19,4.76,False,True,209,9,False
2025-04-24,Playoffs,Houston Rockets,Golden State Warriors,109,94,1.57,2.46,False,True,203,15,False
2025-04-25,Playoffs,Detroit Pistons,New York Knicks,116,118,2.06,1.79,False,False,234,-2,False
2025-04-25,Playoffs,Memphis Grizzlies,Oklahoma City Thunder,108,114,4.35,1.22,False,False,222,-6,False
2025-04-25,Playoffs,Los Angeles Clippers,Denver Nuggets,117,83,1.43,2.86,False,True,200,34,False
2025-04-26,Playoffs,Orlando Magic,Boston Celtics,95,93,2.89,1.42,False,True,188,2,False
2025-04-26,Playoffs,Milwaukee Bucks,Indiana Pacers,117,101,1.49,2.67,False,True,218,16,False
2025-04-26,Playoffs,Minnesota Timberwolves,Los Angeles Lakers,116,104,1.58,2.42,False,True,220,12,False
2025-04-27,Playoffs,Memphis Grizzlies,Oklahoma City Thunder,115,117,8.23,1.08,False,False,232,-2,False
2025-04-27,Playoffs,Miami Heat,Cleveland Cavaliers,87,124,2.7,1.48,False,False,211,-37,False
2025-04-27,Playoffs,Golden State Warriors,Houston Rockets,104,93,1.75,2.12,False,True,197,11,False
2025-04-27,Playoffs,Los Angeles Clippers,Denver Nuggets,99,101,1.36,3.18,False,False,200,-2,False
2025-04-28,Playoffs,Minnesota Timberwolves,Los Angeles Lakers,116,113,1.7,2.18,False,True,229,3,False
2025-04-28,Playoffs,Orlando Magic,Boston Celtics,98,107,3.7,1.28,False,False,205,-9,False
2025-04-28,Playoffs,Milwaukee Bucks,Indiana Pacers,103,129,1.56,2.47,False,False,232,-26,False
2025-04-28,Playoffs,Detroit Pistons,New York Knicks,93,94,1.71,2.18,False,False,187,-1,False
2025-04-29,Playoffs,Miami Heat,Cleveland Cavaliers,83,138,3.85,1.27,False,False,221,-55,False
2025-04-29,Playoffs,Golden State Warriors,Houston Rockets,109,106,1.58,2.41,False,True,215,3,False
2025-04-30,Playoffs,Boston Celtics,Orlando Magic,120,89,1.14,5.68,False,True,209,31,False
2025-04-30,Playoffs,Denver Nuggets,Los Angeles Clippers,131,115,2.1,1.76,False,True,246,16,False
2025-04-30,Playoffs,New York Knicks,Detroit Pistons,103,106,1.44,2.81,False,False,209,-3,False
2025-04-30,Playoffs,Indiana Pacers,Milwaukee Bucks,119,118,1.26,3.88,True,True,237,1,False
2025-05-01,Playoffs,Houston Rockets,Golden State Warriors,131,116,1.54,2.52,False,True,247,15,False
2025-05-01,Playoffs,Los Angeles Lakers,Minnesota Timberwolves,96,103,1.39,3.03,False,False,199,-7,False
2025-05-02,Playoffs,Detroit Pistons,New York Knicks,113,116,1.83,2.0,False,False,229,-3,False
2025-05-02,Playoffs,Los Angeles Clippers,Denver Nuggets,111,105,1.39,3.04,False,True,216,6,False
2025-05-03,Playoffs,Golden State Warriors,Houston Rockets,107,115,1.42,2.93,False,False,222,-8,False
2025-05-04,Playoffs,Denver Nuggets,Los Angeles Clippers,120,101,1.81,2.02,False,True,221,19,False
2025-05-05,Playoffs,Cleveland Cavaliers,Indiana Pacers,112,121,1.26,3.93,False,False,233,-9,False
2025-05-05,Playoffs,Houston Rockets,Golden State Warriors,89,103,1.72,2.15,False,False,192,-14,False
2025-05-06,Playoffs,Boston Celtics,New York Knicks,105,108,1.24,4.07,True,False,213,-3,False
2025-05-06,Playoffs,Oklahoma City Thunder,Denver Nuggets,119,121,1.2,4.57,False,False,240,-2,False
2025-05-07,Playoffs,Cleveland Cavaliers,Indiana Pacers,119,120,1.4,3.03,False,False,239,-1,False
2025-05-07,Playoffs,Minnesota Timberwolves,Golden State Warriors,88,99,1.41,2.98,False,False,187,-11,False
2025-05-08,Playoffs,Boston Celtics,New York Knicks,90,91,1.19,4.8,False,False,181,-1,False
2025-05-08,Playoffs,Oklahoma City Thunder,Denver Nuggets,149,106,1.2,4.65,False,True,255,43,False
2025-05-09,Playoffs,Minnesota Timberwolves,Golden State Warriors,117,93,1.18,4.9,False,True,210,24,False
2025-05-10,Playoffs,Denver Nuggets,Oklahoma City Thunder,113,104,3.01,1.4,True,True,217,9,False
2025-05-10,Playoffs,Indiana Pacers,Cleveland Cavaliers,104,126,2.7,1.48,False,False,230,-22,False
2025-05-11,Playoffs,Golden State Warriors,Minnesota Timberwolves,97,102,2.93,1.42,False,False,199,-5,False
2025-05-11,Playoffs,New York Knicks,Boston Celtics,93,115,3.02,1.4,False,False,208,-22,False
2025-05-12,Playoffs,Indiana Pacers,Cleveland Cavaliers,129,109,2.8,1.45,False,True,238,20,False
2025-05-12,Playoffs,Denver Nuggets,Oklahoma City Thunder,87,92,3.17,1.37,False,False,179,-5,False
2025-05-13,Playoffs,New York Knicks,Boston Celtics,121,113,2.91,1.42,False,True,234,8,False
2025-05-13,Playoffs,Golden State Warriors,Minnesota Timberwolves,110,117,2.63,1.5,False,False,227,-7,False
2025-05-14,Playoffs,Cleveland Cavaliers,Indiana Pacers,105,114,1.29,3.67,False,False,219,-9,False
2025-05-14,Playoffs,Oklahoma City Thunder,Denver Nuggets,112,105,1.22,4.34,False,True,217,7,False
2025-05-15,Playoffs,Minnesota Timberwolves,Golden State Warriors,121,110,1.22,4.34,False,True,231,11,False
2025-05-15,Playoffs,Boston Celtics,New York Knicks,127,102,1.5,2.6,False,True,229,25,False
2025-05-16,Playoffs,Denver Nuggets,Oklahoma City Thunder,119,107,2.61,1.51,False,True,226,12,False
2025-05-17,Playoffs,New York Knicks,Boston Celtics,119,81,1.67,2.23,False,True,200,38,False
2025-05-19,Playoffs,Oklahoma City Thunder,Denver Nuggets,125,93,1.3,3.6,False,True,218,32,False
2025-05-21,Playoffs,Oklahoma City Thunder,Minnesota Timberwolves,114,88,1.34,3.28,False,True,202,26,False
2025-05-22,Playoffs,New York Knicks,Indiana Pacers,135,138,1.53,2.56,True,False,273,-3,False
2025-05-23,Playoffs,Oklahoma City Thunder,Minnesota Timberwolves,118,103,1.3,3.63,False,True,221,15,False
2025-05-24,Playoffs,New York Knicks,Indiana Pacers,109,114,1.41,3.01,False,False,223,-5,False
2025-05-25,Playoffs,Minnesota Timberwolves,Oklahoma City Thunder,143,101,2.24,1.68,False,True,244,42,False
2025-05-26,Playoffs,Indiana Pacers,New York Knicks,100,106,1.78,2.23,False,False,206,-6,False
2025-05-27,Playoffs,Minnesota Timberwolves,Oklahoma City Thunder,126,128,2.27,1.66,False,False,254,-2,False
2025-05-28,Playoffs,Indiana Pacers,New York Knicks,130,121,1.65,2.28,False,True,251,9,False
2025-05-29,Playoffs,Oklahoma City Thunder,Minnesota Timberwolves,124,94,1.26,3.97,False,True,218,30,False
2025-05-30,Playoffs,New York Knicks,Indiana Pacers,111,94,1.54,2.52,False,True,205,17,False
2025-06-01,Playoffs,Indiana Pacers,New York Knicks,125,108,1.56,2.47,False,True,233,17,False
2025-06-06,Playoffs,Oklahoma City Thunder,Indiana Pacers,110,111,1.21,4.58,False,False,221,-1,False
2025-06-09,Playoffs,Oklahoma City Thunder,Indiana Pacers,123,107,1.17,5.2,False,True,230,16,False
2025-06-12,Playoffs,Indiana Pacers,Oklahoma City Thunder,116,107,2.77,1.45,False,True,223,9,False
2025-06-14,Playoffs,Indiana Pacers,Oklahoma City Thunder,104,111,2.89,1.43,False,False,215,-7,False
2025-06-17,Playoffs,Oklahoma City Thunder,Indiana Pacers,120,109,1.25,4.05,False,True,229,11,False
2025-06-20,Playoffs,Indiana Pacers,Oklahoma City Thunder,108,91,2.78,1.46,False,True,199,17,False
2025-06-23,Playoffs,Oklahoma City Thunder,Indiana Pacers,103,91,1.37,3.15,False,True,194,12,False
