date,round,home_team,away_team,home_score,away_score,home_odds,away_odds,overtime,home_win,total_points,point_diff,is_allstar
2023-10-06,Pre-season,Minnesota Timberwolves,Dallas Mavericks,111,99,1.9,1.88,False,True,210,12,False
2023-10-08,Pre-season,Dallas Mavericks,Minnesota Timberwolves,96,104,2.3,1.62,False,False,200,-8,False
2023-10-08,Pre-season,Golden State Warriors,Los Angeles Lakers,125,108,1.56,2.41,False,True,233,17,False
2023-10-09,Pre-season,Milwaukee Bucks,Chicago Bulls,105,102,2.17,1.69,False,True,207,3,False
2023-10-09,Pre-season,Detroit Pistons,Phoenix Suns,126,130,2.66,1.48,True,False,256,-4,False
2023-10-09,Pre-season,Boston Celtics,Philadelphia 76ers,114,106,1.35,3.21,False,True,220,8,False
2023-10-09,Pre-season,Toronto Raptors,Sacramento Kings,112,99,1.86,1.93,False,True,211,13,False
2023-10-09,Pre-season,Memphis Grizzlies,Indiana Pacers,127,122,1.57,2.43,True,True,249,5,False
2023-10-09,Pre-season,Los Angeles Clippers,Utah Jazz,96,101,1.73,2.11,False,False,197,-5,False
2023-10-10,Pre-season,Oklahoma City Thunder,San Antonio Spurs,122,121,1.51,2.55,False,True,243,1,False
2023-10-10,Pre-season,Los Angeles Lakers,Brooklyn Nets,129,126,1.46,2.68,False,True,255,3,False
2023-10-10,Pre-season,New York Knicks,Boston Celtics,114,107,1.29,3.54,False,True,221,7,False
2023-10-11,Pre-season,Phoenix Suns,Denver Nuggets,107,115,2.35,1.59,False,False,222,-8,False
2023-10-11,Pre-season,Los Angeles Clippers,Utah Jazz,103,98,1.6,2.33,False,True,201,5,False
2023-10-11,Pre-season,Houston Rockets,Indiana Pacers,122,103,1.59,2.34,False,True,225,19,False
2023-10-11,Pre-season,Atlanta Hawks,Cleveland Cavaliers,108,107,1.77,2.03,False,True,215,1,False
2023-10-11,Pre-season,New Orleans Pelicans,Orlando Magic,105,122,1.53,2.49,False,False,227,-17,False
2023-10-11,Pre-season,Miami Heat,Charlotte Hornets,113,109,1.71,2.12,False,True,222,4,False
2023-10-11,Pre-season,Memphis Grizzlies,Milwaukee Bucks,108,102,1.59,2.34,False,True,210,6,False
2023-10-12,Pre-season,Philadelphia 76ers,Boston Celtics,101,112,2.26,1.64,False,False,213,-11,False
2023-10-12,Pre-season,Los Angeles Lakers,Sacramento Kings,109,101,2.6,1.49,False,True,210,8,False
2023-10-13,Pre-season,Cleveland Cavaliers,Orlando Magic,105,108,1.73,2.09,False,False,213,-3,False
2023-10-13,Pre-season,Atlanta Hawks,Memphis Grizzlies,103,102,1.6,2.34,False,True,205,1,False
2023-10-13,Pre-season,Oklahoma City Thunder,Detroit Pistons,125,128,1.38,3.07,False,False,253,-3,False
2023-10-13,Pre-season,Chicago Bulls,Denver Nuggets,133,124,1.72,2.1,True,True,257,9,False
2023-10-13,Pre-season,New Orleans Pelicans,Houston Rockets,87,120,1.66,2.24,False,False,207,-33,False
2023-10-13,Pre-season,Portland Trail Blazers,Phoenix Suns,111,122,2.65,1.47,False,False,233,-11,False
2023-10-13,Pre-season,Washington Wizards,Charlotte Hornets,98,92,1.68,2.16,False,True,190,6,False
2023-10-14,Pre-season,San Antonio Spurs,Miami Heat,120,104,1.3,3.44,False,True,224,16,False
2023-10-14,Pre-season,Los Angeles Lakers,Golden State Warriors,125,129,1.7,2.16,False,False,254,-4,False
2023-10-15,Pre-season,Atlanta Hawks,New Orleans Pelicans,110,105,1.9,1.91,False,True,215,5,False
2023-10-15,Pre-season,New York Knicks,Minnesota Timberwolves,112,121,1.59,2.38,False,False,233,-9,False
2023-10-15,Pre-season,Utah Jazz,Portland Trail Blazers,138,133,1.47,2.66,False,True,271,5,False
2023-10-16,Pre-season,Miami Heat,Memphis Grizzlies,132,124,1.97,1.82,False,True,256,8,False
2023-10-16,Pre-season,Charlotte Hornets,Oklahoma City Thunder,117,115,1.55,2.43,False,True,232,2,False
2023-10-16,Pre-season,Denver Nuggets,Chicago Bulls,116,102,1.35,3.17,False,True,218,14,False
2023-10-16,Pre-season,Sacramento Kings,Golden State Warriors,115,121,1.38,3.0,True,False,236,-6,False
2023-10-16,Pre-season,Los Angeles Lakers,Milwaukee Bucks,97,108,2.61,1.49,False,False,205,-11,False
2023-10-17,Pre-season,Indiana Pacers,Atlanta Hawks,116,112,1.45,2.75,False,True,228,4,False
2023-10-17,Pre-season,Brooklyn Nets,Philadelphia 76ers,119,127,1.82,1.98,False,False,246,-8,False
2023-10-17,Pre-season,San Antonio Spurs,Houston Rockets,89,99,2.84,1.42,False,False,188,-10,False
2023-10-17,Pre-season,Phoenix Suns,Portland Trail Blazers,117,106,1.28,3.65,False,True,223,11,False
2023-10-18,Pre-season,Oklahoma City Thunder,Milwaukee Bucks,124,101,1.78,2.03,False,True,225,23,False
2023-10-18,Pre-season,Orlando Magic,New Orleans Pelicans,92,104,1.78,2.02,False,False,196,-12,False
2023-10-18,Pre-season,Los Angeles Clippers,Denver Nuggets,116,103,1.35,3.26,False,True,219,13,False
2023-10-18,Pre-season,Chicago Bulls,Toronto Raptors,102,106,1.61,2.29,False,False,208,-4,False
2023-10-18,Pre-season,Boston Celtics,New York Knicks,123,110,1.25,3.86,False,True,233,13,False
2023-10-19,Pre-season,New York Knicks,Washington Wizards,106,131,1.35,3.16,False,False,237,-25,False
2023-10-19,Pre-season,Miami Heat,Brooklyn Nets,104,107,2.02,1.81,False,False,211,-3,False
2023-10-19,Pre-season,San Antonio Spurs,Houston Rockets,117,103,1.52,2.53,False,True,220,14,False
2023-10-19,Pre-season,Golden State Warriors,Sacramento Kings,116,115,1.39,2.99,False,True,231,1,False
2023-10-20,Pre-season,Los Angeles Clippers,Denver Nuggets,90,103,2.64,1.48,False,False,193,-13,False
2023-10-20,Pre-season,Chicago Bulls,Minnesota Timberwolves,105,114,1.92,1.86,False,False,219,-9,False
2023-10-20,Pre-season,Los Angeles Lakers,Phoenix Suns,100,123,1.66,2.2,False,False,223,-23,False
2023-10-20,Pre-season,Charlotte Hornets,Boston Celtics,99,127,3.01,1.38,False,False,226,-28,False
2023-10-20,Pre-season,Oklahoma City Thunder,Detroit Pistons,116,118,1.6,2.33,False,False,234,-2,False
2023-10-20,Pre-season,Sacramento Kings,Utah Jazz,116,113,2.3,1.61,False,True,229,3,False
2023-10-21,Pre-season,Indiana Pacers,Cleveland Cavaliers,109,104,1.85,1.94,False,True,213,5,False
2023-10-21,Pre-season,Dallas Mavericks,Detroit Pistons,114,104,1.46,2.71,False,True,218,10,False
2023-10-21,Pre-season,Houston Rockets,Miami Heat,110,104,1.59,2.37,False,True,214,6,False
2023-10-21,Pre-season,Golden State Warriors,San Antonio Spurs,117,122,1.4,2.92,False,False,239,-5,False
2023-10-21,Pre-season,Toronto Raptors,Washington Wizards,134,98,1.35,3.16,False,True,232,36,False
2023-10-21,Pre-season,Philadelphia 76ers,Atlanta Hawks,120,106,1.79,2.01,False,True,226,14,False
2023-10-21,Pre-season,Milwaukee Bucks,Memphis Grizzlies,124,116,1.44,2.79,False,True,240,8,False
2023-10-25,,Denver Nuggets,Los Angeles Lakers,119,107,1.52,2.61,False,True,226,12,False
2023-10-25,,Golden State Warriors,Phoenix Suns,104,108,1.69,2.25,False,False,212,-4,False
2023-10-26,,Indiana Pacers,Washington Wizards,143,120,1.52,2.63,False,True,263,23,False
2023-10-26,,Toronto Raptors,Minnesota Timberwolves,97,94,1.88,1.96,False,True,191,3,False
2023-10-26,,Los Angeles Clippers,Portland Trail Blazers,123,111,1.22,4.53,False,True,234,12,False
2023-10-26,,Utah Jazz,Sacramento Kings,114,130,2.05,1.81,False,False,244,-16,False
2023-10-26,,Chicago Bulls,Oklahoma City Thunder,104,124,1.71,2.2,False,False,228,-20,False
2023-10-26,,Memphis Grizzlies,New Orleans Pelicans,104,111,1.86,1.99,False,False,215,-7,False
2023-10-26,,San Antonio Spurs,Dallas Mavericks,119,126,2.6,1.53,False,False,245,-7,False
2023-10-26,,Miami Heat,Detroit Pistons,103,102,1.22,4.43,False,True,205,1,False
2023-10-26,,Charlotte Hornets,Atlanta Hawks,116,110,2.53,1.56,False,True,226,6,False
2023-10-26,,New York Knicks,Boston Celtics,104,108,2.48,1.58,False,False,212,-4,False
2023-10-26,,Orlando Magic,Houston Rockets,116,86,1.55,2.55,False,True,202,30,False
2023-10-26,,Brooklyn Nets,Cleveland Cavaliers,113,114,2.07,1.8,False,False,227,-1,False
2023-10-27,,Los Angeles Lakers,Phoenix Suns,100,95,1.41,3.01,False,True,195,5,False
2023-10-27,,Milwaukee Bucks,Philadelphia 76ers,118,117,1.42,3.01,False,True,235,1,False
2023-10-28,,Cleveland Cavaliers,Oklahoma City Thunder,105,108,1.7,2.23,False,False,213,-3,False
2023-10-28,,San Antonio Spurs,Houston Rockets,126,122,1.67,2.29,True,True,248,4,False
2023-10-28,,Memphis Grizzlies,Denver Nuggets,104,108,2.79,1.46,False,False,212,-4,False
2023-10-28,,Charlotte Hornets,Detroit Pistons,99,111,1.56,2.53,False,False,210,-12,False
2023-10-28,,Atlanta Hawks,New York Knicks,120,126,1.95,1.89,False,False,246,-6,False
2023-10-28,,Boston Celtics,Miami Heat,119,111,1.28,3.81,False,True,230,8,False
2023-10-28,,Utah Jazz,Los Angeles Clippers,120,118,2.49,1.57,False,True,238,2,False
2023-10-28,,Chicago Bulls,Toronto Raptors,104,103,1.75,2.14,True,True,207,1,False
2023-10-28,,Portland Trail Blazers,Orlando Magic,97,102,2.4,1.61,False,False,199,-5,False
2023-10-28,,Sacramento Kings,Golden State Warriors,114,122,1.66,2.29,False,False,236,-8,False
2023-10-28,,Dallas Mavericks,Brooklyn Nets,125,120,1.43,2.94,False,True,245,5,False
2023-10-29,,Minnesota Timberwolves,Miami Heat,106,90,1.3,3.6,False,True,196,16,False
2023-10-29,,Cleveland Cavaliers,Indiana Pacers,113,125,2.4,1.61,False,False,238,-12,False
2023-10-29,,Phoenix Suns,Utah Jazz,126,104,1.47,2.77,False,True,230,22,False
2023-10-29,,Detroit Pistons,Chicago Bulls,118,102,2.17,1.71,False,True,220,16,False
2023-10-29,,Washington Wizards,Memphis Grizzlies,113,106,1.92,1.91,False,True,219,7,False
2023-10-29,,New Orleans Pelicans,New York Knicks,96,87,1.68,2.23,False,True,183,9,False
2023-10-29,,Toronto Raptors,Philadelphia 76ers,107,114,2.61,1.52,False,False,221,-7,False
2023-10-30,,Los Angeles Clippers,San Antonio Spurs,123,83,1.26,4.05,False,True,206,40,False
2023-10-30,,Philadelphia 76ers,Portland Trail Blazers,126,98,1.24,4.15,False,True,224,28,False
2023-10-30,,Sacramento Kings,Los Angeles Lakers,132,127,1.74,2.15,True,True,259,5,False
2023-10-30,,Houston Rockets,Golden State Warriors,95,106,3.19,1.34,False,False,201,-11,False
2023-10-30,,Oklahoma City Thunder,Denver Nuggets,95,128,2.37,1.62,False,False,223,-33,False
2023-10-30,,Milwaukee Bucks,Atlanta Hawks,110,127,1.4,3.04,False,False,237,-17,False
2023-10-31,,Milwaukee Bucks,Miami Heat,122,114,1.33,3.44,False,True,236,8,False
2023-10-31,,Charlotte Hornets,Brooklyn Nets,121,133,2.04,1.81,False,False,254,-12,False
2023-10-31,,Washington Wizards,Boston Celtics,107,126,4.83,1.19,False,False,233,-19,False
2023-10-31,,Toronto Raptors,Portland Trail Blazers,91,99,1.22,4.44,False,False,190,-8,False
2023-10-31,,Indiana Pacers,Chicago Bulls,105,112,1.65,2.31,False,False,217,-7,False
2023-10-31,,Atlanta Hawks,Minnesota Timberwolves,127,113,2.15,1.74,False,True,240,14,False
2023-10-31,,Memphis Grizzlies,Dallas Mavericks,110,125,1.85,2.0,False,False,235,-15,False
2023-10-31,,Denver Nuggets,Utah Jazz,110,102,1.26,4.03,False,True,212,8,False
2023-10-31,,Los Angeles Lakers,Orlando Magic,106,103,1.6,2.4,False,True,209,3,False
2023-10-31,,New Orleans Pelicans,Golden State Warriors,102,130,1.63,2.36,False,False,232,-28,False
2023-10-31,,Oklahoma City Thunder,Detroit Pistons,124,112,1.39,3.08,False,True,236,12,False
2023-11-01,,Cleveland Cavaliers,New York Knicks,91,109,2.09,1.78,False,False,200,-18,False
2023-11-01,,Phoenix Suns,San Antonio Spurs,114,115,1.34,3.32,False,False,229,-1,False
2023-11-01,,Los Angeles Clippers,Orlando Magic,118,102,1.4,3.06,False,True,220,16,False
2023-11-02,,New York Knicks,Cleveland Cavaliers,89,95,1.46,2.79,False,False,184,-6,False
2023-11-02,,Detroit Pistons,Portland Trail Blazers,101,110,1.63,2.33,False,False,211,-9,False
2023-11-02,,Toronto Raptors,Milwaukee Bucks,130,111,2.52,1.56,False,True,241,19,False
2023-11-02,,Miami Heat,Brooklyn Nets,105,109,1.38,3.13,False,False,214,-4,False
2023-11-02,,Atlanta Hawks,Washington Wizards,130,121,1.22,4.46,False,True,251,9,False
2023-11-02,,Boston Celtics,Indiana Pacers,155,104,1.14,6.12,False,True,259,51,False
2023-11-02,,Oklahoma City Thunder,New Orleans Pelicans,106,110,1.63,2.35,False,False,216,-4,False
2023-11-02,,Minnesota Timberwolves,Denver Nuggets,110,89,2.11,1.77,False,True,199,21,False
2023-11-02,,Golden State Warriors,Sacramento Kings,102,101,1.38,3.17,False,True,203,1,False
2023-11-02,,Houston Rockets,Charlotte Hornets,128,119,1.68,2.25,False,True,247,9,False
2023-11-02,,Los Angeles Lakers,Los Angeles Clippers,130,125,1.65,2.3,True,True,255,5,False
2023-11-02,,Dallas Mavericks,Chicago Bulls,114,105,1.61,2.38,False,True,219,9,False
2023-11-02,,Utah Jazz,Memphis Grizzlies,133,109,1.78,2.09,False,True,242,24,False
2023-11-03,,Philadelphia 76ers,Toronto Raptors,114,99,1.33,3.4,False,True,213,15,False
2023-11-03,,New Orleans Pelicans,Detroit Pistons,125,116,1.54,2.56,False,True,241,9,False
2023-11-03,,Utah Jazz,Orlando Magic,113,115,2.05,1.81,False,False,228,-2,False
2023-11-03,,Phoenix Suns,San Antonio Spurs,121,132,1.19,4.9,False,False,253,-11,False
2023-11-04,,Denver Nuggets,Dallas Mavericks,125,114,1.43,2.92,False,True,239,11,False
2023-11-04,,Portland Trail Blazers,Memphis Grizzlies,115,113,2.38,1.62,True,True,228,2,False
2023-11-04,,Chicago Bulls,Brooklyn Nets,107,109,1.59,2.44,False,False,216,-2,False
2023-11-04,,Indiana Pacers,Cleveland Cavaliers,121,116,2.12,1.76,False,True,237,5,False
2023-11-04,,Miami Heat,Washington Wizards,121,114,1.25,4.12,False,True,235,7,False
2023-11-04,,Milwaukee Bucks,New York Knicks,110,105,1.48,2.76,False,True,215,5,False
2023-11-04,,Oklahoma City Thunder,Golden State Warriors,139,141,2.99,1.41,False,False,280,-2,False
2023-11-05,,New Orleans Pelicans,Atlanta Hawks,105,123,1.77,2.1,False,False,228,-18,False
2023-11-05,,Orlando Magic,Los Angeles Lakers,120,101,2.39,1.61,False,True,221,19,False
2023-11-05,,Philadelphia 76ers,Phoenix Suns,112,100,1.4,3.02,False,True,212,12,False
2023-11-05,,Indiana Pacers,Charlotte Hornets,124,125,1.51,2.63,False,False,249,-1,False
2023-11-05,,Minnesota Timberwolves,Utah Jazz,123,95,1.32,3.51,False,True,218,28,False
2023-11-05,,Brooklyn Nets,Boston Celtics,114,124,4.66,1.21,False,False,238,-10,False
2023-11-05,,Houston Rockets,Sacramento Kings,107,89,2.17,1.73,False,True,196,18,False
2023-11-05,,Denver Nuggets,Chicago Bulls,123,101,1.25,4.18,False,True,224,22,False
2023-11-06,,Detroit Pistons,Phoenix Suns,106,120,2.33,1.64,False,False,226,-14,False
2023-11-06,,San Antonio Spurs,Toronto Raptors,116,123,2.44,1.59,True,False,239,-7,False
2023-11-06,,Cleveland Cavaliers,Golden State Warriors,115,104,1.87,1.98,False,True,219,11,False
2023-11-06,,Dallas Mavericks,Charlotte Hornets,124,118,1.17,5.38,False,True,242,6,False
2023-11-06,,Portland Trail Blazers,Memphis Grizzlies,100,112,2.32,1.65,False,False,212,-12,False
2023-11-07,,Brooklyn Nets,Milwaukee Bucks,125,129,2.63,1.52,False,False,254,-4,False
2023-11-07,,Philadelphia 76ers,Washington Wizards,146,128,1.17,5.33,False,True,274,18,False
2023-11-07,,Indiana Pacers,San Antonio Spurs,152,111,1.27,4.02,False,True,263,41,False
2023-11-07,,Detroit Pistons,Golden State Warriors,109,120,3.95,1.27,False,False,229,-11,False
2023-11-07,,Orlando Magic,Dallas Mavericks,102,117,1.94,1.9,False,False,219,-15,False
2023-11-07,,Miami Heat,Los Angeles Lakers,108,107,1.81,2.05,False,True,215,1,False
2023-11-07,,Minnesota Timberwolves,Boston Celtics,114,109,2.36,1.63,True,True,223,5,False
2023-11-07,,Houston Rockets,Sacramento Kings,122,97,2.11,1.77,False,True,219,25,False
2023-11-07,,Chicago Bulls,Utah Jazz,130,113,1.57,2.5,False,True,243,17,False
2023-11-07,,Oklahoma City Thunder,Atlanta Hawks,126,117,1.9,1.95,False,True,243,9,False
2023-11-07,,Denver Nuggets,New Orleans Pelicans,134,116,1.4,3.07,False,True,250,18,False
2023-11-07,,New York Knicks,Los Angeles Clippers,111,97,1.83,2.02,False,True,208,14,False
2023-11-09,,Memphis Grizzlies,Miami Heat,102,108,2.07,1.8,False,False,210,-6,False
2023-11-09,,New York Knicks,San Antonio Spurs,126,105,1.26,4.0,False,True,231,21,False
2023-11-09,,Charlotte Hornets,Washington Wizards,116,132,1.76,2.11,False,False,248,-16,False
2023-11-09,,Philadelphia 76ers,Boston Celtics,106,103,2.22,1.7,False,True,209,3,False
2023-11-09,,Brooklyn Nets,Los Angeles Clippers,100,93,2.79,1.47,False,True,193,7,False
2023-11-09,,Indiana Pacers,Utah Jazz,134,118,1.43,2.94,False,True,252,16,False
2023-11-09,,Minnesota Timberwolves,New Orleans Pelicans,122,101,1.24,4.27,False,True,223,21,False
2023-11-09,,Milwaukee Bucks,Detroit Pistons,120,118,1.14,5.96,False,True,238,2,False
2023-11-09,,Houston Rockets,Los Angeles Lakers,128,94,2.1,1.78,False,True,222,34,False
2023-11-09,,Oklahoma City Thunder,Cleveland Cavaliers,128,120,2.1,1.78,False,True,248,8,False
2023-11-09,,Chicago Bulls,Phoenix Suns,115,116,1.97,1.88,True,False,231,-1,False
2023-11-09,,Dallas Mavericks,Toronto Raptors,116,127,1.57,2.47,False,False,243,-11,False
2023-11-09,,Sacramento Kings,Portland Trail Blazers,121,118,1.31,3.64,True,True,239,3,False
2023-11-09,,Denver Nuggets,Golden State Warriors,108,105,1.54,2.56,False,True,213,3,False
2023-11-10,,Indiana Pacers,Milwaukee Bucks,126,124,1.99,1.85,False,True,250,2,False
2023-11-10,,Orlando Magic,Atlanta Hawks,119,120,2.35,1.63,False,False,239,-1,False
2023-11-11,,Detroit Pistons,Philadelphia 76ers,106,114,3.95,1.27,False,False,220,-8,False
2023-11-11,,Washington Wizards,Charlotte Hornets,117,124,1.67,2.27,False,False,241,-7,False
2023-11-11,,Boston Celtics,Brooklyn Nets,121,107,1.15,5.61,False,True,228,14,False
2023-11-11,,San Antonio Spurs,Minnesota Timberwolves,110,117,3.32,1.35,False,False,227,-7,False
2023-11-11,,Phoenix Suns,Los Angeles Lakers,119,122,1.76,2.13,False,False,241,-3,False
2023-11-11,,Houston Rockets,New Orleans Pelicans,104,101,1.71,2.22,False,True,205,3,False
2023-11-11,,Dallas Mavericks,Los Angeles Clippers,144,126,1.86,1.99,False,True,270,18,False
2023-11-11,,Memphis Grizzlies,Utah Jazz,121,127,1.51,2.65,False,False,248,-6,False
2023-11-11,,Sacramento Kings,Oklahoma City Thunder,105,98,2.05,1.81,False,True,203,7,False
2023-11-12,,Golden State Warriors,Cleveland Cavaliers,110,118,1.56,2.52,False,False,228,-8,False
2023-11-12,,Atlanta Hawks,Miami Heat,109,117,1.33,3.45,False,False,226,-8,False
2023-11-12,,Orlando Magic,Milwaukee Bucks,112,97,2.11,1.77,False,True,209,15,False
2023-11-12,,Boston Celtics,Toronto Raptors,117,94,1.26,4.05,False,True,211,23,False
2023-11-13,,Los Angeles Clippers,Memphis Grizzlies,101,105,1.29,3.79,False,False,206,-4,False
2023-11-13,,Houston Rockets,Denver Nuggets,107,104,2.63,1.52,False,True,211,3,False
2023-11-13,,Brooklyn Nets,Washington Wizards,102,94,1.36,3.22,False,True,196,8,False
2023-11-13,,Philadelphia 76ers,Indiana Pacers,137,126,1.38,3.15,False,True,263,11,False
2023-11-13,,New York Knicks,Charlotte Hornets,129,107,1.2,4.89,False,True,236,22,False
2023-11-13,,San Antonio Spurs,Miami Heat,113,118,2.06,1.8,False,False,231,-5,False
2023-11-13,,Phoenix Suns,Oklahoma City Thunder,99,111,1.62,2.38,False,False,210,-12,False
2023-11-13,,Golden State Warriors,Minnesota Timberwolves,110,116,1.66,2.3,False,False,226,-6,False
2023-11-13,,Los Angeles Lakers,Portland Trail Blazers,116,110,1.27,3.99,False,True,226,6,False
2023-11-13,,Chicago Bulls,Detroit Pistons,119,108,1.39,3.1,False,True,227,11,False
2023-11-13,,New Orleans Pelicans,Dallas Mavericks,124,136,2.35,1.63,False,False,260,-12,False
2023-11-14,,Sacramento Kings,Cleveland Cavaliers,132,120,1.89,1.95,False,True,252,12,False
2023-11-14,,Toronto Raptors,Washington Wizards,111,107,1.29,3.82,False,True,218,4,False
2023-11-14,,Boston Celtics,New York Knicks,114,98,1.24,4.32,False,True,212,16,False
2023-11-14,,Milwaukee Bucks,Chicago Bulls,118,109,1.23,4.31,False,True,227,9,False
2023-11-15,,Detroit Pistons,Atlanta Hawks,120,126,2.58,1.53,False,False,246,-6,False
2023-11-15,,Utah Jazz,Portland Trail Blazers,115,99,1.38,3.14,False,True,214,16,False
2023-11-15,,Charlotte Hornets,Miami Heat,105,111,2.99,1.42,False,False,216,-6,False
2023-11-15,,Brooklyn Nets,Orlando Magic,124,104,1.71,2.21,False,True,228,20,False
2023-11-15,,Philadelphia 76ers,Indiana Pacers,126,132,1.46,2.84,False,False,258,-6,False
2023-11-15,,Denver Nuggets,Los Angeles Clippers,111,108,1.54,2.57,False,True,219,3,False
2023-11-15,,Oklahoma City Thunder,San Antonio Spurs,123,87,1.2,4.76,False,True,210,36,False
2023-11-15,,New Orleans Pelicans,Dallas Mavericks,131,110,2.36,1.62,False,True,241,21,False
2023-11-15,,Golden State Warriors,Minnesota Timberwolves,101,104,2.3,1.66,False,False,205,-3,False
2023-11-15,,Los Angeles Lakers,Memphis Grizzlies,134,107,1.39,3.13,False,True,241,27,False
2023-11-16,,Portland Trail Blazers,Cleveland Cavaliers,95,109,4.53,1.22,False,False,204,-14,False
2023-11-16,,Los Angeles Lakers,Sacramento Kings,110,125,1.96,1.89,False,False,235,-15,False
2023-11-16,,Phoenix Suns,Minnesota Timberwolves,133,115,1.56,2.57,False,True,248,18,False
2023-11-16,,Chicago Bulls,Orlando Magic,94,96,1.76,2.11,False,False,190,-2,False
2023-11-16,,Philadelphia 76ers,Boston Celtics,107,117,2.0,1.85,False,False,224,-10,False
2023-11-16,,Toronto Raptors,Milwaukee Bucks,112,128,1.98,1.88,False,False,240,-16,False
2023-11-16,,Washington Wizards,Dallas Mavericks,117,130,2.5,1.56,False,False,247,-13,False
2023-11-16,,Atlanta Hawks,New York Knicks,114,116,1.83,2.02,False,False,230,-2,False
2023-11-17,,Miami Heat,Brooklyn Nets,122,115,1.63,2.39,False,True,237,7,False
2023-11-17,,Golden State Warriors,Oklahoma City Thunder,109,128,2.33,1.63,False,False,237,-19,False
2023-11-18,,Toronto Raptors,Boston Celtics,105,108,4.01,1.26,False,False,213,-3,False
2023-11-18,,San Antonio Spurs,Sacramento Kings,120,129,3.8,1.28,False,False,249,-9,False
2023-11-18,,Chicago Bulls,Orlando Magic,97,103,1.62,2.35,False,False,200,-6,False
2023-11-18,,Charlotte Hornets,Milwaukee Bucks,99,130,3.95,1.27,False,False,229,-31,False
2023-11-18,,Cleveland Cavaliers,Detroit Pistons,108,100,1.27,3.96,False,True,208,8,False
2023-11-18,,Washington Wizards,New York Knicks,99,120,3.28,1.36,False,False,219,-21,False
2023-11-18,,Atlanta Hawks,Philadelphia 76ers,116,126,2.02,1.84,False,False,242,-10,False
2023-11-18,,New Orleans Pelicans,Denver Nuggets,115,110,2.59,1.52,False,True,225,5,False
2023-11-18,,Utah Jazz,Phoenix Suns,128,131,2.72,1.49,False,False,259,-3,False
2023-11-18,,Los Angeles Clippers,Houston Rockets,106,100,1.35,3.38,False,True,206,6,False
2023-11-18,,Portland Trail Blazers,Los Angeles Lakers,95,107,4.24,1.24,False,False,202,-12,False
2023-11-19,,Charlotte Hornets,New York Knicks,108,122,3.08,1.4,False,False,230,-14,False
2023-11-19,,New Orleans Pelicans,Minnesota Timberwolves,120,121,3.39,1.34,False,False,241,-1,False
2023-11-19,,San Antonio Spurs,Memphis Grizzlies,108,120,2.29,1.66,False,False,228,-12,False
2023-11-19,,Milwaukee Bucks,Dallas Mavericks,132,125,1.8,2.08,False,True,257,7,False
2023-11-19,,Chicago Bulls,Miami Heat,102,97,2.07,1.8,False,True,199,5,False
2023-11-19,,Golden State Warriors,Oklahoma City Thunder,123,130,1.78,2.11,True,False,253,-7,False
2023-11-20,,Brooklyn Nets,Philadelphia 76ers,99,121,2.41,1.61,False,False,220,-22,False
2023-11-20,,Dallas Mavericks,Sacramento Kings,113,129,1.84,2.01,False,False,242,-16,False
2023-11-20,,Toronto Raptors,Detroit Pistons,142,113,1.23,4.37,False,True,255,29,False
2023-11-20,,Cleveland Cavaliers,Denver Nuggets,121,109,2.54,1.55,False,True,230,12,False
2023-11-20,,Los Angeles Lakers,Houston Rockets,105,104,1.42,2.95,False,True,209,1,False
2023-11-20,,Utah Jazz,Phoenix Suns,137,140,2.6,1.53,True,False,277,-3,False
2023-11-20,,Memphis Grizzlies,Boston Celtics,100,102,5.74,1.15,False,False,202,-2,False
2023-11-20,,Portland Trail Blazers,Oklahoma City Thunder,91,134,3.24,1.36,False,False,225,-43,False
2023-11-20,,Indiana Pacers,Orlando Magic,116,128,1.55,2.55,False,False,244,-12,False
2023-11-21,,Detroit Pistons,Denver Nuggets,103,107,4.39,1.23,False,False,210,-4,False
2023-11-21,,New Orleans Pelicans,Sacramento Kings,129,93,2.02,1.84,False,True,222,36,False
2023-11-21,,Washington Wizards,Milwaukee Bucks,129,142,4.62,1.21,False,False,271,-13,False
2023-11-21,,Charlotte Hornets,Boston Celtics,121,118,3.86,1.28,True,True,239,3,False
2023-11-21,,Chicago Bulls,Miami Heat,100,118,2.03,1.83,False,False,218,-18,False
2023-11-21,,Minnesota Timberwolves,New York Knicks,117,100,1.73,2.17,False,True,217,17,False
2023-11-21,,Golden State Warriors,Houston Rockets,121,116,1.34,3.38,False,True,237,5,False
2023-11-21,,San Antonio Spurs,Los Angeles Clippers,99,124,3.92,1.27,False,False,223,-25,False
2023-11-22,,Orlando Magic,Toronto Raptors,126,107,1.81,2.05,False,True,233,19,False
2023-11-22,,Philadelphia 76ers,Cleveland Cavaliers,119,122,1.3,3.65,True,False,241,-3,False
2023-11-22,,Atlanta Hawks,Indiana Pacers,152,157,1.63,2.37,False,False,309,-5,False
2023-11-22,,Phoenix Suns,Portland Trail Blazers,120,107,1.13,6.43,False,True,227,13,False
2023-11-22,,Los Angeles Lakers,Utah Jazz,131,99,1.33,3.46,False,True,230,32,False
2023-11-23,,San Antonio Spurs,Los Angeles Clippers,102,109,3.76,1.29,False,False,211,-7,False
2023-11-23,,Charlotte Hornets,Washington Wizards,117,114,1.59,2.45,False,True,231,3,False
2023-11-23,,Indiana Pacers,Toronto Raptors,131,132,1.71,2.22,False,False,263,-1,False
2023-11-23,,Cleveland Cavaliers,Miami Heat,96,129,1.84,2.01,False,False,225,-33,False
2023-11-23,,Boston Celtics,Milwaukee Bucks,119,116,1.42,2.97,False,True,235,3,False
2023-11-23,,Atlanta Hawks,Brooklyn Nets,147,145,1.66,2.29,True,True,292,2,False
2023-11-23,,Orlando Magic,Denver Nuggets,124,119,2.34,1.63,False,True,243,5,False
2023-11-23,,New Orleans Pelicans,Sacramento Kings,117,112,2.0,1.85,False,True,229,5,False
2023-11-23,,Minnesota Timberwolves,Philadelphia 76ers,112,99,1.36,3.24,False,True,211,13,False
2023-11-23,,Houston Rockets,Memphis Grizzlies,111,91,1.49,2.72,False,True,202,20,False
2023-11-23,,Oklahoma City Thunder,Chicago Bulls,116,102,1.35,3.34,False,True,218,14,False
2023-11-23,,Portland Trail Blazers,Utah Jazz,121,105,2.34,1.64,False,True,226,16,False
2023-11-23,,Los Angeles Lakers,Dallas Mavericks,101,104,1.94,1.9,False,False,205,-3,False
2023-11-23,,Phoenix Suns,Golden State Warriors,123,115,1.7,2.21,False,True,238,8,False
2023-11-25,,Minnesota Timberwolves,Sacramento Kings,111,124,1.55,2.57,False,False,235,-13,False
2023-11-25,,Orlando Magic,Boston Celtics,113,96,2.79,1.47,False,True,209,17,False
2023-11-25,,Memphis Grizzlies,Phoenix Suns,89,110,2.5,1.57,False,False,199,-21,False
2023-11-25,,Toronto Raptors,Chicago Bulls,121,108,1.5,2.71,False,True,229,13,False
2023-11-25,,New York Knicks,Miami Heat,100,98,1.49,2.71,False,True,198,2,False
2023-11-25,,Milwaukee Bucks,Washington Wizards,131,128,1.12,7.03,False,True,259,3,False
2023-11-25,,Houston Rockets,Denver Nuggets,105,86,2.25,1.69,False,True,191,19,False
2023-11-25,,Golden State Warriors,San Antonio Spurs,118,112,1.21,4.68,False,True,230,6,False
2023-11-25,,Los Angeles Clippers,New Orleans Pelicans,106,116,1.5,2.71,False,False,222,-10,False
2023-11-25,,Indiana Pacers,Detroit Pistons,136,113,1.26,4.09,False,True,249,23,False
2023-11-26,,Oklahoma City Thunder,Philadelphia 76ers,123,127,2.0,1.85,False,False,250,-4,False
2023-11-26,,Brooklyn Nets,Miami Heat,112,97,1.35,3.32,False,True,209,15,False
2023-11-26,,Washington Wizards,Atlanta Hawks,108,136,3.72,1.29,False,False,244,-28,False
2023-11-26,,Cleveland Cavaliers,Los Angeles Lakers,115,121,1.56,2.5,False,False,236,-6,False
2023-11-26,,Utah Jazz,New Orleans Pelicans,105,100,2.27,1.67,False,True,205,5,False
2023-11-26,,Los Angeles Clippers,Dallas Mavericks,107,88,1.84,2.02,False,True,195,19,False
2023-11-27,,New York Knicks,Phoenix Suns,113,116,1.49,2.74,False,False,229,-3,False
2023-11-27,,Orlando Magic,Charlotte Hornets,130,117,1.38,3.11,False,True,247,13,False
2023-11-27,,Milwaukee Bucks,Portland Trail Blazers,108,102,1.13,6.69,False,True,210,6,False
2023-11-27,,Cleveland Cavaliers,Toronto Raptors,105,102,1.67,2.26,False,True,207,3,False
2023-11-27,,Boston Celtics,Atlanta Hawks,113,103,1.34,3.39,False,True,216,10,False
2023-11-27,,Brooklyn Nets,Chicago Bulls,118,109,1.69,2.24,False,True,227,9,False
2023-11-27,,Denver Nuggets,San Antonio Spurs,132,120,1.18,5.1,False,True,252,12,False
2023-11-27,,Memphis Grizzlies,Minnesota Timberwolves,97,119,3.07,1.4,False,False,216,-22,False
2023-11-28,,Philadelphia 76ers,Los Angeles Lakers,138,94,1.46,2.78,False,True,232,44,False
2023-11-28,,Indiana Pacers,Portland Trail Blazers,110,114,1.15,5.84,False,False,224,-4,False
2023-11-28,,Detroit Pistons,Washington Wizards,107,126,1.76,2.12,False,False,233,-19,False
2023-11-28,,Utah Jazz,New Orleans Pelicans,114,112,2.96,1.42,False,True,226,2,False
2023-11-28,,Los Angeles Clippers,Denver Nuggets,104,113,1.18,5.16,False,False,217,-9,False
2023-11-29,,Dallas Mavericks,Houston Rockets,121,115,1.58,2.47,False,True,236,6,False
2023-11-29,,Miami Heat,Milwaukee Bucks,124,131,2.59,1.52,False,False,255,-7,False
2023-11-29,,Brooklyn Nets,Toronto Raptors,115,103,1.81,2.05,False,True,218,12,False
2023-11-29,,Boston Celtics,Chicago Bulls,124,97,1.13,6.35,False,True,221,27,False
2023-11-29,,Sacramento Kings,Golden State Warriors,124,123,1.79,2.08,False,True,247,1,False
2023-11-29,,Minnesota Timberwolves,Oklahoma City Thunder,106,103,1.67,2.28,False,True,209,3,False
2023-11-29,,Cleveland Cavaliers,Atlanta Hawks,128,105,1.56,2.54,False,True,233,23,False
2023-11-29,,New York Knicks,Charlotte Hornets,115,91,1.16,5.53,False,True,206,24,False
2023-11-30,,Orlando Magic,Washington Wizards,139,120,1.23,4.37,False,True,259,19,False
2023-11-30,,Denver Nuggets,Houston Rockets,134,124,1.22,4.48,False,True,258,10,False
2023-11-30,,New Orleans Pelicans,Philadelphia 76ers,124,114,1.77,2.14,False,True,238,10,False
2023-11-30,,Detroit Pistons,Los Angeles Lakers,107,133,3.56,1.32,False,False,240,-26,False
2023-11-30,,Sacramento Kings,Los Angeles Clippers,117,131,2.04,1.82,False,False,248,-14,False
2023-11-30,,Memphis Grizzlies,Utah Jazz,105,91,1.61,2.4,False,True,196,14,False
2023-11-30,,Toronto Raptors,Phoenix Suns,112,105,2.34,1.64,False,True,217,7,False
2023-12-01,,San Antonio Spurs,Atlanta Hawks,135,137,3.09,1.4,False,False,272,-2,False
2023-12-01,,Chicago Bulls,Milwaukee Bucks,120,113,4.77,1.2,True,True,233,7,False
2023-12-01,,Oklahoma City Thunder,Los Angeles Lakers,133,110,1.5,2.67,False,True,243,23,False
2023-12-01,,Golden State Warriors,Los Angeles Clippers,120,114,1.77,2.1,False,True,234,6,False
2023-12-01,,Brooklyn Nets,Charlotte Hornets,128,129,1.26,4.09,False,False,257,-1,False
2023-12-01,,New York Knicks,Detroit Pistons,118,112,1.1,7.61,False,True,230,6,False
2023-12-01,,Miami Heat,Indiana Pacers,142,132,1.6,2.41,False,True,274,10,False
2023-12-01,,Cleveland Cavaliers,Portland Trail Blazers,95,103,1.15,5.82,False,False,198,-8,False
2023-12-01,,Minnesota Timberwolves,Utah Jazz,101,90,1.16,5.67,False,True,191,11,False
2023-12-02,,Boston Celtics,Philadelphia 76ers,125,119,1.16,5.51,False,True,244,6,False
2023-12-02,,Dallas Mavericks,Memphis Grizzlies,94,108,1.43,2.93,False,False,202,-14,False
2023-12-02,,New Orleans Pelicans,San Antonio Spurs,121,106,1.13,6.41,False,True,227,15,False
2023-12-02,,Orlando Magic,Washington Wizards,130,125,1.2,4.77,False,True,255,5,False
2023-12-02,,Toronto Raptors,New York Knicks,106,119,1.8,2.07,False,False,225,-13,False
2023-12-02,,Phoenix Suns,Denver Nuggets,111,119,1.96,1.89,False,False,230,-8,False
2023-12-03,,Los Angeles Clippers,Golden State Warriors,113,112,1.48,2.72,False,True,225,1,False
2023-12-03,,Brooklyn Nets,Orlando Magic,129,101,1.73,2.16,False,True,230,28,False
2023-12-03,,Milwaukee Bucks,Atlanta Hawks,132,121,1.39,3.11,False,True,253,11,False
2023-12-03,,Charlotte Hornets,Minnesota Timberwolves,117,123,2.72,1.49,False,False,240,-6,False
2023-12-03,,Detroit Pistons,Cleveland Cavaliers,101,110,4.26,1.24,False,False,211,-9,False
2023-12-03,,Chicago Bulls,New Orleans Pelicans,124,118,2.01,1.85,False,True,242,6,False
2023-12-03,,Los Angeles Lakers,Houston Rockets,107,97,1.51,2.66,False,True,204,10,False
2023-12-03,,Phoenix Suns,Memphis Grizzlies,116,109,1.22,4.57,False,True,225,7,False
2023-12-03,,Dallas Mavericks,Oklahoma City Thunder,120,126,2.62,1.52,False,False,246,-6,False
2023-12-03,,Utah Jazz,Portland Trail Blazers,118,113,1.82,2.03,True,True,231,5,False
2023-12-03,,Sacramento Kings,Denver Nuggets,123,117,1.62,2.3,False,True,240,6,False
2023-12-03,,Miami Heat,Indiana Pacers,129,144,1.52,2.61,False,False,273,-15,False
2023-12-07,,Atlanta Hawks,Brooklyn Nets,113,114,1.62,2.37,False,False,227,-1,False
2023-12-07,,Washington Wizards,Philadelphia 76ers,126,131,4.75,1.2,False,False,257,-5,False
2023-12-07,,Detroit Pistons,Memphis Grizzlies,102,116,2.09,1.79,False,False,218,-14,False
2023-12-07,,Cleveland Cavaliers,Orlando Magic,121,111,1.57,2.5,False,True,232,10,False
2023-12-07,,Minnesota Timberwolves,San Antonio Spurs,102,94,1.15,5.89,False,True,196,8,False
2023-12-07,,Toronto Raptors,Miami Heat,103,112,1.58,2.44,False,False,215,-9,False
2023-12-07,,Chicago Bulls,Charlotte Hornets,111,100,1.5,2.67,False,True,211,11,False
2023-12-07,,Houston Rockets,Oklahoma City Thunder,110,101,2.1,1.78,False,True,211,9,False
2023-12-07,,Dallas Mavericks,Utah Jazz,147,97,1.16,5.51,False,True,244,50,False
2023-12-07,,Golden State Warriors,Portland Trail Blazers,110,106,1.13,6.39,False,True,216,4,False
2023-12-07,,Los Angeles Clippers,Denver Nuggets,111,102,1.93,1.93,False,True,213,9,False
2023-12-09,,Oklahoma City Thunder,Golden State Warriors,138,136,1.65,2.32,True,True,274,2,False
2023-12-09,,Charlotte Hornets,Toronto Raptors,119,116,2.74,1.49,False,True,235,3,False
2023-12-09,,Orlando Magic,Detroit Pistons,123,91,1.19,4.93,False,True,214,32,False
2023-12-09,,Philadelphia 76ers,Atlanta Hawks,125,114,1.26,4.07,False,True,239,11,False
2023-12-09,,Brooklyn Nets,Washington Wizards,124,97,1.25,4.2,False,True,221,27,False
2023-12-09,,Boston Celtics,New York Knicks,133,123,1.32,3.51,False,True,256,10,False
2023-12-09,,Portland Trail Blazers,Dallas Mavericks,112,125,4.66,1.21,False,False,237,-13,False
2023-12-09,,Utah Jazz,Los Angeles Clippers,103,117,3.67,1.3,False,False,220,-14,False
2023-12-09,,Miami Heat,Cleveland Cavaliers,99,111,2.01,1.84,False,False,210,-12,False
2023-12-09,,Phoenix Suns,Sacramento Kings,106,114,2.26,1.68,False,False,220,-8,False
2023-12-09,,Denver Nuggets,Houston Rockets,106,114,1.26,4.0,False,False,220,-8,False
2023-12-09,,San Antonio Spurs,Chicago Bulls,112,121,2.13,1.76,False,False,233,-9,False
2023-12-09,,Memphis Grizzlies,Minnesota Timberwolves,103,127,2.81,1.46,False,False,230,-24,False
2023-12-12,,New York Knicks,Toronto Raptors,136,130,1.58,2.46,False,True,266,6,False
2023-12-12,,Philadelphia 76ers,Washington Wizards,146,101,1.12,6.64,False,True,247,45,False
2023-12-12,,Detroit Pistons,Indiana Pacers,123,131,3.28,1.36,False,False,254,-8,False
2023-12-12,,Orlando Magic,Cleveland Cavaliers,104,94,1.76,2.13,False,True,198,10,False
2023-12-12,,Charlotte Hornets,Miami Heat,114,116,2.47,1.57,False,False,230,-2,False
2023-12-12,,Atlanta Hawks,Denver Nuggets,122,129,2.29,1.66,False,False,251,-7,False
2023-12-12,,Oklahoma City Thunder,Utah Jazz,134,120,1.12,6.93,False,True,254,14,False
2023-12-12,,New Orleans Pelicans,Minnesota Timberwolves,121,107,1.6,2.43,False,True,228,14,False
2023-12-12,,Los Angeles Clippers,Portland Trail Blazers,132,127,1.11,7.3,False,True,259,5,False
2023-12-12,,Sacramento Kings,Brooklyn Nets,131,118,1.53,2.57,False,True,249,13,False
2023-12-12,,Houston Rockets,San Antonio Spurs,93,82,1.26,4.05,False,True,175,11,False
2023-12-12,,Memphis Grizzlies,Dallas Mavericks,113,120,1.99,1.85,False,False,233,-7,False
2023-12-12,,Milwaukee Bucks,Chicago Bulls,133,129,1.16,5.6,True,True,262,4,False
2023-12-13,,Dallas Mavericks,Los Angeles Lakers,127,125,2.27,1.68,False,True,252,2,False
2023-12-13,,Boston Celtics,Cleveland Cavaliers,120,113,1.15,5.83,False,True,233,7,False
2023-12-13,,Chicago Bulls,Denver Nuggets,106,114,3.08,1.39,False,False,220,-8,False
2023-12-13,,Phoenix Suns,Golden State Warriors,119,116,1.98,1.87,False,True,235,3,False
2023-12-13,,Los Angeles Clippers,Sacramento Kings,119,99,1.6,2.41,False,True,218,20,False
2023-12-14,,San Antonio Spurs,Los Angeles Lakers,119,122,2.36,1.63,False,False,241,-3,False
2023-12-14,,Detroit Pistons,Philadelphia 76ers,111,129,6.06,1.14,False,False,240,-18,False
2023-12-14,,Miami Heat,Charlotte Hornets,115,104,1.32,3.55,False,True,219,11,False
2023-12-14,,Toronto Raptors,Atlanta Hawks,135,128,1.75,2.14,False,True,263,7,False
2023-12-14,,Utah Jazz,New York Knicks,117,113,2.87,1.44,False,True,230,4,False
2023-12-14,,Milwaukee Bucks,Indiana Pacers,140,126,1.4,3.07,False,True,266,14,False
2023-12-14,,Phoenix Suns,Brooklyn Nets,112,116,1.54,2.58,False,False,228,-4,False
2023-12-14,,Washington Wizards,New Orleans Pelicans,122,142,3.16,1.38,False,False,264,-20,False
2023-12-14,,Houston Rockets,Memphis Grizzlies,117,104,1.24,4.27,False,True,221,13,False
2023-12-15,,Portland Trail Blazers,Utah Jazz,114,122,1.51,2.66,False,False,236,-8,False
2023-12-15,,Los Angeles Clippers,Golden State Warriors,121,113,1.75,2.14,False,True,234,8,False
2023-12-15,,Sacramento Kings,Oklahoma City Thunder,128,123,1.76,2.14,False,True,251,5,False
2023-12-15,,Denver Nuggets,Brooklyn Nets,124,101,1.25,4.25,False,True,225,23,False
2023-12-15,,Boston Celtics,Cleveland Cavaliers,116,107,1.26,4.03,False,True,223,9,False
2023-12-15,,Miami Heat,Chicago Bulls,116,124,1.61,2.39,False,False,240,-8,False
2023-12-15,,Dallas Mavericks,Minnesota Timberwolves,101,119,2.06,1.8,False,False,220,-18,False
2023-12-16,,Phoenix Suns,New York Knicks,122,139,1.5,2.66,False,False,261,-17,False
2023-12-16,,Memphis Grizzlies,Houston Rockets,96,103,2.22,1.7,False,False,199,-7,False
2023-12-16,,Toronto Raptors,Atlanta Hawks,104,125,1.81,2.05,False,False,229,-21,False
2023-12-16,,Philadelphia 76ers,Detroit Pistons,124,92,1.08,8.58,False,True,216,32,False
2023-12-16,,San Antonio Spurs,Los Angeles Lakers,129,115,2.55,1.54,False,True,244,14,False
2023-12-16,,Charlotte Hornets,New Orleans Pelicans,107,112,4.26,1.23,False,False,219,-5,False
2023-12-16,,Washington Wizards,Indiana Pacers,137,123,3.78,1.29,False,True,260,14,False
2023-12-16,,Boston Celtics,Orlando Magic,128,111,1.46,2.8,False,True,239,17,False
2023-12-17,,Golden State Warriors,Brooklyn Nets,124,120,1.66,2.3,False,True,244,4,False
2023-12-17,,Milwaukee Bucks,Detroit Pistons,146,114,1.06,8.79,False,True,260,32,False
2023-12-17,,Cleveland Cavaliers,Atlanta Hawks,127,119,1.55,2.52,False,True,246,8,False
2023-12-17,,Minnesota Timberwolves,Indiana Pacers,127,109,1.21,4.65,False,True,236,18,False
2023-12-17,,Miami Heat,Chicago Bulls,118,116,1.51,2.65,False,True,234,2,False
2023-12-17,,Portland Trail Blazers,Dallas Mavericks,120,131,2.65,1.51,False,False,251,-11,False
2023-12-17,,Denver Nuggets,Oklahoma City Thunder,117,118,1.47,2.78,False,False,235,-1,False
2023-12-17,,Sacramento Kings,Utah Jazz,125,104,1.29,3.73,False,True,229,21,False
2023-12-17,,Los Angeles Clippers,New York Knicks,144,122,1.39,3.08,False,True,266,22,False
2023-12-17,,Charlotte Hornets,Philadelphia 76ers,82,135,5.78,1.15,False,False,217,-53,False
2023-12-18,,Phoenix Suns,Washington Wizards,112,108,1.12,6.65,False,True,220,4,False
2023-12-18,,Milwaukee Bucks,Houston Rockets,128,119,1.35,3.3,False,True,247,9,False
2023-12-18,,Portland Trail Blazers,Golden State Warriors,114,118,2.85,1.45,False,False,232,-4,False
2023-12-18,,Boston Celtics,Orlando Magic,114,97,1.28,3.83,False,True,211,17,False
2023-12-18,,San Antonio Spurs,New Orleans Pelicans,110,146,3.45,1.33,False,False,256,-36,False
2023-12-19,,Philadelphia 76ers,Chicago Bulls,104,108,1.19,4.92,False,False,212,-4,False
2023-12-19,,Miami Heat,Minnesota Timberwolves,108,112,2.08,1.79,False,False,220,-4,False
2023-12-19,,Indiana Pacers,Los Angeles Clippers,127,151,2.41,1.6,False,False,278,-24,False
2023-12-19,,Toronto Raptors,Charlotte Hornets,114,99,1.12,6.59,False,True,213,15,False
2023-12-19,,Cleveland Cavaliers,Houston Rockets,135,130,1.6,2.42,True,True,265,5,False
2023-12-19,,Atlanta Hawks,Detroit Pistons,130,124,1.15,5.63,False,True,254,6,False
2023-12-19,,Utah Jazz,Brooklyn Nets,125,108,2.33,1.64,False,True,233,17,False
2023-12-19,,Sacramento Kings,Washington Wizards,143,131,1.1,7.76,False,True,274,12,False
2023-12-19,,Denver Nuggets,Dallas Mavericks,130,104,1.3,3.67,False,True,234,26,False
2023-12-19,,Los Angeles Lakers,New York Knicks,109,114,1.51,2.62,False,False,223,-5,False
2023-12-19,,Oklahoma City Thunder,Memphis Grizzlies,116,97,1.2,4.9,False,True,213,19,False
2023-12-20,,New Orleans Pelicans,Memphis Grizzlies,113,115,1.27,3.89,False,False,228,-2,False
2023-12-20,,Milwaukee Bucks,San Antonio Spurs,132,119,1.07,9.83,False,True,251,13,False
2023-12-20,,Portland Trail Blazers,Phoenix Suns,109,104,3.31,1.35,False,True,213,5,False
2023-12-20,,Golden State Warriors,Boston Celtics,132,126,2.62,1.51,True,True,258,6,False
2023-12-21,,Orlando Magic,Miami Heat,106,115,1.49,2.71,False,False,221,-9,False
2023-12-21,,Brooklyn Nets,New York Knicks,102,121,1.97,1.87,False,False,223,-19,False
2023-12-21,,Philadelphia 76ers,Minnesota Timberwolves,127,113,1.59,2.43,False,True,240,14,False
2023-12-21,,Indiana Pacers,Charlotte Hornets,144,113,1.2,4.77,False,True,257,31,False
2023-12-21,,Cleveland Cavaliers,Utah Jazz,124,116,1.64,2.33,False,True,240,8,False
2023-12-21,,Chicago Bulls,Los Angeles Lakers,124,108,2.43,1.59,False,True,232,16,False
2023-12-21,,Toronto Raptors,Denver Nuggets,104,113,2.41,1.6,False,False,217,-9,False
2023-12-21,,Houston Rockets,Atlanta Hawks,127,134,1.7,2.22,False,False,261,-7,False
2023-12-21,,Dallas Mavericks,Los Angeles Clippers,111,120,2.06,1.8,False,False,231,-9,False
2023-12-21,,Sacramento Kings,Boston Celtics,119,144,1.63,2.35,False,False,263,-25,False
2023-12-22,,Memphis Grizzlies,Indiana Pacers,116,103,1.75,2.13,False,True,219,13,False
2023-12-22,,Detroit Pistons,Utah Jazz,111,119,1.78,2.09,False,False,230,-8,False
2023-12-22,,Oklahoma City Thunder,Los Angeles Clippers,134,115,1.42,2.94,False,True,249,19,False
2023-12-22,,Cleveland Cavaliers,New Orleans Pelicans,104,123,2.36,1.63,False,False,227,-19,False
2023-12-22,,Chicago Bulls,San Antonio Spurs,114,95,1.43,2.92,False,True,209,19,False
2023-12-22,,Minnesota Timberwolves,Los Angeles Lakers,118,111,1.3,3.63,False,True,229,7,False
2023-12-22,,Portland Trail Blazers,Washington Wizards,117,118,1.55,2.52,False,False,235,-1,False
2023-12-22,,Milwaukee Bucks,Orlando Magic,118,114,1.28,3.87,False,True,232,4,False
2023-12-23,,Philadelphia 76ers,Toronto Raptors,121,111,1.31,3.57,False,True,232,10,False
2023-12-23,,Brooklyn Nets,Denver Nuggets,117,122,2.61,1.52,False,False,239,-5,False
2023-12-23,,Houston Rockets,Dallas Mavericks,122,96,1.29,3.74,False,True,218,26,False
2023-12-23,,Miami Heat,Atlanta Hawks,122,113,1.87,1.98,False,True,235,9,False
2023-12-23,,Sacramento Kings,Phoenix Suns,120,105,1.57,2.47,False,True,225,15,False
2023-12-23,,Golden State Warriors,Washington Wizards,129,118,1.18,5.19,False,True,247,11,False
2023-12-24,,New Orleans Pelicans,Houston Rockets,104,106,1.35,3.34,False,False,210,-2,False
2023-12-24,,New York Knicks,Milwaukee Bucks,111,130,2.16,1.74,False,False,241,-19,False
2023-12-24,,Los Angeles Clippers,Boston Celtics,108,145,2.5,1.56,False,False,253,-37,False
2023-12-24,,Toronto Raptors,Utah Jazz,119,126,1.46,2.81,False,False,245,-7,False
2023-12-24,,Indiana Pacers,Orlando Magic,110,117,1.74,2.16,False,False,227,-7,False
2023-12-24,,Charlotte Hornets,Denver Nuggets,95,102,4.96,1.19,False,False,197,-7,False
2023-12-24,,Dallas Mavericks,San Antonio Spurs,144,119,1.3,3.68,False,True,263,25,False
2023-12-24,,Oklahoma City Thunder,Los Angeles Lakers,120,129,1.63,2.36,False,False,249,-9,False
2023-12-24,,Chicago Bulls,Cleveland Cavaliers,95,109,1.43,2.93,False,False,204,-14,False
2023-12-24,,Golden State Warriors,Portland Trail Blazers,126,106,1.28,3.85,False,True,232,20,False
2023-12-24,,Sacramento Kings,Minnesota Timberwolves,98,110,1.75,2.15,False,False,208,-12,False
2023-12-24,,Atlanta Hawks,Memphis Grizzlies,119,125,1.8,2.05,False,False,244,-6,False
2023-12-24,,Brooklyn Nets,Detroit Pistons,126,115,1.22,4.49,False,True,241,11,False
2023-12-26,,New York Knicks,Milwaukee Bucks,129,122,2.36,1.63,False,True,251,7,False
2023-12-26,,Denver Nuggets,Golden State Warriors,120,114,1.34,3.41,False,True,234,6,False
2023-12-26,,Los Angeles Lakers,Boston Celtics,115,126,2.61,1.54,False,False,241,-11,False
2023-12-26,,Miami Heat,Philadelphia 76ers,119,113,1.73,2.16,False,True,232,6,False
2023-12-26,,Phoenix Suns,Dallas Mavericks,114,128,1.56,2.49,False,False,242,-14,False
2023-12-27,,Washington Wizards,Orlando Magic,119,127,3.31,1.35,False,False,246,-8,False
2023-12-27,,Detroit Pistons,Brooklyn Nets,112,118,3.03,1.4,False,False,230,-6,False
2023-12-27,,San Antonio Spurs,Utah Jazz,118,130,2.22,1.7,False,False,248,-12,False
2023-12-27,,Oklahoma City Thunder,Minnesota Timberwolves,129,106,1.79,2.09,False,True,235,23,False
2023-12-27,,New Orleans Pelicans,Memphis Grizzlies,115,116,1.54,2.56,True,False,231,-1,False
2023-12-27,,Houston Rockets,Indiana Pacers,117,123,1.68,2.25,False,False,240,-6,False
2023-12-27,,Chicago Bulls,Atlanta Hawks,118,113,2.16,1.74,False,True,231,5,False
2023-12-27,,Portland Trail Blazers,Sacramento Kings,130,113,4.09,1.26,False,True,243,17,False
2023-12-27,,Los Angeles Clippers,Charlotte Hornets,113,104,1.19,5.11,False,True,217,9,False
2023-12-28,,Washington Wizards,Toronto Raptors,102,132,3.22,1.37,False,False,234,-30,False
2023-12-28,,Orlando Magic,Philadelphia 76ers,92,112,1.75,2.14,False,False,204,-20,False
2023-12-28,,Brooklyn Nets,Milwaukee Bucks,122,144,4.61,1.21,False,False,266,-22,False
2023-12-28,,Oklahoma City Thunder,New York Knicks,129,120,1.62,2.38,False,True,249,9,False
2023-12-28,,Houston Rockets,Phoenix Suns,113,129,2.3,1.66,False,False,242,-16,False
2023-12-28,,Dallas Mavericks,Cleveland Cavaliers,110,113,1.42,2.97,False,False,223,-3,False
2023-12-29,,Denver Nuggets,Memphis Grizzlies,142,105,1.25,4.17,False,True,247,37,False
2023-12-29,,Boston Celtics,Detroit Pistons,128,122,1.07,9.84,True,True,250,6,False
2023-12-29,,Minnesota Timberwolves,Dallas Mavericks,118,110,1.13,6.21,False,True,228,8,False
2023-12-29,,Chicago Bulls,Indiana Pacers,104,120,1.96,1.89,False,False,224,-16,False
2023-12-29,,Golden State Warriors,Miami Heat,102,114,1.4,3.06,False,False,216,-12,False
2023-12-29,,Portland Trail Blazers,San Antonio Spurs,105,118,1.66,2.3,False,False,223,-13,False
2023-12-29,,Los Angeles Lakers,Charlotte Hornets,133,112,1.12,6.89,False,True,245,21,False
2023-12-29,,New Orleans Pelicans,Utah Jazz,112,105,1.26,4.05,False,True,217,7,False
2023-12-30,,Orlando Magic,New York Knicks,117,108,1.94,1.9,False,True,225,9,False
2023-12-30,,Cleveland Cavaliers,Milwaukee Bucks,111,119,2.7,1.5,False,False,230,-8,False
2023-12-30,,Atlanta Hawks,Sacramento Kings,110,117,1.98,1.87,False,False,227,-7,False
2023-12-30,,Washington Wizards,Brooklyn Nets,110,104,2.97,1.42,False,True,214,6,False
2023-12-30,,Boston Celtics,Toronto Raptors,120,118,1.51,2.66,False,True,238,2,False
2023-12-30,,Phoenix Suns,Charlotte Hornets,133,119,1.08,8.84,False,True,252,14,False
2023-12-30,,Houston Rockets,Philadelphia 76ers,127,131,2.01,1.84,False,False,258,-4,False
2023-12-30,,Portland Trail Blazers,San Antonio Spurs,134,128,1.52,2.61,False,True,262,6,False
2023-12-30,,Los Angeles Clippers,Memphis Grizzlies,117,106,1.6,2.41,False,True,223,11,False
2023-12-30,,Denver Nuggets,Oklahoma City Thunder,93,119,1.79,2.08,False,False,212,-26,False
2023-12-31,,Golden State Warriors,Dallas Mavericks,122,132,1.57,2.48,False,False,254,-10,False
2023-12-31,,Chicago Bulls,Philadelphia 76ers,105,92,1.89,1.96,False,True,197,13,False
2023-12-31,,Utah Jazz,Miami Heat,117,109,2.29,1.66,False,True,226,8,False
2023-12-31,,Indiana Pacers,New York Knicks,140,126,1.58,2.47,False,True,266,14,False
2023-12-31,,Detroit Pistons,Toronto Raptors,129,127,2.41,1.6,False,True,256,2,False
2023-12-31,,Minnesota Timberwolves,Los Angeles Lakers,108,106,1.57,2.49,False,True,214,2,False
2024-01-01,,Phoenix Suns,Orlando Magic,112,107,1.45,2.84,False,True,219,5,False
2024-01-01,,San Antonio Spurs,Boston Celtics,101,134,8.01,1.09,False,False,235,-33,False
2024-01-01,,Memphis Grizzlies,Sacramento Kings,92,123,1.88,1.97,False,False,215,-31,False
2024-01-01,,New Orleans Pelicans,Los Angeles Lakers,129,109,1.45,2.84,False,True,238,20,False
2024-01-01,,Washington Wizards,Atlanta Hawks,126,130,3.09,1.4,False,False,256,-4,False
2024-01-01,,Oklahoma City Thunder,Brooklyn Nets,124,108,1.33,3.45,False,True,232,16,False
2024-01-02,,Denver Nuggets,Charlotte Hornets,111,93,1.05,10.64,False,True,204,18,False
2024-01-02,,Los Angeles Clippers,Miami Heat,121,104,1.3,3.77,False,True,225,17,False
2024-01-02,,Utah Jazz,Dallas Mavericks,127,90,2.55,1.55,False,True,217,37,False
2024-01-02,,Phoenix Suns,Portland Trail Blazers,109,88,1.23,4.34,False,True,197,21,False
2024-01-02,,Milwaukee Bucks,Indiana Pacers,113,122,1.3,3.7,False,False,235,-9,False
2024-01-02,,Toronto Raptors,Cleveland Cavaliers,124,121,1.7,2.21,False,True,245,3,False
2024-01-02,,New York Knicks,Minnesota Timberwolves,112,106,1.99,1.86,False,True,218,6,False
2024-01-02,,Houston Rockets,Detroit Pistons,136,113,1.24,4.29,False,True,249,23,False
2024-01-03,,Sacramento Kings,Charlotte Hornets,104,111,1.07,8.87,False,False,215,-7,False
2024-01-03,,Golden State Warriors,Orlando Magic,121,115,1.6,2.41,False,True,236,6,False
2024-01-03,,Oklahoma City Thunder,Boston Celtics,127,123,2.47,1.57,False,True,250,4,False
2024-01-03,,New Orleans Pelicans,Brooklyn Nets,112,85,1.45,2.83,False,True,197,27,False
2024-01-03,,Memphis Grizzlies,San Antonio Spurs,106,98,1.17,5.38,False,True,204,8,False
2024-01-03,,Philadelphia 76ers,Chicago Bulls,110,97,1.21,4.7,False,True,207,13,False
2024-01-04,,Indiana Pacers,Milwaukee Bucks,142,130,2.37,1.62,False,True,272,12,False
2024-01-04,,Cleveland Cavaliers,Washington Wizards,140,101,1.25,4.18,False,True,241,39,False
2024-01-04,,Atlanta Hawks,Oklahoma City Thunder,141,138,1.89,1.95,False,True,279,3,False
2024-01-04,,Minnesota Timberwolves,New Orleans Pelicans,106,117,1.43,2.91,False,False,223,-11,False
2024-01-04,,Memphis Grizzlies,Toronto Raptors,111,116,1.87,1.98,False,False,227,-5,False
2024-01-04,,Los Angeles Lakers,Miami Heat,96,110,1.48,2.73,False,False,206,-14,False
2024-01-04,,Dallas Mavericks,Portland Trail Blazers,126,97,1.18,5.29,False,True,223,29,False
2024-01-04,,New York Knicks,Chicago Bulls,116,100,1.29,3.78,False,True,216,16,False
2024-01-04,,Phoenix Suns,Los Angeles Clippers,122,131,2.46,1.58,False,False,253,-9,False
2024-01-04,,Sacramento Kings,Orlando Magic,138,135,1.47,2.77,True,True,273,3,False
2024-01-04,,Utah Jazz,Detroit Pistons,154,148,1.27,3.89,True,True,302,6,False
2024-01-04,,Houston Rockets,Brooklyn Nets,112,101,1.58,2.48,False,True,213,11,False
2024-01-05,,Golden State Warriors,Denver Nuggets,127,130,2.44,1.59,False,False,257,-3,False
2024-01-05,,San Antonio Spurs,Milwaukee Bucks,121,125,5.45,1.17,False,False,246,-4,False
2024-01-06,,Boston Celtics,Utah Jazz,126,97,1.09,8.04,False,True,223,29,False
2024-01-06,,New Orleans Pelicans,Los Angeles Clippers,95,111,1.94,1.91,False,False,206,-16,False
2024-01-06,,Cleveland Cavaliers,Washington Wizards,114,90,1.19,4.99,False,True,204,24,False
2024-01-06,,Brooklyn Nets,Oklahoma City Thunder,124,115,2.59,1.53,False,True,239,9,False
2024-01-06,,Philadelphia 76ers,New York Knicks,92,128,1.45,2.83,False,False,220,-36,False
2024-01-06,,Houston Rockets,Minnesota Timberwolves,95,122,2.46,1.58,False,False,217,-27,False
2024-01-06,,Chicago Bulls,Charlotte Hornets,104,91,1.26,4.09,False,True,195,13,False
2024-01-06,,Dallas Mavericks,Portland Trail Blazers,139,103,1.34,3.43,False,True,242,36,False
2024-01-06,,Denver Nuggets,Orlando Magic,120,122,1.21,4.62,False,False,242,-2,False
2024-01-06,,Sacramento Kings,Toronto Raptors,135,130,1.54,2.56,False,True,265,5,False
2024-01-06,,Los Angeles Lakers,Memphis Grizzlies,113,127,1.58,2.45,False,False,240,-14,False
2024-01-06,,Golden State Warriors,Detroit Pistons,113,109,1.2,4.86,False,True,222,4,False
2024-01-06,,Phoenix Suns,Miami Heat,113,97,1.71,2.21,False,True,210,16,False
2024-01-06,,Indiana Pacers,Atlanta Hawks,150,116,1.7,2.22,False,True,266,34,False
2024-01-07,,Houston Rockets,Milwaukee Bucks,112,108,3.24,1.36,False,True,220,4,False
2024-01-07,,Washington Wizards,New York Knicks,105,121,4.21,1.25,False,False,226,-16,False
2024-01-07,,Indiana Pacers,Boston Celtics,101,118,3.15,1.38,False,False,219,-17,False
2024-01-07,,Philadelphia 76ers,Utah Jazz,109,120,1.35,3.32,False,False,229,-11,False
2024-01-08,,Cleveland Cavaliers,San Antonio Spurs,117,115,1.19,5.01,False,True,232,2,False
2024-01-08,,Phoenix Suns,Memphis Grizzlies,115,121,1.32,3.5,False,False,236,-6,False
2024-01-08,,Brooklyn Nets,Portland Trail Blazers,127,134,1.27,3.91,True,False,261,-7,False
2024-01-08,,Dallas Mavericks,Minnesota Timberwolves,115,108,2.11,1.76,False,True,223,7,False
2024-01-08,,Sacramento Kings,New Orleans Pelicans,100,133,1.55,2.53,False,False,233,-33,False
2024-01-08,,Los Angeles Lakers,Los Angeles Clippers,106,103,2.69,1.51,False,True,209,3,False
2024-01-08,,Golden State Warriors,Toronto Raptors,118,133,1.77,2.12,False,False,251,-15,False
2024-01-08,,Denver Nuggets,Detroit Pistons,131,114,1.07,10.08,False,True,245,17,False
2024-01-08,,Orlando Magic,Atlanta Hawks,117,110,2.16,1.73,True,True,227,7,False
2024-01-09,,Milwaukee Bucks,Utah Jazz,116,132,1.28,3.82,False,False,248,-16,False
2024-01-09,,Miami Heat,Houston Rockets,120,113,1.57,2.48,False,True,233,7,False
2024-01-09,,Los Angeles Clippers,Phoenix Suns,138,111,1.49,2.74,False,True,249,27,False
2024-01-09,,Charlotte Hornets,Chicago Bulls,112,119,3.17,1.38,True,False,231,-7,False
2024-01-09,,Indiana Pacers,Boston Celtics,133,131,2.33,1.64,False,True,264,2,False
2024-01-09,,Washington Wizards,Oklahoma City Thunder,128,136,5.6,1.16,False,False,264,-8,False
2024-01-10,,Los Angeles Lakers,Toronto Raptors,132,131,1.52,2.61,False,True,263,1,False
2024-01-10,,Orlando Magic,Minnesota Timberwolves,92,113,2.77,1.48,False,False,205,-21,False
2024-01-10,,Detroit Pistons,Sacramento Kings,110,131,5.38,1.17,False,False,241,-21,False
2024-01-10,,New York Knicks,Portland Trail Blazers,112,84,1.13,6.72,False,True,196,28,False
2024-01-10,,Dallas Mavericks,Memphis Grizzlies,103,120,1.22,4.49,False,False,223,-17,False
2024-01-11,,Indiana Pacers,Washington Wizards,112,104,1.3,3.68,False,True,216,8,False
2024-01-11,,Atlanta Hawks,Philadelphia 76ers,139,132,1.86,2.0,True,True,271,7,False
2024-01-11,,Detroit Pistons,San Antonio Spurs,108,130,2.3,1.66,False,False,238,-22,False
2024-01-11,,Charlotte Hornets,Sacramento Kings,98,123,3.69,1.3,False,False,221,-25,False
2024-01-11,,Boston Celtics,Minnesota Timberwolves,127,120,1.18,5.05,True,True,247,7,False
2024-01-11,,Chicago Bulls,Houston Rockets,124,119,1.6,2.41,True,True,243,5,False
2024-01-11,,Golden State Warriors,New Orleans Pelicans,105,141,2.22,1.7,False,False,246,-36,False
2024-01-11,,Utah Jazz,Denver Nuggets,124,111,3.17,1.38,False,True,235,13,False
2024-01-11,,Los Angeles Clippers,Toronto Raptors,126,120,1.16,5.61,False,True,246,6,False
2024-01-11,,Miami Heat,Oklahoma City Thunder,120,128,2.54,1.54,False,False,248,-8,False
2024-01-12,,Cleveland Cavaliers,Brooklyn Nets,111,102,1.6,2.42,False,True,213,9,False
2024-01-12,,Milwaukee Bucks,Boston Celtics,135,102,1.76,2.13,False,True,237,33,False
2024-01-12,,Oklahoma City Thunder,Portland Trail Blazers,139,77,1.1,7.46,False,True,216,62,False
2024-01-12,,Dallas Mavericks,New York Knicks,128,124,2.65,1.51,False,True,252,4,False
2024-01-12,,Los Angeles Lakers,Phoenix Suns,109,127,2.0,1.85,False,False,236,-18,False
2024-01-13,,Philadelphia 76ers,Sacramento Kings,112,93,1.92,1.93,False,True,205,19,False
2024-01-13,,Detroit Pistons,Houston Rockets,110,112,3.99,1.27,False,False,222,-2,False
2024-01-13,,Atlanta Hawks,Indiana Pacers,108,126,1.46,2.78,False,False,234,-18,False
2024-01-13,,Minnesota Timberwolves,Portland Trail Blazers,116,93,1.07,9.98,False,True,209,23,False
2024-01-13,,Memphis Grizzlies,Los Angeles Clippers,119,128,3.82,1.28,False,False,247,-9,False
2024-01-13,,Chicago Bulls,Golden State Warriors,131,140,1.7,2.22,False,False,271,-9,False
2024-01-13,,San Antonio Spurs,Charlotte Hornets,135,99,1.75,2.15,False,True,234,36,False
2024-01-13,,Utah Jazz,Toronto Raptors,145,113,1.83,2.03,False,True,258,32,False
2024-01-13,,Denver Nuggets,New Orleans Pelicans,125,113,1.44,2.88,False,True,238,12,False
2024-01-13,,Miami Heat,Orlando Magic,99,96,1.82,2.03,False,True,195,3,False
2024-01-14,,Milwaukee Bucks,Golden State Warriors,129,118,1.11,7.34,False,True,247,11,False
2024-01-14,,Oklahoma City Thunder,Orlando Magic,112,100,1.16,5.62,False,True,212,12,False
2024-01-14,,Memphis Grizzlies,New York Knicks,94,106,5.11,1.18,False,False,200,-12,False
2024-01-14,,Boston Celtics,Houston Rockets,145,113,1.09,8.33,False,True,258,32,False
2024-01-14,,Dallas Mavericks,New Orleans Pelicans,108,118,1.47,2.78,False,False,226,-10,False
2024-01-14,,Utah Jazz,Los Angeles Lakers,132,125,1.71,2.2,False,True,257,7,False
2024-01-14,,San Antonio Spurs,Chicago Bulls,116,122,3.06,1.4,False,False,238,-6,False
2024-01-14,,Atlanta Hawks,Washington Wizards,99,127,1.31,3.57,False,False,226,-28,False
2024-01-15,,Denver Nuggets,Indiana Pacers,117,109,1.18,5.07,False,True,226,8,False
2024-01-15,,Miami Heat,Charlotte Hornets,104,87,1.26,4.04,False,True,191,17,False
2024-01-15,,Milwaukee Bucks,Sacramento Kings,143,142,1.57,2.48,True,True,285,1,False
2024-01-15,,Minnesota Timberwolves,Los Angeles Clippers,109,105,1.91,1.93,False,True,214,4,False
2024-01-15,,Portland Trail Blazers,Phoenix Suns,116,127,7.51,1.1,False,False,243,-11,False
2024-01-16,,New York Knicks,Orlando Magic,94,98,1.43,2.94,False,False,192,-4,False
2024-01-16,,Dallas Mavericks,New Orleans Pelicans,125,120,2.61,1.52,False,True,245,5,False
2024-01-16,,Toronto Raptors,Boston Celtics,96,105,3.15,1.38,False,False,201,-9,False
2024-01-16,,Philadelphia 76ers,Houston Rockets,124,115,1.3,3.66,False,True,239,9,False
2024-01-16,,Washington Wizards,Detroit Pistons,117,129,1.44,2.84,False,False,246,-12,False
2024-01-16,,Atlanta Hawks,San Antonio Spurs,109,99,1.29,3.72,False,True,208,10,False
2024-01-16,,Memphis Grizzlies,Golden State Warriors,116,107,3.46,1.32,False,True,223,9,False
2024-01-16,,Cleveland Cavaliers,Chicago Bulls,109,91,1.56,2.52,False,True,200,18,False
2024-01-16,,Los Angeles Lakers,Oklahoma City Thunder,112,105,2.19,1.71,False,True,217,7,False
2024-01-16,,Brooklyn Nets,Miami Heat,95,96,1.99,1.85,True,False,191,-1,False
2024-01-16,,Utah Jazz,Indiana Pacers,132,105,1.38,3.16,False,True,237,27,False
2024-01-17,,Philadelphia 76ers,Denver Nuggets,126,121,1.81,2.05,False,True,247,5,False
2024-01-17,,Phoenix Suns,Sacramento Kings,119,117,1.58,2.45,False,True,236,2,False
2024-01-17,,Los Angeles Clippers,Oklahoma City Thunder,128,117,1.42,2.94,False,True,245,11,False
2024-01-18,,New Orleans Pelicans,Charlotte Hornets,132,112,1.14,5.94,False,True,244,20,False
2024-01-18,,Toronto Raptors,Miami Heat,121,97,2.25,1.67,False,True,218,24,False
2024-01-18,,New York Knicks,Houston Rockets,109,94,1.36,3.24,False,True,203,15,False
2024-01-18,,Cleveland Cavaliers,Milwaukee Bucks,135,95,1.81,2.04,False,True,230,40,False
2024-01-18,,Boston Celtics,San Antonio Spurs,117,98,1.07,8.52,False,True,215,19,False
2024-01-18,,Atlanta Hawks,Orlando Magic,106,104,1.56,2.47,False,True,210,2,False
2024-01-18,,Los Angeles Lakers,Dallas Mavericks,127,110,1.66,2.28,False,True,237,17,False
2024-01-18,,Portland Trail Blazers,Brooklyn Nets,105,103,2.74,1.47,False,True,208,2,False
2024-01-18,,Detroit Pistons,Minnesota Timberwolves,117,124,6.27,1.13,False,False,241,-7,False
2024-01-19,,Utah Jazz,Oklahoma City Thunder,129,134,2.28,1.66,False,False,263,-5,False
2024-01-19,,New York Knicks,Washington Wizards,113,109,1.14,5.87,False,True,222,4,False
2024-01-19,,Toronto Raptors,Chicago Bulls,110,116,2.08,1.78,False,False,226,-6,False
2024-01-19,,Minnesota Timberwolves,Memphis Grizzlies,118,103,1.13,6.2,False,True,221,15,False
2024-01-19,,Sacramento Kings,Indiana Pacers,121,126,1.29,3.69,False,False,247,-5,False
2024-01-20,,Los Angeles Lakers,Brooklyn Nets,112,130,1.35,3.31,False,False,242,-18,False
2024-01-20,,Portland Trail Blazers,Indiana Pacers,118,115,3.63,1.3,False,True,233,3,False
2024-01-20,,Miami Heat,Atlanta Hawks,108,109,1.35,3.28,False,False,217,-1,False
2024-01-20,,Charlotte Hornets,San Antonio Spurs,124,120,1.53,2.56,False,True,244,4,False
2024-01-20,,Boston Celtics,Denver Nuggets,100,102,1.35,3.25,False,False,202,-2,False
2024-01-20,,Orlando Magic,Philadelphia 76ers,109,124,2.71,1.48,False,False,233,-15,False
2024-01-20,,New Orleans Pelicans,Phoenix Suns,109,123,1.74,2.14,False,False,232,-14,False
2024-01-21,,New York Knicks,Toronto Raptors,126,100,1.33,3.37,False,True,226,26,False
2024-01-21,,Detroit Pistons,Milwaukee Bucks,135,141,7.41,1.1,False,False,276,-6,False
2024-01-21,,Washington Wizards,San Antonio Spurs,127,131,1.76,2.11,False,False,258,-4,False
2024-01-21,,Charlotte Hornets,Philadelphia 76ers,89,97,5.39,1.16,False,False,186,-8,False
2024-01-21,,Chicago Bulls,Memphis Grizzlies,125,96,1.32,3.46,False,True,221,29,False
2024-01-21,,Atlanta Hawks,Cleveland Cavaliers,95,116,2.11,1.76,False,False,211,-21,False
2024-01-21,,Minnesota Timberwolves,Oklahoma City Thunder,97,102,1.67,2.25,False,False,199,-5,False
2024-01-21,,Houston Rockets,Utah Jazz,127,126,1.78,2.07,True,True,253,1,False
2024-01-22,,Phoenix Suns,Indiana Pacers,117,110,1.39,3.1,False,True,227,7,False
2024-01-22,,Los Angeles Lakers,Portland Trail Blazers,134,110,1.17,5.16,False,True,244,24,False
2024-01-22,,Houston Rockets,Boston Celtics,107,116,5.98,1.14,False,False,223,-9,False
2024-01-22,,Washington Wizards,Denver Nuggets,104,113,6.25,1.13,False,False,217,-9,False
2024-01-22,,Orlando Magic,Miami Heat,105,87,1.89,1.93,False,True,192,18,False
2024-01-22,,Los Angeles Clippers,Brooklyn Nets,125,114,1.2,4.69,False,True,239,11,False
2024-01-23,,Dallas Mavericks,Boston Celtics,110,119,2.18,1.72,False,False,229,-9,False
2024-01-23,,Minnesota Timberwolves,Charlotte Hornets,125,128,1.1,7.59,False,False,253,-3,False
2024-01-23,,Detroit Pistons,Milwaukee Bucks,113,122,6.37,1.13,False,False,235,-9,False
2024-01-23,,Toronto Raptors,Memphis Grizzlies,100,108,1.37,3.22,False,False,208,-8,False
2024-01-23,,Sacramento Kings,Atlanta Hawks,122,107,1.29,3.75,False,True,229,15,False
2024-01-23,,Orlando Magic,Cleveland Cavaliers,99,126,2.15,1.73,False,False,225,-27,False
2024-01-23,,Philadelphia 76ers,San Antonio Spurs,133,123,1.11,7.25,False,True,256,10,False
2024-01-23,,Phoenix Suns,Chicago Bulls,115,113,1.49,2.72,False,True,228,2,False
2024-01-24,,Indiana Pacers,Denver Nuggets,109,114,2.64,1.51,False,False,223,-5,False
2024-01-24,,Brooklyn Nets,New York Knicks,103,108,2.38,1.61,False,False,211,-5,False
2024-01-24,,Oklahoma City Thunder,Portland Trail Blazers,111,109,1.11,7.11,False,True,220,2,False
2024-01-24,,New Orleans Pelicans,Utah Jazz,153,124,1.39,3.11,False,True,277,29,False
2024-01-24,,Los Angeles Clippers,Los Angeles Lakers,127,116,1.25,4.13,False,True,243,11,False
2024-01-25,,Washington Wizards,Minnesota Timberwolves,107,118,4.96,1.19,False,False,225,-11,False
2024-01-25,,Milwaukee Bucks,Cleveland Cavaliers,126,116,1.38,3.17,False,True,242,10,False
2024-01-25,,Houston Rockets,Portland Trail Blazers,131,137,1.21,4.57,True,False,268,-6,False
2024-01-25,,Miami Heat,Memphis Grizzlies,96,105,1.16,5.51,False,False,201,-9,False
2024-01-25,,Dallas Mavericks,Phoenix Suns,109,132,2.13,1.75,False,False,241,-23,False
2024-01-25,,San Antonio Spurs,Oklahoma City Thunder,114,140,3.97,1.27,False,False,254,-26,False
2024-01-25,,Golden State Warriors,Atlanta Hawks,134,112,1.42,2.98,False,True,246,22,False
2024-01-25,,Detroit Pistons,Charlotte Hornets,113,106,1.72,2.18,False,True,219,7,False
2024-01-26,,Golden State Warriors,Sacramento Kings,133,134,2.05,1.8,False,False,267,-1,False
2024-01-26,,Miami Heat,Boston Celtics,110,143,3.64,1.3,False,False,253,-33,False
2024-01-26,,Los Angeles Lakers,Chicago Bulls,141,132,1.44,2.89,False,True,273,9,False
2024-01-26,,New York Knicks,Denver Nuggets,122,84,2.18,1.72,False,True,206,38,False
2024-01-26,,Indiana Pacers,Philadelphia 76ers,134,122,2.44,1.58,False,True,256,12,False
2024-01-26,,Washington Wizards,Utah Jazz,108,123,3.26,1.35,False,False,231,-15,False
2024-01-26,,Brooklyn Nets,Minnesota Timberwolves,94,96,2.43,1.59,False,False,190,-2,False
2024-01-27,,San Antonio Spurs,Portland Trail Blazers,116,100,1.51,2.61,False,True,216,16,False
2024-01-27,,Milwaukee Bucks,Cleveland Cavaliers,100,112,1.46,2.78,False,False,212,-12,False
2024-01-27,,Memphis Grizzlies,Orlando Magic,107,106,3.0,1.4,False,True,213,1,False
2024-01-27,,New Orleans Pelicans,Oklahoma City Thunder,83,107,2.03,1.81,False,False,190,-24,False
2024-01-27,,Indiana Pacers,Phoenix Suns,133,131,2.59,1.51,False,True,264,2,False
2024-01-27,,Atlanta Hawks,Dallas Mavericks,143,148,1.76,2.1,False,False,291,-5,False
2024-01-27,,Charlotte Hornets,Houston Rockets,104,138,2.63,1.5,False,False,242,-34,False
2024-01-27,,Toronto Raptors,Los Angeles Clippers,107,127,3.63,1.3,False,False,234,-20,False
2024-01-28,,Denver Nuggets,Philadelphia 76ers,111,105,1.29,3.52,False,True,216,6,False
2024-01-28,,Boston Celtics,Los Angeles Clippers,96,115,1.36,3.17,False,False,211,-19,False
2024-01-28,,New York Knicks,Miami Heat,125,109,1.53,2.54,False,True,234,16,False
2024-01-28,,Brooklyn Nets,Houston Rockets,106,104,1.57,2.45,False,True,210,2,False
2024-01-28,,Charlotte Hornets,Utah Jazz,122,134,4.69,1.2,False,False,256,-12,False
2024-01-28,,Milwaukee Bucks,New Orleans Pelicans,141,117,1.62,2.34,False,True,258,24,False
2024-01-28,,San Antonio Spurs,Minnesota Timberwolves,113,112,4.96,1.18,False,True,225,1,False
2024-01-28,,Golden State Warriors,Los Angeles Lakers,144,145,1.81,2.04,True,False,289,-1,False
2024-01-28,,Dallas Mavericks,Sacramento Kings,115,120,2.47,1.57,False,False,235,-5,False
2024-01-28,,Detroit Pistons,Washington Wizards,104,118,1.64,2.31,False,False,222,-14,False
2024-01-29,,Portland Trail Blazers,Chicago Bulls,96,104,2.86,1.43,False,False,200,-8,False
2024-01-29,,Atlanta Hawks,Toronto Raptors,126,125,1.42,2.92,False,True,251,1,False
2024-01-29,,Detroit Pistons,Oklahoma City Thunder,120,104,6.86,1.12,False,True,224,16,False
2024-01-29,,Indiana Pacers,Memphis Grizzlies,116,110,1.33,3.38,False,True,226,6,False
2024-01-29,,Orlando Magic,Phoenix Suns,113,98,2.03,1.81,False,True,211,15,False
2024-01-30,,Cleveland Cavaliers,Los Angeles Clippers,118,108,2.05,1.8,False,True,226,10,False
2024-01-30,,San Antonio Spurs,Washington Wizards,113,118,1.61,2.38,False,False,231,-5,False
2024-01-30,,Charlotte Hornets,New York Knicks,92,113,4.35,1.22,False,False,205,-21,False
2024-01-30,,Miami Heat,Phoenix Suns,105,118,1.73,2.14,False,False,223,-13,False
2024-01-30,,Brooklyn Nets,Utah Jazz,147,114,1.92,1.91,False,True,261,33,False
2024-01-30,,Boston Celtics,New Orleans Pelicans,118,112,1.3,3.57,False,True,230,6,False
2024-01-30,,Dallas Mavericks,Orlando Magic,131,129,1.57,2.45,False,True,260,2,False
2024-01-30,,Oklahoma City Thunder,Minnesota Timberwolves,101,107,1.69,2.21,False,False,208,-6,False
2024-01-30,,Memphis Grizzlies,Sacramento Kings,94,103,4.8,1.19,False,False,197,-9,False
2024-01-30,,Houston Rockets,Los Angeles Lakers,135,119,1.98,1.85,False,True,254,16,False
2024-01-30,,Portland Trail Blazers,Philadelphia 76ers,130,104,2.84,1.44,False,True,234,26,False
2024-01-30,,Denver Nuggets,Milwaukee Bucks,113,107,1.56,2.47,False,True,220,6,False
2024-01-31,,Golden State Warriors,Philadelphia 76ers,119,107,1.78,2.07,False,True,226,12,False
2024-01-31,,Chicago Bulls,Toronto Raptors,107,118,1.35,3.27,False,False,225,-11,False
2024-01-31,,New York Knicks,Utah Jazz,118,103,1.67,2.25,False,True,221,15,False
2024-01-31,,Boston Celtics,Indiana Pacers,129,124,1.3,3.61,False,True,253,5,False
2024-01-31,,Atlanta Hawks,Los Angeles Lakers,138,122,1.46,2.78,False,True,260,16,False
2024-02-01,,Houston Rockets,New Orleans Pelicans,99,110,1.84,1.99,False,False,209,-11,False
2024-02-01,,Cleveland Cavaliers,Detroit Pistons,128,121,1.11,6.77,False,True,249,7,False
2024-02-01,,Charlotte Hornets,Chicago Bulls,110,117,2.85,1.44,False,False,227,-7,False
2024-02-01,,San Antonio Spurs,Orlando Magic,98,108,3.01,1.4,False,False,206,-10,False
2024-02-01,,Miami Heat,Sacramento Kings,115,106,1.75,2.13,False,True,221,9,False
2024-02-01,,Oklahoma City Thunder,Denver Nuggets,105,100,1.44,2.83,False,True,205,5,False
2024-02-01,,Brooklyn Nets,Phoenix Suns,120,136,2.38,1.61,False,False,256,-16,False
2024-02-01,,Portland Trail Blazers,Milwaukee Bucks,119,116,4.95,1.18,False,True,235,3,False
2024-02-01,,Minnesota Timberwolves,Dallas Mavericks,121,87,1.11,6.97,False,True,208,34,False
2024-02-01,,Washington Wizards,Los Angeles Clippers,109,125,4.4,1.22,False,False,234,-16,False
2024-02-02,,Utah Jazz,Philadelphia 76ers,124,127,1.51,2.62,False,False,251,-3,False
2024-02-02,,New York Knicks,Indiana Pacers,109,105,1.79,2.07,False,True,214,4,False
2024-02-02,,Boston Celtics,Los Angeles Lakers,105,114,1.06,9.56,False,False,219,-9,False
2024-02-02,,Memphis Grizzlies,Cleveland Cavaliers,101,108,3.86,1.27,False,False,209,-7,False
2024-02-03,,Indiana Pacers,Sacramento Kings,122,133,2.43,1.58,False,False,255,-11,False
2024-02-03,,San Antonio Spurs,New Orleans Pelicans,113,114,3.73,1.28,False,False,227,-1,False
2024-02-03,,Detroit Pistons,Los Angeles Clippers,125,136,5.75,1.14,False,False,261,-11,False
2024-02-03,,Washington Wizards,Miami Heat,102,110,3.6,1.3,False,False,212,-8,False
2024-02-03,,Atlanta Hawks,Phoenix Suns,129,120,2.27,1.67,False,True,249,9,False
2024-02-03,,Denver Nuggets,Portland Trail Blazers,120,108,1.1,7.09,False,True,228,12,False
2024-02-03,,Minnesota Timberwolves,Orlando Magic,106,108,1.37,3.15,False,False,214,-2,False
2024-02-03,,Memphis Grizzlies,Golden State Warriors,101,121,3.42,1.32,False,False,222,-20,False
2024-02-03,,Oklahoma City Thunder,Charlotte Hornets,126,106,1.07,8.85,False,True,232,20,False
2024-02-03,,Houston Rockets,Toronto Raptors,135,106,1.55,2.51,False,True,241,29,False
2024-02-04,,Atlanta Hawks,Golden State Warriors,141,134,1.77,2.1,True,True,275,7,False
2024-02-04,,Chicago Bulls,Sacramento Kings,115,123,1.86,1.97,False,False,238,-8,False
2024-02-04,,New York Knicks,Los Angeles Lakers,105,113,1.74,2.14,False,False,218,-8,False
2024-02-04,,Dallas Mavericks,Milwaukee Bucks,117,129,2.41,1.59,False,False,246,-12,False
2024-02-04,,San Antonio Spurs,Cleveland Cavaliers,101,117,4.75,1.19,False,False,218,-16,False
2024-02-04,,Philadelphia 76ers,Brooklyn Nets,121,136,1.82,2.03,False,False,257,-15,False
2024-02-05,,Miami Heat,Los Angeles Clippers,95,103,2.58,1.52,False,False,198,-8,False
2024-02-05,,Boston Celtics,Memphis Grizzlies,131,91,1.03,13.01,False,True,222,40,False
2024-02-05,,Detroit Pistons,Orlando Magic,99,111,3.06,1.39,False,False,210,-12,False
2024-02-05,,Washington Wizards,Phoenix Suns,112,140,5.18,1.17,False,False,252,-28,False
2024-02-05,,Denver Nuggets,Portland Trail Blazers,112,103,1.06,9.17,False,True,215,9,False
2024-02-05,,Oklahoma City Thunder,Toronto Raptors,135,127,1.27,3.88,True,True,262,8,False
2024-02-05,,Minnesota Timberwolves,Houston Rockets,111,90,1.3,3.57,False,True,201,21,False
2024-02-05,,Utah Jazz,Milwaukee Bucks,123,108,1.69,2.2,False,True,231,15,False
2024-02-05,,Charlotte Hornets,Indiana Pacers,99,115,5.48,1.15,False,False,214,-16,False
2024-02-06,,Charlotte Hornets,Los Angeles Lakers,118,124,6.68,1.11,False,False,242,-6,False
2024-02-06,,Philadelphia 76ers,Dallas Mavericks,102,118,2.23,1.69,False,False,220,-16,False
2024-02-06,,Cleveland Cavaliers,Sacramento Kings,136,110,1.5,2.63,False,True,246,26,False
2024-02-06,,Brooklyn Nets,Golden State Warriors,98,109,1.93,1.9,False,False,207,-11,False
2024-02-06,,New Orleans Pelicans,Toronto Raptors,138,100,1.19,4.88,False,True,238,38,False
2024-02-06,,Atlanta Hawks,Los Angeles Clippers,144,149,2.45,1.57,False,False,293,-5,False
2024-02-07,,Indiana Pacers,Houston Rockets,132,129,1.3,3.61,False,True,261,3,False
2024-02-07,,Miami Heat,Orlando Magic,121,95,1.63,2.33,False,True,216,26,False
2024-02-07,,New York Knicks,Memphis Grizzlies,123,113,1.1,7.43,False,True,236,10,False
2024-02-07,,Brooklyn Nets,Dallas Mavericks,107,119,2.26,1.66,False,False,226,-12,False
2024-02-07,,Chicago Bulls,Minnesota Timberwolves,129,123,2.7,1.48,True,True,252,6,False
2024-02-07,,Utah Jazz,Oklahoma City Thunder,124,117,2.3,1.64,False,True,241,7,False
2024-02-07,,Phoenix Suns,Milwaukee Bucks,114,106,1.43,2.84,False,True,220,8,False
2024-02-08,,Washington Wizards,Cleveland Cavaliers,106,114,5.8,1.14,False,False,220,-8,False
2024-02-08,,Philadelphia 76ers,Golden State Warriors,104,127,2.28,1.65,False,False,231,-23,False
2024-02-08,,Miami Heat,San Antonio Spurs,116,104,1.3,3.66,False,True,220,12,False
2024-02-08,,Los Angeles Clippers,New Orleans Pelicans,106,117,1.47,2.76,False,False,223,-11,False
2024-02-08,,Boston Celtics,Atlanta Hawks,125,117,1.13,5.99,False,True,242,8,False
2024-02-08,,Sacramento Kings,Detroit Pistons,120,133,1.11,6.95,False,False,253,-13,False
2024-02-08,,Charlotte Hornets,Toronto Raptors,117,123,3.22,1.36,False,False,240,-6,False
2024-02-09,,Orlando Magic,San Antonio Spurs,127,111,1.19,4.79,False,True,238,16,False
2024-02-09,,Indiana Pacers,Golden State Warriors,109,131,1.44,2.84,False,False,240,-22,False
2024-02-09,,New York Knicks,Dallas Mavericks,108,122,2.9,1.42,False,False,230,-14,False
2024-02-09,,Milwaukee Bucks,Minnesota Timberwolves,105,129,2.09,1.77,False,False,234,-24,False
2024-02-09,,Brooklyn Nets,Cleveland Cavaliers,95,118,3.37,1.33,False,False,213,-23,False
2024-02-09,,Portland Trail Blazers,Detroit Pistons,122,128,1.53,2.55,True,False,250,-6,False
2024-02-09,,Los Angeles Lakers,Denver Nuggets,106,114,2.28,1.66,False,False,220,-8,False
2024-02-09,,Phoenix Suns,Utah Jazz,129,115,1.47,2.73,False,True,244,14,False
2024-02-09,,Memphis Grizzlies,Chicago Bulls,110,118,2.79,1.46,False,False,228,-8,False
2024-02-10,,Philadelphia 76ers,Atlanta Hawks,121,127,2.39,1.6,False,False,248,-6,False
2024-02-10,,Toronto Raptors,Houston Rockets,107,104,1.7,2.2,False,True,211,3,False
2024-02-10,,Boston Celtics,Washington Wizards,133,129,1.03,13.18,False,True,262,4,False
2024-02-10,,Milwaukee Bucks,Charlotte Hornets,120,84,1.06,9.67,False,True,204,36,False
2024-02-10,,Sacramento Kings,Denver Nuggets,135,106,1.68,2.23,False,True,241,29,False
2024-02-10,,Los Angeles Lakers,New Orleans Pelicans,139,122,2.18,1.71,False,True,261,17,False
2024-02-11,,Dallas Mavericks,Oklahoma City Thunder,146,111,1.99,1.84,False,True,257,35,False
2024-02-11,,Portland Trail Blazers,New Orleans Pelicans,84,93,3.7,1.29,False,False,177,-9,False
2024-02-11,,Los Angeles Clippers,Detroit Pistons,112,106,1.06,9.7,False,True,218,6,False
2024-02-11,,Washington Wizards,Philadelphia 76ers,113,119,2.77,1.46,False,False,232,-6,False
2024-02-11,,Orlando Magic,Chicago Bulls,114,108,1.49,2.67,True,True,222,6,False
2024-02-11,,Charlotte Hornets,Memphis Grizzlies,115,106,2.68,1.49,False,True,221,9,False
2024-02-11,,New York Knicks,Indiana Pacers,111,125,2.4,1.6,False,False,236,-14,False
2024-02-11,,Toronto Raptors,Cleveland Cavaliers,95,119,3.84,1.27,False,False,214,-24,False
2024-02-11,,Atlanta Hawks,Houston Rockets,122,113,1.36,3.19,False,True,235,9,False
2024-02-11,,Golden State Warriors,Phoenix Suns,113,112,2.01,1.82,False,True,225,1,False
2024-02-11,,Brooklyn Nets,San Antonio Spurs,123,103,1.44,2.85,False,True,226,20,False
2024-02-12,,Oklahoma City Thunder,Sacramento Kings,127,113,1.63,2.32,False,True,240,14,False
2024-02-12,,Miami Heat,Boston Celtics,106,110,3.42,1.32,False,False,216,-4,False
2024-02-13,,Los Angeles Clippers,Minnesota Timberwolves,100,121,1.5,2.62,False,False,221,-21,False
2024-02-13,,Utah Jazz,Golden State Warriors,107,129,1.94,1.89,False,False,236,-22,False
2024-02-13,,Dallas Mavericks,Washington Wizards,112,104,1.13,5.98,False,True,216,8,False
2024-02-13,,Milwaukee Bucks,Denver Nuggets,112,95,1.87,1.97,False,True,207,17,False
2024-02-13,,Houston Rockets,New York Knicks,105,103,1.91,1.92,False,True,208,2,False
2024-02-13,,Memphis Grizzlies,New Orleans Pelicans,87,96,4.27,1.23,False,False,183,-9,False
2024-02-13,,Toronto Raptors,San Antonio Spurs,99,122,1.42,2.91,False,False,221,-23,False
2024-02-13,,Charlotte Hornets,Indiana Pacers,111,102,4.67,1.2,False,True,213,9,False
2024-02-13,,Cleveland Cavaliers,Philadelphia 76ers,121,123,1.15,5.53,False,False,244,-2,False
2024-02-13,,Atlanta Hawks,Chicago Bulls,126,136,1.52,2.56,False,False,262,-10,False
2024-02-14,,Orlando Magic,Oklahoma City Thunder,113,127,2.2,1.7,False,False,240,-14,False
2024-02-14,,Los Angeles Lakers,Detroit Pistons,125,111,1.17,5.28,False,True,236,14,False
2024-02-14,,Portland Trail Blazers,Minnesota Timberwolves,109,121,3.97,1.25,False,False,230,-12,False
2024-02-14,,Brooklyn Nets,Boston Celtics,110,118,3.62,1.3,False,False,228,-8,False
2024-02-14,,Milwaukee Bucks,Miami Heat,97,123,1.33,3.37,False,False,220,-26,False
2024-02-14,,Phoenix Suns,Sacramento Kings,130,125,1.54,2.52,False,True,255,5,False
2024-02-15,,Orlando Magic,New York Knicks,118,100,1.62,2.35,False,True,218,18,False
2024-02-15,,Charlotte Hornets,Atlanta Hawks,122,99,3.15,1.37,False,True,221,23,False
2024-02-15,,New Orleans Pelicans,Washington Wizards,133,126,1.09,7.62,False,True,259,7,False
2024-02-15,,Toronto Raptors,Indiana Pacers,125,127,2.22,1.68,False,False,252,-2,False
2024-02-15,,Philadelphia 76ers,Miami Heat,104,109,1.7,2.19,False,False,213,-5,False
2024-02-15,,Boston Celtics,Brooklyn Nets,136,86,1.13,5.98,False,True,222,50,False
2024-02-15,,Golden State Warriors,Los Angeles Clippers,125,130,1.62,2.36,False,False,255,-5,False
2024-02-15,,Memphis Grizzlies,Houston Rockets,121,113,2.16,1.73,False,True,234,8,False
2024-02-15,,Dallas Mavericks,San Antonio Spurs,116,93,1.15,5.42,False,True,209,23,False
2024-02-15,,Utah Jazz,Los Angeles Lakers,122,138,1.52,2.58,False,False,260,-16,False
2024-02-15,,Phoenix Suns,Detroit Pistons,116,100,1.1,7.13,False,True,216,16,False
2024-02-15,,Denver Nuggets,Sacramento Kings,98,102,1.49,2.69,False,False,200,-4,False
2024-02-15,,Cleveland Cavaliers,Chicago Bulls,108,105,1.23,4.29,False,True,213,3,False
2024-02-16,,Memphis Grizzlies,Milwaukee Bucks,113,110,7.53,1.1,False,True,223,3,False
2024-02-16,,Utah Jazz,Golden State Warriors,137,140,2.15,1.74,False,False,277,-3,False
2024-02-16,,Portland Trail Blazers,Minnesota Timberwolves,91,128,4.5,1.21,False,False,219,-37,False
2024-02-23,,New Orleans Pelicans,Houston Rockets,127,105,1.37,3.13,False,True,232,22,False
2024-02-23,,Indiana Pacers,Detroit Pistons,129,115,1.13,6.06,False,True,244,14,False
2024-02-23,,Cleveland Cavaliers,Orlando Magic,109,116,1.44,2.85,False,False,225,-7,False
2024-02-23,,Toronto Raptors,Brooklyn Nets,121,93,1.85,1.97,False,True,214,28,False
2024-02-23,,Dallas Mavericks,Phoenix Suns,123,113,1.73,2.13,False,True,236,10,False
2024-02-23,,Philadelphia 76ers,New York Knicks,96,110,1.81,2.01,False,False,206,-14,False
2024-02-23,,Chicago Bulls,Boston Celtics,112,129,3.8,1.27,False,False,241,-17,False
2024-02-23,,Denver Nuggets,Washington Wizards,130,110,1.06,8.96,False,True,240,20,False
2024-02-23,,Utah Jazz,Charlotte Hornets,107,115,1.21,4.45,False,False,222,-8,False
2024-02-23,,Sacramento Kings,San Antonio Spurs,127,122,1.17,5.01,False,True,249,5,False
2024-02-23,,Golden State Warriors,Los Angeles Lakers,128,110,1.43,2.82,False,True,238,18,False
2024-02-23,,Oklahoma City Thunder,Los Angeles Clippers,129,107,1.81,2.01,False,True,236,22,False
2024-02-24,,Houston Rockets,Phoenix Suns,114,110,2.19,1.7,False,True,224,4,False
2024-02-24,,Atlanta Hawks,Toronto Raptors,121,123,1.31,3.49,False,False,244,-2,False
2024-02-24,,Oklahoma City Thunder,Washington Wizards,147,106,1.06,10.02,False,True,253,41,False
2024-02-24,,New Orleans Pelicans,Miami Heat,95,106,1.76,2.11,False,False,201,-11,False
2024-02-24,,Memphis Grizzlies,Los Angeles Clippers,95,101,4.22,1.23,False,False,196,-6,False
2024-02-24,,Minnesota Timberwolves,Milwaukee Bucks,107,112,1.53,2.54,False,False,219,-5,False
2024-02-24,,Golden State Warriors,Charlotte Hornets,97,84,1.13,6.08,False,True,181,13,False
2024-02-24,,Los Angeles Lakers,San Antonio Spurs,123,118,1.18,4.93,False,True,241,5,False
2024-02-24,,Portland Trail Blazers,Denver Nuggets,112,127,3.88,1.26,False,False,239,-15,False
2024-02-24,,Philadelphia 76ers,Cleveland Cavaliers,104,97,2.11,1.75,False,True,201,7,False
2024-02-25,,Detroit Pistons,Orlando Magic,109,112,3.76,1.28,False,False,221,-3,False
2024-02-25,,New York Knicks,Boston Celtics,102,116,2.95,1.41,False,False,218,-14,False
2024-02-25,,Minnesota Timberwolves,Brooklyn Nets,101,86,1.3,3.59,False,True,187,15,False
2024-02-26,,Philadelphia 76ers,Milwaukee Bucks,98,119,2.65,1.49,False,False,217,-21,False
2024-02-26,,Washington Wizards,Cleveland Cavaliers,105,114,7.29,1.1,False,False,219,-9,False
2024-02-26,,Indiana Pacers,Dallas Mavericks,133,111,2.12,1.75,False,True,244,22,False
2024-02-26,,Phoenix Suns,Los Angeles Lakers,123,113,1.62,2.35,False,True,236,10,False
2024-02-26,,Houston Rockets,Oklahoma City Thunder,110,123,3.04,1.39,False,False,233,-13,False
2024-02-26,,Golden State Warriors,Denver Nuggets,103,119,1.75,2.13,False,False,222,-16,False
2024-02-26,,New Orleans Pelicans,Chicago Bulls,106,114,1.5,2.64,False,False,220,-8,False
2024-02-26,,Atlanta Hawks,Orlando Magic,109,92,1.78,2.06,False,True,201,17,False
2024-02-26,,Los Angeles Clippers,Sacramento Kings,107,123,1.55,2.49,False,False,230,-16,False
2024-02-26,,Utah Jazz,San Antonio Spurs,128,109,1.35,3.23,False,True,237,19,False
2024-02-26,,Portland Trail Blazers,Charlotte Hornets,80,93,1.6,2.38,False,False,173,-13,False
2024-02-27,,Indiana Pacers,Toronto Raptors,122,130,1.43,2.83,False,False,252,-8,False
2024-02-27,,New York Knicks,Detroit Pistons,113,111,1.15,5.52,False,True,224,2,False
2024-02-27,,Memphis Grizzlies,Brooklyn Nets,86,111,2.19,1.7,False,False,197,-25,False
2024-02-27,,Sacramento Kings,Miami Heat,110,121,1.33,3.33,False,False,231,-11,False
2024-02-28,,Orlando Magic,Brooklyn Nets,108,81,1.38,3.05,False,True,189,27,False
2024-02-28,,Atlanta Hawks,Utah Jazz,124,97,1.77,2.08,False,True,221,27,False
2024-02-28,,Washington Wizards,Golden State Warriors,112,123,5.08,1.17,False,False,235,-11,False
2024-02-28,,Cleveland Cavaliers,Dallas Mavericks,121,119,1.58,2.42,False,True,240,2,False
2024-02-28,,New York Knicks,New Orleans Pelicans,92,115,3.01,1.4,False,False,207,-23,False
2024-02-28,,Milwaukee Bucks,Charlotte Hornets,123,85,1.09,7.58,False,True,208,38,False
2024-02-28,,Chicago Bulls,Detroit Pistons,95,105,1.18,4.83,False,False,200,-10,False
2024-02-28,,Portland Trail Blazers,Miami Heat,96,106,3.28,1.34,False,False,202,-10,False
2024-02-28,,Oklahoma City Thunder,Houston Rockets,112,95,1.2,4.67,False,True,207,17,False
2024-02-28,,Boston Celtics,Philadelphia 76ers,117,99,1.15,5.44,False,True,216,18,False
2024-02-28,,Minnesota Timberwolves,San Antonio Spurs,114,105,1.11,6.67,False,True,219,9,False
2024-02-29,,Toronto Raptors,Dallas Mavericks,125,136,2.37,1.6,False,False,261,-11,False
2024-02-29,,Chicago Bulls,Cleveland Cavaliers,132,123,2.77,1.45,True,True,255,9,False
2024-02-29,,Indiana Pacers,New Orleans Pelicans,123,114,1.58,2.42,False,True,237,9,False
2024-02-29,,Minnesota Timberwolves,Memphis Grizzlies,110,101,1.1,6.96,False,True,211,9,False
2024-02-29,,Denver Nuggets,Sacramento Kings,117,96,1.23,4.13,False,True,213,21,False
2024-02-29,,Los Angeles Clippers,Los Angeles Lakers,112,116,1.81,2.03,False,False,228,-4,False
2024-03-01,,Orlando Magic,Utah Jazz,115,107,1.37,3.14,False,True,222,8,False
2024-03-01,,Charlotte Hornets,Milwaukee Bucks,99,111,5.58,1.14,False,False,210,-12,False
2024-03-01,,New York Knicks,Golden State Warriors,99,110,2.34,1.62,False,False,209,-11,False
2024-03-01,,Brooklyn Nets,Atlanta Hawks,124,97,1.86,1.97,False,True,221,27,False
2024-03-01,,San Antonio Spurs,Oklahoma City Thunder,132,118,5.14,1.17,False,True,250,14,False
2024-03-01,,Phoenix Suns,Houston Rockets,110,105,1.25,3.94,False,True,215,5,False
2024-03-01,,Denver Nuggets,Miami Heat,103,97,1.37,3.12,False,True,200,6,False
2024-03-01,,Los Angeles Lakers,Washington Wizards,134,131,1.18,4.94,True,True,265,3,False
2024-03-02,,Minnesota Timberwolves,Sacramento Kings,120,124,1.29,3.61,True,False,244,-4,False
2024-03-02,,Philadelphia 76ers,Charlotte Hornets,121,114,1.13,5.87,False,True,235,7,False
2024-03-02,,Toronto Raptors,Golden State Warriors,105,120,2.21,1.69,False,False,225,-15,False
2024-03-02,,Boston Celtics,Dallas Mavericks,138,110,1.25,3.99,False,True,248,28,False
2024-03-02,,Los Angeles Clippers,Washington Wizards,140,115,1.07,8.93,False,True,255,25,False
2024-03-02,,Memphis Grizzlies,Portland Trail Blazers,92,122,1.88,1.94,False,False,214,-30,False
2024-03-02,,New Orleans Pelicans,Indiana Pacers,129,102,1.48,2.69,False,True,231,27,False
2024-03-02,,Chicago Bulls,Milwaukee Bucks,97,113,2.38,1.6,False,False,210,-16,False
2024-03-02,,Detroit Pistons,Cleveland Cavaliers,100,110,3.19,1.35,False,False,210,-10,False
2024-03-03,,Los Angeles Lakers,Denver Nuggets,114,124,1.96,1.87,False,False,238,-10,False
2024-03-03,,Miami Heat,Utah Jazz,126,120,1.24,4.06,False,True,246,6,False
2024-03-03,,Phoenix Suns,Houston Rockets,109,118,1.23,4.19,False,False,227,-9,False
2024-03-03,,Memphis Grizzlies,Portland Trail Blazers,100,107,1.73,2.14,True,False,207,-7,False
2024-03-03,,Brooklyn Nets,Atlanta Hawks,114,102,1.94,1.89,False,True,216,12,False
2024-03-04,,Cleveland Cavaliers,New York Knicks,98,107,1.54,2.51,False,False,205,-9,False
2024-03-04,,San Antonio Spurs,Indiana Pacers,117,105,3.12,1.37,False,True,222,12,False
2024-03-04,,Toronto Raptors,Charlotte Hornets,111,106,1.33,3.32,False,True,217,5,False
2024-03-04,,Phoenix Suns,Oklahoma City Thunder,110,118,2.54,1.53,False,False,228,-8,False
2024-03-04,,Boston Celtics,Golden State Warriors,140,88,1.29,3.66,False,True,228,52,False
2024-03-04,,Minnesota Timberwolves,Los Angeles Clippers,88,89,1.71,2.18,False,False,177,-1,False
2024-03-04,,Dallas Mavericks,Philadelphia 76ers,116,120,1.3,3.55,False,False,236,-4,False
2024-03-04,,Orlando Magic,Detroit Pistons,113,91,1.16,5.2,False,True,204,22,False
2024-03-05,,Los Angeles Lakers,Oklahoma City Thunder,116,104,1.95,1.88,False,True,220,12,False
2024-03-05,,Sacramento Kings,Chicago Bulls,109,113,1.39,3.02,False,False,222,-4,False
2024-03-05,,Brooklyn Nets,Memphis Grizzlies,102,106,1.22,4.39,False,False,208,-4,False
2024-03-05,,Milwaukee Bucks,Los Angeles Clippers,113,106,2.14,1.8,False,True,219,7,False
2024-03-05,,Minnesota Timberwolves,Portland Trail Blazers,119,114,1.06,9.3,False,True,233,5,False
2024-03-05,,Utah Jazz,Washington Wizards,127,115,1.46,2.72,False,True,242,12,False
2024-03-06,,Miami Heat,Detroit Pistons,118,110,1.15,5.56,False,True,228,8,False
2024-03-06,,New York Knicks,Atlanta Hawks,100,116,1.81,2.04,False,False,216,-16,False
2024-03-06,,Toronto Raptors,New Orleans Pelicans,98,139,4.51,1.21,False,False,237,-41,False
2024-03-06,,Brooklyn Nets,Philadelphia 76ers,112,107,1.93,1.9,False,True,219,5,False
2024-03-06,,Charlotte Hornets,Orlando Magic,89,101,3.83,1.27,False,False,190,-12,False
2024-03-06,,Cleveland Cavaliers,Boston Celtics,105,104,4.0,1.26,False,True,209,1,False
2024-03-06,,Denver Nuggets,Phoenix Suns,107,117,1.25,4.09,True,False,224,-10,False
2024-03-06,,Dallas Mavericks,Indiana Pacers,120,137,1.45,2.78,False,False,257,-17,False
2024-03-06,,Houston Rockets,San Antonio Spurs,114,101,1.35,3.24,False,True,215,13,False
2024-03-07,,Atlanta Hawks,Cleveland Cavaliers,112,101,1.69,2.24,False,True,213,11,False
2024-03-07,,Washington Wizards,Orlando Magic,109,119,3.2,1.37,False,False,228,-10,False
2024-03-07,,Houston Rockets,Los Angeles Clippers,116,122,3.07,1.39,False,False,238,-6,False
2024-03-07,,Philadelphia 76ers,Memphis Grizzlies,109,115,1.57,2.44,False,False,224,-6,False
2024-03-07,,Utah Jazz,Chicago Bulls,117,119,2.42,1.58,False,False,236,-2,False
2024-03-07,,Portland Trail Blazers,Oklahoma City Thunder,120,128,6.93,1.11,False,False,248,-8,False
2024-03-07,,Golden State Warriors,Milwaukee Bucks,125,90,1.69,2.21,False,True,215,35,False
2024-03-07,,Los Angeles Lakers,Sacramento Kings,120,130,1.67,2.25,False,False,250,-10,False
2024-03-08,,Denver Nuggets,Boston Celtics,115,109,2.09,1.78,False,True,224,6,False
2024-03-08,,Indiana Pacers,Minnesota Timberwolves,111,113,1.86,1.98,False,False,224,-2,False
2024-03-08,,Detroit Pistons,Brooklyn Nets,118,112,2.13,1.74,False,True,230,6,False
2024-03-08,,Dallas Mavericks,Miami Heat,114,108,1.51,2.59,False,True,222,6,False
2024-03-08,,Phoenix Suns,Toronto Raptors,120,113,1.18,5.02,False,True,233,7,False
2024-03-08,,Sacramento Kings,San Antonio Spurs,131,129,1.14,5.89,False,True,260,2,False
2024-03-08,,Golden State Warriors,Chicago Bulls,122,125,1.27,3.9,False,False,247,-3,False
2024-03-09,,Washington Wizards,Charlotte Hornets,112,100,1.71,2.2,False,True,212,12,False
2024-03-09,,New York Knicks,Orlando Magic,98,74,1.72,2.17,False,True,172,24,False
2024-03-09,,Oklahoma City Thunder,Miami Heat,107,100,1.26,3.92,False,True,207,7,False
2024-03-09,,Cleveland Cavaliers,Minnesota Timberwolves,113,104,1.81,2.03,True,True,217,9,False
2024-03-09,,Los Angeles Lakers,Milwaukee Bucks,123,122,2.56,1.53,False,True,245,1,False
2024-03-09,,Memphis Grizzlies,Atlanta Hawks,92,99,2.31,1.65,False,False,191,-7,False
2024-03-09,,Portland Trail Blazers,Houston Rockets,107,123,3.14,1.38,False,False,230,-16,False
2024-03-09,,Philadelphia 76ers,New Orleans Pelicans,95,103,3.56,1.31,False,False,198,-8,False
2024-03-10,,Los Angeles Clippers,Chicago Bulls,112,102,1.3,3.61,False,True,214,10,False
2024-03-10,,Detroit Pistons,Dallas Mavericks,124,142,4.02,1.26,False,False,266,-18,False
2024-03-10,,Charlotte Hornets,Brooklyn Nets,110,99,2.94,1.42,False,True,209,11,False
2024-03-10,,Golden State Warriors,San Antonio Spurs,113,126,1.14,5.97,False,False,239,-13,False
2024-03-10,,Phoenix Suns,Boston Celtics,107,117,2.8,1.45,False,False,224,-10,False
2024-03-10,,Denver Nuggets,Utah Jazz,142,121,1.13,6.14,False,True,263,21,False
2024-03-10,,Portland Trail Blazers,Toronto Raptors,128,118,2.17,1.72,True,True,246,10,False
2024-03-11,,Atlanta Hawks,New Orleans Pelicans,103,116,3.01,1.4,False,False,219,-13,False
2024-03-11,,Miami Heat,Washington Wizards,108,110,1.15,5.55,False,False,218,-2,False
2024-03-11,,Orlando Magic,Indiana Pacers,97,111,1.95,1.9,False,False,208,-14,False
2024-03-11,,Sacramento Kings,Houston Rockets,104,112,1.37,3.19,False,False,216,-8,False
2024-03-11,,Los Angeles Clippers,Milwaukee Bucks,117,124,3.06,1.4,False,False,241,-7,False
2024-03-11,,New York Knicks,Philadelphia 76ers,73,79,1.35,3.26,False,False,152,-6,False
2024-03-11,,Oklahoma City Thunder,Memphis Grizzlies,124,93,1.08,8.56,False,True,217,31,False
2024-03-11,,Los Angeles Lakers,Minnesota Timberwolves,120,109,1.48,2.72,False,True,229,11,False
2024-03-11,,Cleveland Cavaliers,Brooklyn Nets,101,120,1.37,3.18,False,False,221,-19,False
2024-03-12,,Detroit Pistons,Charlotte Hornets,114,97,1.51,2.62,False,True,211,17,False
2024-03-12,,Cleveland Cavaliers,Phoenix Suns,111,117,3.12,1.38,False,False,228,-6,False
2024-03-12,,San Antonio Spurs,Golden State Warriors,102,112,2.64,1.5,False,False,214,-10,False
2024-03-12,,Chicago Bulls,Dallas Mavericks,92,127,2.37,1.61,False,False,219,-35,False
2024-03-12,,Denver Nuggets,Toronto Raptors,125,119,1.05,10.66,False,True,244,6,False
2024-03-12,,Portland Trail Blazers,Boston Celtics,99,121,5.51,1.16,False,False,220,-22,False
2024-03-13,,San Antonio Spurs,Houston Rockets,101,103,2.26,1.66,False,False,204,-2,False
2024-03-13,,Memphis Grizzlies,Washington Wizards,109,97,2.1,1.77,False,True,206,12,False
2024-03-13,,Oklahoma City Thunder,Indiana Pacers,111,121,1.46,2.78,False,False,232,-10,False
2024-03-13,,Los Angeles Clippers,Minnesota Timberwolves,100,118,1.43,2.89,False,False,218,-18,False
2024-03-13,,Utah Jazz,Boston Celtics,107,123,3.1,1.38,False,False,230,-16,False
2024-03-13,,Sacramento Kings,Milwaukee Bucks,129,94,1.84,2.0,False,True,223,35,False
2024-03-13,,New York Knicks,Philadelphia 76ers,106,79,1.44,2.86,False,True,185,27,False
2024-03-14,,New Orleans Pelicans,Cleveland Cavaliers,95,116,1.44,2.81,False,False,211,-21,False
2024-03-14,,Orlando Magic,Brooklyn Nets,114,106,1.41,2.96,False,True,220,8,False
2024-03-14,,Miami Heat,Denver Nuggets,88,100,2.33,1.63,False,False,188,-12,False
2024-03-14,,Detroit Pistons,Toronto Raptors,113,104,1.63,2.32,False,True,217,9,False
2024-03-14,,Portland Trail Blazers,Atlanta Hawks,106,102,2.53,1.54,False,True,208,4,False
2024-03-14,,Memphis Grizzlies,Charlotte Hornets,98,110,2.13,1.74,False,False,208,-12,False
2024-03-14,,Sacramento Kings,Los Angeles Lakers,120,107,2.16,1.72,False,True,227,13,False
2024-03-14,,Indiana Pacers,Chicago Bulls,129,132,1.5,2.65,True,False,261,-3,False
2024-03-14,,Dallas Mavericks,Golden State Warriors,109,99,1.27,3.83,False,True,208,10,False
2024-03-15,,Houston Rockets,Washington Wizards,135,119,1.27,3.82,False,True,254,16,False
2024-03-15,,Portland Trail Blazers,New York Knicks,93,105,6.09,1.14,False,False,198,-12,False
2024-03-15,,Chicago Bulls,Los Angeles Clippers,111,126,2.98,1.41,False,False,237,-15,False
2024-03-15,,Oklahoma City Thunder,Dallas Mavericks,126,119,1.21,4.51,False,True,245,7,False
2024-03-15,,Milwaukee Bucks,Philadelphia 76ers,114,105,1.32,3.43,False,True,219,9,False
2024-03-15,,Boston Celtics,Phoenix Suns,127,112,1.43,2.85,False,True,239,15,False
2024-03-16,,Charlotte Hornets,Phoenix Suns,96,107,5.01,1.19,False,False,203,-11,False
2024-03-16,,Utah Jazz,Atlanta Hawks,124,122,1.99,1.85,False,True,246,2,False
2024-03-16,,San Antonio Spurs,Denver Nuggets,106,117,4.72,1.2,False,False,223,-11,False
2024-03-16,,Toronto Raptors,Orlando Magic,103,113,3.51,1.31,False,False,216,-10,False
2024-03-16,,Detroit Pistons,Miami Heat,95,108,3.63,1.3,False,False,203,-13,False
2024-03-16,,New Orleans Pelicans,Los Angeles Clippers,112,104,1.38,3.1,False,True,216,8,False
2024-03-17,,Philadelphia 76ers,Charlotte Hornets,109,98,1.2,4.74,False,True,207,11,False
2024-03-17,,Houston Rockets,Cleveland Cavaliers,117,103,2.61,1.51,False,True,220,14,False
2024-03-17,,New Orleans Pelicans,Portland Trail Blazers,126,107,1.11,6.93,False,True,233,19,False
2024-03-17,,Memphis Grizzlies,Oklahoma City Thunder,112,118,4.99,1.19,False,False,230,-6,False
2024-03-17,,Indiana Pacers,Brooklyn Nets,121,100,1.31,3.6,False,True,221,21,False
2024-03-17,,Utah Jazz,Minnesota Timberwolves,100,119,3.43,1.33,False,False,219,-19,False
2024-03-17,,Sacramento Kings,New York Knicks,91,98,1.64,2.31,False,False,189,-7,False
2024-03-17,,Los Angeles Lakers,Golden State Warriors,121,128,1.82,2.03,False,False,249,-7,False
2024-03-17,,Chicago Bulls,Washington Wizards,127,98,1.23,4.22,False,True,225,29,False
2024-03-18,,Milwaukee Bucks,Phoenix Suns,140,129,2.03,1.86,False,True,269,11,False
2024-03-18,,Detroit Pistons,Miami Heat,101,104,2.83,1.44,False,False,205,-3,False
2024-03-18,,Dallas Mavericks,Denver Nuggets,107,105,1.99,1.86,False,True,212,2,False
2024-03-18,,Orlando Magic,Toronto Raptors,111,96,1.15,5.6,False,True,207,15,False
2024-03-18,,Washington Wizards,Boston Celtics,104,130,8.54,1.07,False,False,234,-26,False
2024-03-18,,San Antonio Spurs,Brooklyn Nets,122,115,1.78,2.09,True,True,237,7,False
2024-03-18,,Los Angeles Clippers,Atlanta Hawks,93,110,1.22,4.48,False,False,203,-17,False
2024-03-19,,Indiana Pacers,Cleveland Cavaliers,103,108,1.39,3.07,False,False,211,-5,False
2024-03-19,,Philadelphia 76ers,Miami Heat,98,91,1.68,2.24,False,True,189,7,False
2024-03-19,,Boston Celtics,Detroit Pistons,119,94,1.06,9.44,False,True,213,25,False
2024-03-19,,Chicago Bulls,Portland Trail Blazers,110,107,1.29,3.69,False,True,217,3,False
2024-03-19,,Utah Jazz,Minnesota Timberwolves,104,114,2.45,1.57,False,False,218,-10,False
2024-03-19,,Sacramento Kings,Memphis Grizzlies,121,111,1.16,5.41,True,True,232,10,False
2024-03-19,,Golden State Warriors,New York Knicks,112,119,1.41,2.99,False,False,231,-7,False
2024-03-19,,Los Angeles Lakers,Atlanta Hawks,136,105,1.22,4.49,False,True,241,31,False
2024-03-20,,Brooklyn Nets,New Orleans Pelicans,91,104,3.17,1.36,False,False,195,-13,False
2024-03-20,,Washington Wizards,Houston Rockets,114,137,4.87,1.19,False,False,251,-23,False
2024-03-20,,Orlando Magic,Charlotte Hornets,112,92,1.11,6.69,False,True,204,20,False
2024-03-20,,Minnesota Timberwolves,Denver Nuggets,112,115,3.36,1.34,False,False,227,-3,False
2024-03-20,,San Antonio Spurs,Dallas Mavericks,107,113,4.01,1.25,False,False,220,-6,False
2024-03-21,,Detroit Pistons,Indiana Pacers,103,122,5.32,1.16,False,False,225,-19,False
2024-03-21,,Portland Trail Blazers,Los Angeles Clippers,103,116,6.02,1.13,False,False,219,-13,False
2024-03-21,,Phoenix Suns,Philadelphia 76ers,115,102,1.24,4.2,False,True,217,13,False
2024-03-21,,Oklahoma City Thunder,Utah Jazz,119,107,1.07,8.89,False,True,226,12,False
2024-03-21,,Golden State Warriors,Memphis Grizzlies,137,116,1.16,5.5,False,True,253,21,False
2024-03-21,,Toronto Raptors,Sacramento Kings,89,123,5.35,1.16,False,False,212,-34,False
2024-03-21,,Cleveland Cavaliers,Miami Heat,104,107,1.7,2.19,False,False,211,-3,False
2024-03-21,,Boston Celtics,Milwaukee Bucks,122,119,1.18,5.1,False,True,241,3,False
2024-03-22,,Denver Nuggets,New York Knicks,113,100,1.25,4.03,False,True,213,13,False
2024-03-22,,Dallas Mavericks,Utah Jazz,113,97,1.09,7.77,False,True,210,16,False
2024-03-22,,Washington Wizards,Sacramento Kings,109,102,5.3,1.16,False,True,211,7,False
2024-03-22,,Houston Rockets,Chicago Bulls,127,117,1.64,2.29,False,True,244,10,False
2024-03-22,,Orlando Magic,New Orleans Pelicans,121,106,2.17,1.72,False,True,227,15,False
2024-03-22,,Milwaukee Bucks,Brooklyn Nets,115,108,1.2,4.72,False,True,223,7,False
2024-03-22,,Phoenix Suns,Atlanta Hawks,128,115,1.24,4.25,False,True,243,13,False
2024-03-23,,Detroit Pistons,Boston Celtics,102,129,7.36,1.1,False,False,231,-27,False
2024-03-23,,Minnesota Timberwolves,Cleveland Cavaliers,104,91,1.33,3.37,False,True,195,13,False
2024-03-23,,Toronto Raptors,Oklahoma City Thunder,103,123,9.73,1.06,False,False,226,-20,False
2024-03-23,,Miami Heat,New Orleans Pelicans,88,111,1.7,2.2,False,False,199,-23,False
2024-03-23,,Portland Trail Blazers,Los Angeles Clippers,117,125,8.48,1.08,False,False,242,-8,False
2024-03-23,,Golden State Warriors,Indiana Pacers,111,123,1.52,2.58,False,False,234,-12,False
2024-03-23,,Los Angeles Lakers,Philadelphia 76ers,101,94,1.32,3.44,False,True,195,7,False
2024-03-23,,San Antonio Spurs,Memphis Grizzlies,97,99,1.39,3.05,False,False,196,-2,False
2024-03-24,,New York Knicks,Brooklyn Nets,105,93,1.34,3.31,False,True,198,12,False
2024-03-24,,Orlando Magic,Sacramento Kings,107,109,1.69,2.2,False,False,216,-2,False
2024-03-24,,Atlanta Hawks,Charlotte Hornets,132,91,1.34,3.35,False,True,223,41,False
2024-03-24,,Washington Wizards,Toronto Raptors,112,109,1.43,2.85,False,True,221,3,False
2024-03-24,,San Antonio Spurs,Phoenix Suns,106,131,4.52,1.21,False,False,237,-25,False
2024-03-24,,Houston Rockets,Utah Jazz,147,119,1.19,4.89,False,True,266,28,False
2024-03-24,,Portland Trail Blazers,Denver Nuggets,111,114,4.85,1.19,False,False,225,-3,False
2024-03-24,,Chicago Bulls,Boston Celtics,113,124,2.71,1.48,False,False,237,-11,False
2024-03-25,,Detroit Pistons,New Orleans Pelicans,101,114,7.85,1.09,False,False,215,-13,False
2024-03-25,,Los Angeles Clippers,Philadelphia 76ers,107,121,1.26,3.97,False,False,228,-14,False
2024-03-25,,Miami Heat,Cleveland Cavaliers,121,84,1.63,2.33,False,True,205,37,False
2024-03-25,,Milwaukee Bucks,Oklahoma City Thunder,118,93,1.72,2.16,False,True,211,25,False
2024-03-25,,Minnesota Timberwolves,Golden State Warriors,114,110,1.74,2.13,False,True,224,4,False
2024-03-25,,Los Angeles Lakers,Indiana Pacers,150,145,1.73,2.15,False,True,295,5,False
2024-03-26,,Toronto Raptors,Brooklyn Nets,88,96,2.98,1.41,False,False,184,-8,False
2024-03-26,,San Antonio Spurs,Phoenix Suns,104,102,5.96,1.14,False,True,206,2,False
2024-03-26,,Chicago Bulls,Washington Wizards,105,107,1.13,6.18,False,False,212,-2,False
2024-03-26,,New York Knicks,Detroit Pistons,124,99,1.05,10.51,False,True,223,25,False
2024-03-26,,Cleveland Cavaliers,Charlotte Hornets,115,92,1.17,5.37,False,True,207,23,False
2024-03-26,,Sacramento Kings,Philadelphia 76ers,108,96,1.33,3.36,False,True,204,12,False
2024-03-26,,Atlanta Hawks,Boston Celtics,120,118,4.84,1.19,False,True,238,2,False
2024-03-26,,Utah Jazz,Dallas Mavericks,105,115,3.59,1.3,False,False,220,-10,False
2024-03-26,,Houston Rockets,Portland Trail Blazers,110,92,1.1,7.49,False,True,202,18,False
2024-03-26,,Los Angeles Clippers,Indiana Pacers,116,133,1.41,2.96,False,False,249,-17,False
2024-03-26,,Denver Nuggets,Memphis Grizzlies,128,103,1.12,6.51,False,True,231,25,False
2024-03-27,,Milwaukee Bucks,Los Angeles Lakers,124,128,1.23,4.23,True,False,252,-4,False
2024-03-27,,Miami Heat,Golden State Warriors,92,113,2.65,1.49,False,False,205,-21,False
2024-03-27,,New Orleans Pelicans,Oklahoma City Thunder,112,119,1.97,1.87,False,False,231,-7,False
2024-03-27,,Sacramento Kings,Dallas Mavericks,96,132,1.89,1.95,False,False,228,-36,False
2024-03-28,,Atlanta Hawks,Portland Trail Blazers,120,106,1.15,5.67,False,True,226,14,False
2024-03-28,,Orlando Magic,Golden State Warriors,93,101,1.57,2.44,False,False,194,-8,False
2024-03-28,,Denver Nuggets,Phoenix Suns,97,104,1.43,2.85,False,False,201,-7,False
2024-03-28,,Washington Wizards,Brooklyn Nets,119,122,2.4,1.59,True,False,241,-3,False
2024-03-28,,Philadelphia 76ers,Los Angeles Clippers,107,108,3.05,1.39,False,False,215,-1,False
2024-03-28,,Oklahoma City Thunder,Houston Rockets,126,132,1.51,2.59,True,False,258,-6,False
2024-03-28,,Memphis Grizzlies,Los Angeles Lakers,124,136,2.48,1.56,False,False,260,-12,False
2024-03-28,,Minnesota Timberwolves,Detroit Pistons,106,91,1.05,10.45,False,True,197,15,False
2024-03-28,,Charlotte Hornets,Cleveland Cavaliers,118,111,4.49,1.21,False,True,229,7,False
2024-03-28,,Utah Jazz,San Antonio Spurs,111,118,1.57,2.45,False,False,229,-7,False
2024-03-28,,Toronto Raptors,New York Knicks,101,145,7.33,1.1,False,False,246,-44,False
2024-03-28,,Chicago Bulls,Indiana Pacers,125,99,2.28,1.65,False,True,224,26,False
2024-03-29,,New Orleans Pelicans,Milwaukee Bucks,107,100,2.1,1.76,False,True,207,7,False
2024-03-29,,Atlanta Hawks,Boston Celtics,123,122,8.14,1.08,True,True,245,1,False
2024-03-30,,Orlando Magic,Los Angeles Clippers,97,100,2.04,1.8,False,False,197,-3,False
2024-03-30,,Oklahoma City Thunder,Phoenix Suns,128,103,2.08,1.77,False,True,231,25,False
2024-03-30,,Indiana Pacers,Los Angeles Lakers,109,90,1.63,2.32,False,True,199,19,False
2024-03-30,,Charlotte Hornets,Golden State Warriors,97,115,6.52,1.12,False,False,212,-18,False
2024-03-30,,Cleveland Cavaliers,Philadelphia 76ers,117,114,1.37,3.15,False,True,231,3,False
2024-03-30,,Brooklyn Nets,Chicago Bulls,125,108,2.25,1.66,False,True,233,17,False
2024-03-30,,Washington Wizards,Detroit Pistons,87,96,1.63,2.31,False,False,183,-9,False
2024-03-30,,San Antonio Spurs,New York Knicks,130,126,3.8,1.28,True,True,256,4,False
2024-03-30,,Miami Heat,Portland Trail Blazers,142,82,1.09,7.83,False,True,224,60,False
2024-03-30,,Utah Jazz,Houston Rockets,100,101,3.64,1.3,False,False,201,-1,False
2024-03-30,,Sacramento Kings,Dallas Mavericks,103,107,1.98,1.85,False,False,210,-4,False
2024-03-30,,Denver Nuggets,Minnesota Timberwolves,98,111,1.65,2.29,False,False,209,-13,False
2024-03-31,,New Orleans Pelicans,Boston Celtics,92,104,2.91,1.42,False,False,196,-12,False
2024-03-31,,Orlando Magic,Memphis Grizzlies,118,88,1.11,6.69,False,True,206,30,False
2024-03-31,,Atlanta Hawks,Milwaukee Bucks,113,122,2.65,1.5,False,False,235,-9,False
2024-04-01,,New York Knicks,Oklahoma City Thunder,112,113,2.01,1.83,False,False,225,-1,False
2024-04-01,,Denver Nuggets,Cleveland Cavaliers,130,101,1.53,2.58,False,True,231,29,False
2024-04-01,,Toronto Raptors,Philadelphia 76ers,120,135,4.29,1.23,False,False,255,-15,False
2024-04-01,,Washington Wizards,Miami Heat,107,119,5.8,1.14,False,False,226,-12,False
2024-04-01,,Brooklyn Nets,Los Angeles Lakers,104,116,3.15,1.37,False,False,220,-12,False
2024-04-01,,San Antonio Spurs,Golden State Warriors,113,117,4.84,1.19,False,False,230,-4,False
2024-04-01,,Houston Rockets,Dallas Mavericks,107,125,2.35,1.62,False,False,232,-18,False
2024-04-01,,Minnesota Timberwolves,Chicago Bulls,101,109,1.26,3.98,False,False,210,-8,False
2024-04-01,,Sacramento Kings,Utah Jazz,127,106,1.11,6.97,False,True,233,21,False
2024-04-01,,Charlotte Hornets,Los Angeles Clippers,118,130,8.12,1.08,False,False,248,-12,False
2024-04-02,,Orlando Magic,Portland Trail Blazers,104,103,1.05,10.97,False,True,207,1,False
2024-04-02,,Detroit Pistons,Memphis Grizzlies,108,110,1.72,2.16,False,False,218,-2,False
2024-04-02,,Indiana Pacers,Brooklyn Nets,133,111,1.14,6.03,False,True,244,22,False
2024-04-02,,Charlotte Hornets,Boston Celtics,104,118,11.87,1.04,False,False,222,-14,False
2024-04-02,,New Orleans Pelicans,Phoenix Suns,111,124,1.83,2.0,False,False,235,-13,False
2024-04-02,,Chicago Bulls,Atlanta Hawks,101,113,1.76,2.09,False,False,214,-12,False
2024-04-03,,Minnesota Timberwolves,Houston Rockets,113,106,1.33,3.42,False,True,219,7,False
2024-04-03,,Washington Wizards,Milwaukee Bucks,117,113,6.91,1.11,False,True,230,4,False
2024-04-03,,Toronto Raptors,Los Angeles Lakers,111,128,7.17,1.1,False,False,239,-17,False
2024-04-03,,Philadelphia 76ers,Oklahoma City Thunder,109,105,1.68,2.23,False,True,214,4,False
2024-04-03,,Utah Jazz,Cleveland Cavaliers,113,129,4.56,1.21,False,False,242,-16,False
2024-04-03,,Golden State Warriors,Dallas Mavericks,104,100,1.94,1.89,False,True,204,4,False
2024-04-03,,Denver Nuggets,San Antonio Spurs,110,105,1.06,9.42,False,True,215,5,False
2024-04-03,,Sacramento Kings,Los Angeles Clippers,109,95,1.69,2.21,False,True,204,14,False
2024-04-03,,Miami Heat,New York Knicks,109,99,1.72,2.16,False,True,208,10,False
2024-04-04,,Charlotte Hornets,Portland Trail Blazers,86,89,1.81,2.03,False,False,175,-3,False
2024-04-04,,Atlanta Hawks,Detroit Pistons,121,113,1.15,5.75,False,True,234,8,False
2024-04-04,,Washington Wizards,Los Angeles Lakers,120,125,6.55,1.12,False,False,245,-5,False
2024-04-04,,Brooklyn Nets,Indiana Pacers,115,111,3.14,1.37,False,True,226,4,False
2024-04-04,,Phoenix Suns,Cleveland Cavaliers,122,101,1.41,2.95,False,True,223,21,False
2024-04-04,,Milwaukee Bucks,Memphis Grizzlies,101,111,1.12,6.62,False,False,212,-10,False
2024-04-04,,New Orleans Pelicans,Orlando Magic,108,117,1.5,2.62,False,False,225,-9,False
2024-04-04,,Minnesota Timberwolves,Toronto Raptors,133,85,1.04,11.71,False,True,218,48,False
2024-04-04,,Boston Celtics,Oklahoma City Thunder,135,100,1.14,5.96,False,True,235,35,False
2024-04-05,,New York Knicks,Sacramento Kings,120,109,1.61,2.37,False,True,229,11,False
2024-04-05,,Miami Heat,Philadelphia 76ers,105,109,1.67,2.24,False,False,214,-4,False
2024-04-05,,Dallas Mavericks,Atlanta Hawks,109,95,1.14,5.87,False,True,204,14,False
2024-04-05,,Houston Rockets,Golden State Warriors,110,133,2.28,1.65,False,False,243,-23,False
2024-04-05,,Los Angeles Clippers,Denver Nuggets,102,100,2.26,1.66,False,True,202,2,False
2024-04-06,,Charlotte Hornets,Orlando Magic,124,115,6.01,1.14,False,True,239,9,False
2024-04-06,,Boston Celtics,Sacramento Kings,101,100,1.24,4.08,False,True,201,1,False
2024-04-06,,Houston Rockets,Miami Heat,104,119,2.31,1.63,False,False,223,-15,False
2024-04-06,,Indiana Pacers,Oklahoma City Thunder,126,112,1.41,2.95,False,True,238,14,False
2024-04-06,,Washington Wizards,Portland Trail Blazers,102,108,1.7,2.19,False,False,210,-6,False
2024-04-06,,Milwaukee Bucks,Toronto Raptors,111,117,1.08,7.83,False,False,228,-6,False
2024-04-06,,Memphis Grizzlies,Detroit Pistons,108,90,1.92,1.9,False,True,198,18,False
2024-04-06,,Chicago Bulls,New York Knicks,108,100,2.02,1.82,False,True,208,8,False
2024-04-06,,Los Angeles Clippers,Utah Jazz,131,102,1.12,6.53,False,True,233,29,False
2024-04-06,,New Orleans Pelicans,San Antonio Spurs,109,111,1.14,5.74,False,False,220,-2,False
2024-04-06,,Dallas Mavericks,Golden State Warriors,108,106,1.89,1.94,False,True,214,2,False
2024-04-06,,Phoenix Suns,Minnesota Timberwolves,97,87,1.52,2.57,False,True,184,10,False
2024-04-07,,Los Angeles Lakers,Cleveland Cavaliers,116,97,1.48,2.68,False,True,213,19,False
2024-04-07,,Brooklyn Nets,Detroit Pistons,113,103,1.21,4.64,False,True,216,10,False
2024-04-07,,Memphis Grizzlies,Philadelphia 76ers,96,116,8.35,1.08,False,False,212,-20,False
2024-04-07,,Denver Nuggets,Atlanta Hawks,142,110,1.15,5.62,False,True,252,32,False
2024-04-08,,Charlotte Hornets,Oklahoma City Thunder,118,121,3.45,1.32,False,False,239,-3,False
2024-04-08,,Dallas Mavericks,Houston Rockets,147,136,1.24,4.07,True,True,283,11,False
2024-04-08,,Indiana Pacers,Miami Heat,117,115,1.68,2.22,False,True,232,2,False
2024-04-08,,Toronto Raptors,Washington Wizards,130,122,1.5,2.65,False,True,252,8,False
2024-04-08,,Phoenix Suns,New Orleans Pelicans,105,113,1.44,2.8,False,False,218,-8,False
2024-04-08,,Orlando Magic,Chicago Bulls,113,98,1.35,3.24,False,True,211,15,False
2024-04-08,,Los Angeles Clippers,Cleveland Cavaliers,120,118,1.56,2.46,False,True,238,2,False
2024-04-08,,Boston Celtics,Portland Trail Blazers,124,107,1.06,9.65,False,True,231,17,False
2024-04-08,,San Antonio Spurs,Philadelphia 76ers,126,133,2.43,1.57,True,False,259,-7,False
2024-04-08,,Milwaukee Bucks,New York Knicks,109,122,1.54,2.54,False,False,231,-13,False
2024-04-08,,Brooklyn Nets,Sacramento Kings,77,107,4.89,1.19,False,False,184,-30,False
2024-04-08,,Los Angeles Lakers,Minnesota Timberwolves,117,127,2.11,1.76,False,False,244,-10,False
2024-04-08,,Golden State Warriors,Utah Jazz,118,110,1.12,6.35,False,True,228,8,False
2024-04-10,,Memphis Grizzlies,San Antonio Spurs,87,102,2.78,1.45,False,False,189,-15,False
2024-04-10,,Toronto Raptors,Indiana Pacers,123,140,7.18,1.1,False,False,263,-17,False
2024-04-10,,Philadelphia 76ers,Detroit Pistons,120,102,1.08,8.52,False,True,222,18,False
2024-04-10,,Charlotte Hornets,Dallas Mavericks,104,130,6.28,1.12,False,False,234,-26,False
2024-04-10,,Milwaukee Bucks,Boston Celtics,104,91,1.6,2.36,False,True,195,13,False
2024-04-10,,Atlanta Hawks,Miami Heat,111,117,2.32,1.63,True,False,228,-6,False
2024-04-10,,Minnesota Timberwolves,Washington Wizards,130,121,1.05,11.12,False,True,251,9,False
2024-04-10,,Houston Rockets,Orlando Magic,118,106,2.2,1.7,False,True,224,12,False
2024-04-10,,Chicago Bulls,New York Knicks,117,128,2.58,1.52,False,False,245,-11,False
2024-04-10,,Utah Jazz,Denver Nuggets,95,111,9.91,1.06,False,False,206,-16,False
2024-04-10,,Portland Trail Blazers,New Orleans Pelicans,100,110,7.3,1.1,False,False,210,-10,False
2024-04-10,,Phoenix Suns,Los Angeles Clippers,92,105,1.25,4.0,False,False,197,-13,False
2024-04-10,,Los Angeles Lakers,Golden State Warriors,120,134,2.12,1.75,False,False,254,-14,False
2024-04-10,,Oklahoma City Thunder,Sacramento Kings,112,105,1.48,2.68,False,True,217,7,False
2024-04-11,,Atlanta Hawks,Charlotte Hornets,114,115,1.25,4.08,False,False,229,-1,False
2024-04-11,,Milwaukee Bucks,Orlando Magic,117,99,2.04,1.8,False,True,216,18,False
2024-04-11,,Brooklyn Nets,Toronto Raptors,106,102,1.15,5.65,False,True,208,4,False
2024-04-11,,Miami Heat,Dallas Mavericks,92,111,2.18,1.7,False,False,203,-19,False
2024-04-11,,Oklahoma City Thunder,San Antonio Spurs,127,89,1.05,10.53,False,True,216,38,False
2024-04-11,,Los Angeles Clippers,Phoenix Suns,108,124,4.96,1.18,False,False,232,-16,False
2024-04-11,,Cleveland Cavaliers,Memphis Grizzlies,110,98,1.04,11.99,False,True,208,12,False
2024-04-11,,Denver Nuggets,Minnesota Timberwolves,116,107,1.34,3.32,False,True,223,9,False
2024-04-12,,Detroit Pistons,Chicago Bulls,105,127,5.23,1.17,False,False,232,-22,False
2024-04-12,,Boston Celtics,New York Knicks,109,118,1.67,2.24,False,False,227,-9,False
2024-04-12,,Utah Jazz,Houston Rockets,124,121,5.0,1.18,False,True,245,3,False
2024-04-12,,Sacramento Kings,New Orleans Pelicans,123,135,1.81,2.03,False,False,258,-12,False
2024-04-12,,Portland Trail Blazers,Golden State Warriors,92,100,6.84,1.11,False,False,192,-8,False
2024-04-13,,Memphis Grizzlies,Los Angeles Lakers,120,123,8.83,1.07,False,False,243,-3,False
2024-04-13,,Philadelphia 76ers,Orlando Magic,125,113,1.41,2.95,False,True,238,12,False
2024-04-13,,Cleveland Cavaliers,Indiana Pacers,129,120,1.67,2.23,False,True,249,9,False
2024-04-13,,New York Knicks,Brooklyn Nets,111,107,1.14,5.7,False,True,218,4,False
2024-04-13,,Boston Celtics,Charlotte Hornets,131,98,1.35,3.27,False,True,229,33,False
2024-04-13,,Oklahoma City Thunder,Milwaukee Bucks,125,107,1.11,7.01,False,True,232,18,False
2024-04-13,,Miami Heat,Toronto Raptors,125,103,1.1,7.37,False,True,228,22,False
2024-04-13,,Washington Wizards,Chicago Bulls,127,129,1.78,2.07,False,False,256,-2,False
2024-04-13,,San Antonio Spurs,Denver Nuggets,121,120,5.45,1.16,False,True,241,1,False
2024-04-13,,Minnesota Timberwolves,Atlanta Hawks,109,106,1.13,6.06,False,True,215,3,False
2024-04-13,,Dallas Mavericks,Detroit Pistons,89,107,1.16,5.36,False,False,196,-18,False
2024-04-13,,Portland Trail Blazers,Houston Rockets,107,116,2.86,1.42,False,False,223,-9,False
2024-04-13,,Golden State Warriors,New Orleans Pelicans,109,114,1.54,2.52,False,False,223,-5,False
2024-04-13,,Los Angeles Clippers,Utah Jazz,109,110,1.07,9.06,False,False,219,-1,False
2024-04-13,,Sacramento Kings,Phoenix Suns,107,108,2.57,1.52,False,False,215,-1,False
2024-04-15,,Orlando Magic,Milwaukee Bucks,113,88,1.43,2.87,False,True,201,25,False
2024-04-15,,Sacramento Kings,Portland Trail Blazers,121,82,1.05,10.53,False,True,203,39,False
2024-04-15,,Miami Heat,Toronto Raptors,118,103,1.06,10.06,False,True,221,15,False
2024-04-15,,Philadelphia 76ers,Brooklyn Nets,107,86,1.12,6.47,False,True,193,21,False
2024-04-15,,New York Knicks,Chicago Bulls,120,119,1.11,6.75,True,True,239,1,False
2024-04-15,,Cleveland Cavaliers,Charlotte Hornets,110,120,1.1,7.21,False,False,230,-10,False
2024-04-15,,Indiana Pacers,Atlanta Hawks,157,115,1.1,7.3,False,True,272,42,False
2024-04-15,,Minnesota Timberwolves,Phoenix Suns,106,125,1.73,2.15,False,False,231,-19,False
2024-04-15,,New Orleans Pelicans,Los Angeles Lakers,108,124,1.83,2.01,False,False,232,-16,False
2024-04-15,,Los Angeles Clippers,Houston Rockets,105,116,2.46,1.57,False,False,221,-11,False
2024-04-15,,Golden State Warriors,Utah Jazz,123,116,1.18,5.05,False,True,239,7,False
2024-04-15,,San Antonio Spurs,Detroit Pistons,123,95,1.5,2.62,False,True,218,28,False
2024-04-15,,Memphis Grizzlies,Denver Nuggets,111,126,6.81,1.11,False,False,237,-15,False
2024-04-15,,Oklahoma City Thunder,Dallas Mavericks,135,86,1.05,11.03,False,True,221,49,False
2024-04-15,,Boston Celtics,Washington Wizards,132,122,1.22,4.38,False,True,254,10,False
2024-04-17,Promotion - Playoffs,New Orleans Pelicans,Los Angeles Lakers,106,110,1.87,1.95,False,False,216,-4,False
2024-04-17,Promotion - Playoffs,Sacramento Kings,Golden State Warriors,118,94,2.25,1.66,False,True,212,24,False
2024-04-18,Promotion - Playoffs,Philadelphia 76ers,Miami Heat,105,104,1.44,2.81,False,True,209,1,False
2024-04-18,Promotion - Playoffs,Chicago Bulls,Atlanta Hawks,131,116,1.66,2.25,False,True,247,15,False
2024-04-20,Promotion - Playoffs,New Orleans Pelicans,Sacramento Kings,105,98,1.82,2.02,False,True,203,7,False
2024-04-20,Promotion - Playoffs,Miami Heat,Chicago Bulls,112,91,1.74,2.12,False,True,203,21,False
2024-04-21,Playoffs,Denver Nuggets,Los Angeles Lakers,114,103,1.37,3.12,False,True,217,11,False
2024-04-21,Playoffs,Cleveland Cavaliers,Orlando Magic,97,83,1.44,2.8,False,True,180,14,False
2024-04-21,Playoffs,Minnesota Timberwolves,Phoenix Suns,120,95,1.74,2.13,False,True,215,25,False
2024-04-21,Playoffs,New York Knicks,Philadelphia 76ers,111,104,1.52,2.57,False,True,215,7,False
2024-04-22,Playoffs,Boston Celtics,Miami Heat,114,94,1.09,7.64,False,True,208,20,False
2024-04-22,Playoffs,Los Angeles Clippers,Dallas Mavericks,109,97,2.37,1.61,False,True,206,12,False
2024-04-22,Playoffs,Milwaukee Bucks,Indiana Pacers,109,94,1.99,1.85,False,True,203,15,False
2024-04-22,Playoffs,Oklahoma City Thunder,New Orleans Pelicans,94,92,1.24,4.03,False,True,186,2,False
2024-04-23,Playoffs,Denver Nuggets,Los Angeles Lakers,101,99,1.34,3.29,False,True,200,2,False
2024-04-23,Playoffs,New York Knicks,Philadelphia 76ers,104,101,1.54,2.52,False,True,205,3,False
2024-04-23,Playoffs,Cleveland Cavaliers,Orlando Magic,96,86,1.47,2.74,False,True,182,10,False
2024-04-24,Playoffs,Los Angeles Clippers,Dallas Mavericks,93,96,1.83,2.01,False,False,189,-3,False
2024-04-24,Playoffs,Minnesota Timberwolves,Phoenix Suns,105,93,1.66,2.26,False,True,198,12,False
2024-04-24,Playoffs,Milwaukee Bucks,Indiana Pacers,108,125,1.86,1.97,False,False,233,-17,False
2024-04-25,Playoffs,Boston Celtics,Miami Heat,101,111,1.09,7.6,False,False,212,-10,False
2024-04-25,Playoffs,Oklahoma City Thunder,New Orleans Pelicans,124,92,1.33,3.34,False,True,216,32,False
2024-04-26,Playoffs,Orlando Magic,Cleveland Cavaliers,121,83,1.67,2.24,False,True,204,38,False
2024-04-26,Playoffs,Philadelphia 76ers,New York Knicks,125,114,1.42,2.91,False,True,239,11,False
2024-04-26,Playoffs,Los Angeles Lakers,Denver Nuggets,105,112,1.83,2.01,False,False,217,-7,False
2024-04-27,Playoffs,Indiana Pacers,Milwaukee Bucks,121,118,1.37,3.14,True,True,239,3,False
2024-04-27,Playoffs,Dallas Mavericks,Los Angeles Clippers,101,90,1.52,2.58,False,True,191,11,False
2024-04-27,Playoffs,Phoenix Suns,Minnesota Timberwolves,109,126,1.39,3.07,False,False,235,-17,False
2024-04-28,Playoffs,Los Angeles Lakers,Denver Nuggets,119,108,2.3,1.64,False,True,227,11,False
2024-04-28,Playoffs,Orlando Magic,Cleveland Cavaliers,112,89,1.72,2.15,False,True,201,23,False
2024-04-28,Playoffs,New Orleans Pelicans,Oklahoma City Thunder,85,106,2.03,1.81,False,False,191,-21,False
2024-04-28,Playoffs,Miami Heat,Boston Celtics,84,104,4.33,1.22,False,False,188,-20,False
2024-04-29,Playoffs,Philadelphia 76ers,New York Knicks,92,97,1.48,2.71,False,False,189,-5,False
2024-04-29,Playoffs,Dallas Mavericks,Los Angeles Clippers,111,116,1.34,3.27,False,False,227,-5,False
2024-04-29,Playoffs,Indiana Pacers,Milwaukee Bucks,126,113,1.22,4.44,False,True,239,13,False
2024-04-29,Playoffs,Phoenix Suns,Minnesota Timberwolves,116,122,1.87,1.95,False,False,238,-6,False
2024-04-30,Playoffs,New Orleans Pelicans,Oklahoma City Thunder,89,97,2.56,1.52,False,False,186,-8,False
2024-04-30,Playoffs,Denver Nuggets,Los Angeles Lakers,108,106,1.39,3.01,False,True,214,2,False
2024-04-30,Playoffs,Miami Heat,Boston Celtics,88,102,4.79,1.19,False,False,190,-14,False
2024-05-01,Playoffs,New York Knicks,Philadelphia 76ers,106,112,1.57,2.43,True,False,218,-6,False
2024-05-01,Playoffs,Cleveland Cavaliers,Orlando Magic,104,103,1.52,2.57,False,True,207,1,False
2024-05-01,Playoffs,Milwaukee Bucks,Indiana Pacers,115,92,2.61,1.5,False,True,207,23,False
2024-05-02,Playoffs,Boston Celtics,Miami Heat,118,84,1.09,7.41,False,True,202,34,False
2024-05-02,Playoffs,Los Angeles Clippers,Dallas Mavericks,93,123,2.19,1.7,False,False,216,-30,False
2024-05-03,Playoffs,Philadelphia 76ers,New York Knicks,115,118,1.65,2.28,False,False,233,-3,False
2024-05-03,Playoffs,Indiana Pacers,Milwaukee Bucks,120,98,1.41,2.96,False,True,218,22,False
2024-05-04,Playoffs,Dallas Mavericks,Los Angeles Clippers,114,101,1.28,3.72,False,True,215,13,False
2024-05-04,Playoffs,Orlando Magic,Cleveland Cavaliers,103,96,1.54,2.52,False,True,199,7,False
2024-05-05,Playoffs,Denver Nuggets,Minnesota Timberwolves,99,106,1.53,2.53,False,False,205,-7,False
2024-05-06,Playoffs,Cleveland Cavaliers,Orlando Magic,106,94,1.6,2.35,False,True,200,12,False
2024-05-07,Playoffs,New York Knicks,Indiana Pacers,121,117,1.41,2.92,False,True,238,4,False
2024-05-07,Playoffs,Denver Nuggets,Minnesota Timberwolves,80,106,1.32,3.38,False,False,186,-26,False
2024-05-08,Playoffs,Boston Celtics,Cleveland Cavaliers,120,95,1.13,6.28,False,True,215,25,False
2024-05-08,Playoffs,Oklahoma City Thunder,Dallas Mavericks,117,95,1.55,2.5,False,True,212,22,False
2024-05-09,Playoffs,New York Knicks,Indiana Pacers,130,121,1.55,2.5,False,True,251,9,False
2024-05-10,Playoffs,Boston Celtics,Cleveland Cavaliers,94,118,1.11,6.88,False,False,212,-24,False
2024-05-10,Playoffs,Oklahoma City Thunder,Dallas Mavericks,110,119,1.5,2.63,False,False,229,-9,False
2024-05-11,Playoffs,Indiana Pacers,New York Knicks,111,106,1.34,3.32,False,True,217,5,False
2024-05-11,Playoffs,Minnesota Timberwolves,Denver Nuggets,90,117,1.63,2.31,False,False,207,-27,False
2024-05-12,Playoffs,Dallas Mavericks,Oklahoma City Thunder,105,101,1.82,2.02,False,True,206,4,False
2024-05-12,Playoffs,Cleveland Cavaliers,Boston Celtics,93,106,3.49,1.32,False,False,199,-13,False
2024-05-13,Playoffs,Indiana Pacers,New York Knicks,121,89,1.44,2.84,False,True,210,32,False
2024-05-13,Playoffs,Minnesota Timberwolves,Denver Nuggets,107,115,1.56,2.46,False,False,222,-8,False
2024-05-14,Playoffs,Cleveland Cavaliers,Boston Celtics,102,109,5.97,1.14,False,False,211,-7,False
2024-05-14,Playoffs,Dallas Mavericks,Oklahoma City Thunder,96,100,1.84,2.0,False,False,196,-4,False
2024-05-15,Playoffs,New York Knicks,Indiana Pacers,121,91,1.84,2.0,False,True,212,30,False
2024-05-15,Playoffs,Denver Nuggets,Minnesota Timberwolves,112,97,1.53,2.55,False,True,209,15,False
2024-05-16,Playoffs,Boston Celtics,Cleveland Cavaliers,113,98,1.06,10.04,False,True,211,15,False
2024-05-16,Playoffs,Oklahoma City Thunder,Dallas Mavericks,92,104,1.53,2.56,False,False,196,-12,False
2024-05-17,Playoffs,Minnesota Timberwolves,Denver Nuggets,115,70,1.77,2.09,False,True,185,45,False
2024-05-18,Playoffs,Indiana Pacers,New York Knicks,116,103,1.5,2.63,False,True,219,13,False
2024-05-19,Playoffs,Dallas Mavericks,Oklahoma City Thunder,117,116,1.57,2.47,False,True,233,1,False
2024-05-20,Playoffs,New York Knicks,Indiana Pacers,109,130,1.67,2.26,False,False,239,-21,False
2024-05-20,Playoffs,Denver Nuggets,Minnesota Timberwolves,90,98,1.52,2.6,False,False,188,-8,False
2024-05-22,Playoffs,Boston Celtics,Indiana Pacers,133,128,1.24,4.25,True,True,261,5,False
2024-05-23,Playoffs,Minnesota Timberwolves,Dallas Mavericks,105,108,1.51,2.6,False,False,213,-3,False
2024-05-24,Playoffs,Boston Celtics,Indiana Pacers,126,110,1.26,3.99,False,True,236,16,False
2024-05-25,Playoffs,Minnesota Timberwolves,Dallas Mavericks,108,109,1.4,3.04,False,False,217,-1,False
2024-05-26,Playoffs,Indiana Pacers,Boston Celtics,111,114,3.27,1.36,False,False,225,-3,False
2024-05-27,Playoffs,Dallas Mavericks,Minnesota Timberwolves,116,107,1.83,2.0,False,True,223,9,False
2024-05-28,Playoffs,Indiana Pacers,Boston Celtics,102,105,3.29,1.35,False,False,207,-3,False
2024-05-29,Playoffs,Dallas Mavericks,Minnesota Timberwolves,100,105,1.84,2.01,False,False,205,-5,False
2024-05-31,Playoffs,Minnesota Timberwolves,Dallas Mavericks,103,124,1.5,2.64,False,False,227,-21,False
2024-06-07,Playoffs,Boston Celtics,Dallas Mavericks,107,89,1.42,2.96,False,True,196,18,False
2024-06-10,Playoffs,Boston Celtics,Dallas Mavericks,105,98,1.38,3.13,False,True,203,7,False
2024-06-13,Playoffs,Dallas Mavericks,Boston Celtics,99,106,1.69,2.21,False,False,205,-7,False
2024-06-15,Playoffs,Dallas Mavericks,Boston Celtics,122,84,1.95,1.88,False,True,206,38,False
2024-06-18,Playoffs,Boston Celtics,Dallas Mavericks,106,88,1.36,3.2,False,True,194,18,False
