date,round,home_team,away_team,home_score,away_score,home_odds,away_odds,overtime,home_win,total_points,point_diff
2016-10-05,Pre-season,Washington Wizards,Miami Heat,95,106,1.51,2.56,False,False,201,-11
2016-10-05,Pre-season,Golden State Warriors,Los Angeles Clippers,120,75,1.41,2.91,False,True,195,45
2016-10-05,Pre-season,Los Angeles Lakers,Sacramento Kings,103,84,1.66,2.22,False,True,187,19
2016-10-05,Pre-season,Philadelphia 76ers,Boston Celtics,92,89,3.05,1.37,False,True,181,3
2016-10-05,Pre-season,New Orleans Pelicans,Indiana Pacers,96,113,1.48,2.62,False,False,209,-17
2016-10-05,Pre-season,Houston Rockets,New York Knicks,130,103,1.6,2.35,False,True,233,27
2016-10-06,Pre-season,Phoenix Suns,Utah Jazz,99,104,2.32,1.63,False,False,203,-5
2016-10-06,Pre-season,Cleveland Cavaliers,Orlando Magic,117,102,1.48,2.68,False,True,219,15
2016-10-06,Pre-season,Los Angeles Clippers,Toronto Raptors,104,98,1.69,2.2,False,True,202,6
2016-10-07,Pre-season,Philadelphia 76ers,Washington Wizards,119,125,2.33,1.64,True,False,244,-6
2016-10-07,Pre-season,Indiana Pacers,Chicago Bulls,115,108,1.57,2.5,False,True,223,7
2016-10-07,Pre-season,Brooklyn Nets,Detroit Pistons,101,94,2.48,1.57,False,True,195,7
2016-10-07,Pre-season,Charlotte Hornets,Boston Celtics,92,107,2.59,1.53,False,False,199,-15
2016-10-07,Pre-season,Memphis Grizzlies,Atlanta Hawks,83,104,1.6,2.42,False,False,187,-21
2016-10-07,Pre-season,Golden State Warriors,Sacramento Kings,105,96,1.14,6.19,False,True,201,9
2016-10-08,Pre-season,Portland Trail Blazers,Phoenix Suns,115,110,1.51,2.68,False,True,225,5
2016-10-08,Pre-season,Los Angeles Lakers,Denver Nuggets,97,101,1.61,2.4,False,False,198,-4
2016-10-09,Pre-season,Houston Rockets,New Orleans Pelicans,123,117,1.5,2.58,False,True,240,6
2016-10-09,Pre-season,San Antonio Spurs,Atlanta Hawks,102,91,1.51,2.66,False,True,193,11
2016-10-09,Pre-season,Milwaukee Bucks,Dallas Mavericks,88,74,1.59,2.46,False,True,162,14
2016-10-09,Pre-season,Cleveland Cavaliers,Philadelphia 76ers,108,105,1.36,3.27,False,True,213,3
2016-10-09,Pre-season,Chicago Bulls,Indiana Pacers,121,105,1.54,2.58,False,True,226,16
2016-10-09,Pre-season,New York Knicks,Brooklyn Nets,116,98,1.51,2.67,False,True,214,18
2016-10-09,Pre-season,Miami Heat,Minnesota Timberwolves,100,109,2.12,1.77,False,False,209,-9
2016-10-09,Pre-season,Boston Celtics,Charlotte Hornets,104,86,1.59,2.45,False,True,190,18
2016-10-10,Pre-season,Los Angeles Lakers,Denver Nuggets,124,115,1.52,2.6,False,True,239,9
2016-10-11,Pre-season,Atlanta Hawks,Cleveland Cavaliers,99,93,1.28,3.72,False,True,192,6
2016-10-11,Pre-season,Los Angeles Clippers,Utah Jazz,94,96,1.33,3.35,False,False,190,-2
2016-10-11,Pre-season,Detroit Pistons,San Antonio Spurs,81,86,1.68,2.21,False,False,167,-5
2016-10-11,Pre-season,Charlotte Hornets,Minnesota Timberwolves,98,86,1.55,2.49,False,True,184,12
2016-10-11,Pre-season,New York Knicks,Washington Wizards,90,88,1.56,2.47,False,True,178,2
2016-10-12,Pre-season,Miami Heat,Brooklyn Nets,121,100,1.44,2.81,False,True,221,21
2016-10-12,Pre-season,Memphis Grizzlies,Philadelphia 76ers,121,91,1.45,2.78,False,True,212,30
2016-10-12,Pre-season,Dallas Mavericks,Oklahoma City Thunder,114,109,1.66,2.25,False,True,223,5
2016-10-12,Pre-season,Los Angeles Lakers,Portland Trail Blazers,106,109,2.44,1.58,True,False,215,-3
2016-10-12,Pre-season,New Orleans Pelicans,Houston Rockets,104,116,3.07,1.39,False,False,220,-12
2016-10-13,Pre-season,Minnesota Timberwolves,Denver Nuggets,105,88,1.46,2.73,False,True,193,17
2016-10-13,Pre-season,Utah Jazz,Phoenix Suns,110,111,1.49,2.67,False,False,221,-1
2016-10-13,Pre-season,Orlando Magic,San Antonio Spurs,89,95,2.24,1.65,False,False,184,-6
2016-10-13,Pre-season,Indiana Pacers,Milwaukee Bucks,101,83,1.45,2.8,False,True,184,18
2016-10-14,Pre-season,Washington Wizards,Philadelphia 76ers,100,79,1.44,2.81,False,True,179,21
2016-10-14,Pre-season,Brooklyn Nets,Boston Celtics,97,100,2.71,1.47,False,False,197,-3
2016-10-14,Pre-season,Atlanta Hawks,Detroit Pistons,94,99,1.42,2.9,False,False,193,-5
2016-10-14,Pre-season,Oklahoma City Thunder,Memphis Grizzlies,94,110,1.6,2.38,False,False,204,-16
2016-10-14,Pre-season,Cleveland Cavaliers,Toronto Raptors,94,119,1.5,2.61,False,False,213,-25
2016-10-14,Pre-season,Los Angeles Lakers,Sacramento Kings,104,116,1.52,2.55,False,False,220,-12
2016-10-14,Pre-season,Los Angeles Clippers,Portland Trail Blazers,109,108,1.49,2.66,False,True,217,1
2016-10-15,Pre-season,Phoenix Suns,Dallas Mavericks,112,107,2.05,1.81,False,True,219,5
2016-10-15,Pre-season,Denver Nuggets,Golden State Warriors,128,129,3.66,1.3,True,False,257,-1
2016-10-15,Pre-season,Chicago Bulls,Cleveland Cavaliers,118,108,1.33,3.43,False,True,226,10
2016-10-15,Pre-season,Orlando Magic,Indiana Pacers,114,106,2.37,1.61,False,True,220,8
2016-10-15,Pre-season,San Antonio Spurs,Miami Heat,100,108,1.39,3.13,False,False,208,-8
2016-10-16,Pre-season,Sacramento Kings,Washington Wizards,124,119,1.93,1.88,False,True,243,5
2016-10-16,Pre-season,Philadelphia 76ers,Detroit Pistons,76,97,2.41,1.58,False,False,173,-21
2016-10-16,Pre-season,Miami Heat,Minnesota Timberwolves,96,101,3.05,1.39,False,False,197,-5
2016-10-16,Pre-season,New York Knicks,Boston Celtics,107,119,2.21,1.68,False,False,226,-12
2016-10-16,Pre-season,Houston Rockets,Memphis Grizzlies,125,134,1.54,2.52,True,False,259,-9
2016-10-16,Pre-season,Milwaukee Bucks,Chicago Bulls,86,107,1.45,2.79,False,False,193,-21
2016-10-16,Pre-season,Los Angeles Lakers,Golden State Warriors,107,112,2.78,1.45,False,False,219,-5
2016-10-17,Pre-season,Portland Trail Blazers,Denver Nuggets,97,106,1.43,2.85,False,False,203,-9
2016-10-17,Pre-season,Orlando Magic,Atlanta Hawks,98,105,1.45,2.8,False,False,203,-7
2016-10-17,Pre-season,Oklahoma City Thunder,Minnesota Timberwolves,112,94,1.37,3.12,False,True,206,18
2016-10-18,Pre-season,Detroit Pistons,Milwaukee Bucks,102,78,1.41,2.93,False,True,180,24
2016-10-18,Pre-season,Boston Celtics,Brooklyn Nets,120,99,1.29,3.61,False,True,219,21
2016-10-18,Pre-season,Chicago Bulls,Charlotte Hornets,104,108,1.44,2.81,True,False,212,-4
2016-10-18,Pre-season,Utah Jazz,Los Angeles Clippers,104,78,1.49,2.65,False,True,182,26
2016-10-19,Pre-season,Oklahoma City Thunder,Denver Nuggets,97,87,1.42,2.89,False,True,184,10
2016-10-19,Pre-season,Sacramento Kings,Los Angeles Clippers,89,92,2.29,1.64,False,False,181,-3
2016-10-19,Pre-season,Miami Heat,Orlando Magic,107,77,1.61,2.34,False,True,184,30
2016-10-19,Pre-season,Cleveland Cavaliers,Washington Wizards,91,96,1.39,3.02,False,False,187,-5
2016-10-19,Pre-season,Atlanta Hawks,New Orleans Pelicans,96,89,1.33,3.38,False,True,185,7
2016-10-20,Pre-season,Detroit Pistons,Toronto Raptors,92,103,1.64,2.28,False,False,195,-11
2016-10-20,Pre-season,Boston Celtics,New York Knicks,96,121,1.49,2.64,False,False,217,-25
2016-10-20,Pre-season,Minnesota Timberwolves,Memphis Grizzlies,101,94,1.46,2.74,False,True,195,7
2016-10-20,Pre-season,Milwaukee Bucks,Indiana Pacers,111,103,2.42,1.58,False,True,214,8
2016-10-20,Pre-season,Dallas Mavericks,Houston Rockets,91,106,1.62,2.32,False,False,197,-15
2016-10-20,Pre-season,Utah Jazz,Portland Trail Blazers,84,88,1.47,2.72,False,False,172,-4
2016-10-20,Pre-season,Los Angeles Lakers,Golden State Warriors,112,123,4.59,1.2,False,False,235,-11
2016-10-21,Pre-season,Chicago Bulls,Atlanta Hawks,81,97,1.64,2.3,False,False,178,-16
2016-10-21,Pre-season,Charlotte Hornets,Miami Heat,96,88,1.45,2.78,False,True,184,8
2016-10-21,Pre-season,Orlando Magic,New Orleans Pelicans,114,111,1.48,2.68,True,True,225,3
2016-10-21,Pre-season,Brooklyn Nets,New York Knicks,111,116,2.19,1.69,False,False,227,-5
2016-10-22,Pre-season,Washington Wizards,Toronto Raptors,119,82,1.72,2.19,False,True,201,37
2016-10-22,Pre-season,Miami Heat,Philadelphia 76ers,110,113,1.29,3.75,False,False,223,-3
2016-10-22,Pre-season,Minnesota Timberwolves,Charlotte Hornets,109,74,1.36,3.29,False,True,183,35
2016-10-22,Pre-season,San Antonio Spurs,Houston Rockets,114,99,1.33,3.49,False,True,213,15
2016-10-22,Pre-season,Denver Nuggets,Dallas Mavericks,101,75,1.57,2.5,False,True,176,26
2016-10-22,Pre-season,Los Angeles Lakers,Phoenix Suns,94,98,1.68,2.25,False,False,192,-4
2016-10-22,Pre-season,Golden State Warriors,Portland Trail Blazers,107,96,1.16,5.73,False,True,203,11
2016-10-26,,Golden State Warriors,San Antonio Spurs,100,129,1.25,4.16,False,False,229,-29
2016-10-26,,Cleveland Cavaliers,New York Knicks,117,88,1.18,4.97,False,True,205,29
2016-10-26,,Portland Trail Blazers,Utah Jazz,113,104,1.39,3.09,False,True,217,9
2016-10-27,,Los Angeles Lakers,Houston Rockets,120,114,3.02,1.41,False,True,234,6
2016-10-27,,Milwaukee Bucks,Charlotte Hornets,96,107,2.0,1.84,False,False,203,-11
2016-10-27,,New Orleans Pelicans,Denver Nuggets,102,107,1.82,2.03,False,False,209,-5
2016-10-27,,Memphis Grizzlies,Minnesota Timberwolves,102,98,2.04,1.81,False,True,200,4
2016-10-27,,Phoenix Suns,Sacramento Kings,94,113,1.67,2.28,False,False,207,-19
2016-10-27,,Boston Celtics,Brooklyn Nets,122,117,1.11,7.18,False,True,239,5
2016-10-27,,Toronto Raptors,Detroit Pistons,109,91,1.33,3.36,False,True,200,18
2016-10-27,,Indiana Pacers,Dallas Mavericks,130,121,1.41,3.0,True,True,251,9
2016-10-27,,Orlando Magic,Miami Heat,96,108,1.64,2.33,False,False,204,-12
2016-10-27,,Philadelphia 76ers,Oklahoma City Thunder,97,103,4.78,1.19,False,False,200,-6
2016-10-28,,Atlanta Hawks,Washington Wizards,114,99,1.56,2.51,False,True,213,15
2016-10-28,,Chicago Bulls,Boston Celtics,105,99,1.87,1.96,False,True,204,6
2016-10-28,,Sacramento Kings,San Antonio Spurs,94,102,3.96,1.26,False,False,196,-8
2016-10-28,,Portland Trail Blazers,Los Angeles Clippers,106,114,2.18,1.71,False,False,220,-8
2016-10-29,,New Orleans Pelicans,Golden State Warriors,114,122,7.13,1.11,False,False,236,-8
2016-10-29,,Utah Jazz,Los Angeles Lakers,96,89,1.21,4.62,False,True,185,7
2016-10-29,,Miami Heat,Charlotte Hornets,91,97,1.96,1.88,False,False,188,-6
2016-10-29,,Dallas Mavericks,Houston Rockets,98,106,2.1,1.77,False,False,204,-8
2016-10-29,,Brooklyn Nets,Indiana Pacers,103,94,2.95,1.42,False,True,197,9
2016-10-29,,Detroit Pistons,Orlando Magic,108,82,1.55,2.47,False,True,190,26
2016-10-29,,Toronto Raptors,Cleveland Cavaliers,91,94,2.27,1.65,False,False,185,-3
2016-10-29,,Oklahoma City Thunder,Phoenix Suns,113,110,1.26,4.0,True,True,223,3
2016-10-30,,Sacramento Kings,Minnesota Timberwolves,106,103,1.89,1.95,False,True,209,3
2016-10-30,,Chicago Bulls,Indiana Pacers,118,101,1.61,2.28,False,True,219,17
2016-10-30,,Denver Nuggets,Portland Trail Blazers,113,115,2.01,1.85,True,False,228,-2
2016-10-30,,Milwaukee Bucks,Brooklyn Nets,110,108,1.25,3.85,False,True,218,2
2016-10-30,,Cleveland Cavaliers,Orlando Magic,105,99,1.12,6.83,False,True,204,6
2016-10-30,,New York Knicks,Memphis Grizzlies,111,104,1.7,2.22,False,True,215,7
2016-10-30,,Charlotte Hornets,Boston Celtics,98,104,2.25,1.67,False,False,202,-6
2016-10-30,,Philadelphia 76ers,Atlanta Hawks,72,104,3.98,1.26,False,False,176,-32
2016-10-30,,San Antonio Spurs,New Orleans Pelicans,98,79,1.05,9.41,False,True,177,19
2016-10-31,,Los Angeles Clippers,Utah Jazz,88,75,1.3,3.64,False,True,163,13
2016-10-31,,Miami Heat,San Antonio Spurs,99,106,3.16,1.37,False,False,205,-7
2016-10-31,,Phoenix Suns,Golden State Warriors,100,106,7.14,1.1,False,False,206,-6
2016-10-31,,Detroit Pistons,Milwaukee Bucks,98,83,1.27,3.89,False,True,181,15
2016-10-31,,Oklahoma City Thunder,Los Angeles Lakers,113,96,1.23,4.4,False,True,209,17
2016-10-31,,Memphis Grizzlies,Washington Wizards,112,103,2.33,1.63,True,True,215,9
2016-10-31,,Houston Rockets,Dallas Mavericks,93,92,1.52,2.61,False,True,185,1
2016-11-01,,Atlanta Hawks,Sacramento Kings,106,95,1.33,3.45,False,True,201,11
2016-11-01,,Los Angeles Clippers,Phoenix Suns,116,98,1.09,8.36,False,True,214,18
2016-11-01,,Toronto Raptors,Denver Nuggets,105,102,1.33,3.42,False,True,207,3
2016-11-01,,Brooklyn Nets,Chicago Bulls,88,118,3.3,1.34,False,False,206,-30
2016-11-02,,Cleveland Cavaliers,Houston Rockets,128,120,1.19,4.97,False,True,248,8
2016-11-02,,Philadelphia 76ers,Orlando Magic,101,103,2.78,1.46,False,False,204,-2
2016-11-02,,Indiana Pacers,Los Angeles Lakers,115,108,1.22,4.46,False,True,223,7
2016-11-02,,Miami Heat,Sacramento Kings,108,96,1.58,2.44,True,True,204,12
2016-11-02,,Detroit Pistons,New York Knicks,102,89,1.56,2.5,False,True,191,13
2016-11-02,,New Orleans Pelicans,Milwaukee Bucks,113,117,1.6,2.41,False,False,230,-4
2016-11-02,,Minnesota Timberwolves,Memphis Grizzlies,116,80,1.33,3.47,False,True,196,36
2016-11-02,,San Antonio Spurs,Utah Jazz,91,106,1.18,5.24,False,False,197,-15
2016-11-02,,Portland Trail Blazers,Golden State Warriors,104,127,2.77,1.45,False,False,231,-23
2016-11-03,,Los Angeles Clippers,Oklahoma City Thunder,83,85,1.31,3.57,False,False,168,-2
2016-11-03,,Phoenix Suns,Portland Trail Blazers,118,115,2.28,1.66,True,True,233,3
2016-11-03,,Utah Jazz,Dallas Mavericks,97,81,1.62,2.36,False,True,178,16
2016-11-03,,Boston Celtics,Chicago Bulls,107,100,1.64,2.32,False,True,207,7
2016-11-03,,Charlotte Hornets,Philadelphia 76ers,109,93,1.08,9.02,False,True,202,16
2016-11-03,,Atlanta Hawks,Los Angeles Lakers,116,123,1.11,7.3,False,False,239,-7
2016-11-03,,Brooklyn Nets,Detroit Pistons,109,101,2.51,1.56,False,True,210,8
2016-11-03,,New York Knicks,Houston Rockets,99,118,1.9,1.94,False,False,217,-19
2016-11-03,,Washington Wizards,Toronto Raptors,103,113,1.94,1.89,False,False,216,-10
2016-11-03,,Memphis Grizzlies,New Orleans Pelicans,89,83,1.42,2.97,True,True,172,6
2016-11-04,,Golden State Warriors,Oklahoma City Thunder,122,96,1.1,7.55,False,True,218,26
2016-11-04,,Cleveland Cavaliers,Boston Celtics,128,122,1.14,6.24,False,True,250,6
2016-11-04,,Milwaukee Bucks,Indiana Pacers,125,107,2.25,1.68,False,True,232,18
2016-11-04,,Orlando Magic,Sacramento Kings,102,94,1.93,1.9,False,True,196,8
2016-11-04,,Minnesota Timberwolves,Denver Nuggets,99,102,1.63,2.35,False,False,201,-3
2016-11-05,,Utah Jazz,San Antonio Spurs,86,100,2.51,1.56,False,False,186,-14
2016-11-05,,Dallas Mavericks,Portland Trail Blazers,95,105,2.3,1.65,False,False,200,-10
2016-11-05,,Chicago Bulls,New York Knicks,104,117,1.3,3.66,False,False,221,-13
2016-11-05,,Los Angeles Lakers,Golden State Warriors,117,97,6.87,1.11,False,True,214,20
2016-11-05,,New Orleans Pelicans,Phoenix Suns,111,112,1.68,2.26,True,False,223,-1
2016-11-05,,Brooklyn Nets,Charlotte Hornets,95,99,3.33,1.35,False,False,194,-4
2016-11-05,,Toronto Raptors,Miami Heat,96,87,1.31,3.58,False,True,183,9
2016-11-05,,Washington Wizards,Atlanta Hawks,95,92,1.87,1.97,False,True,187,3
2016-11-05,,Memphis Grizzlies,Los Angeles Clippers,88,99,2.96,1.41,False,False,187,-11
2016-11-06,,Oklahoma City Thunder,Minnesota Timberwolves,112,92,1.47,2.75,False,True,204,20
2016-11-06,,Orlando Magic,Washington Wizards,88,86,1.39,3.12,False,True,174,2
2016-11-06,,Detroit Pistons,Denver Nuggets,103,86,1.49,2.68,False,True,189,17
2016-11-06,,Philadelphia 76ers,Cleveland Cavaliers,101,102,9.14,1.08,False,False,203,-1
2016-11-06,,Indiana Pacers,Chicago Bulls,111,94,1.62,2.34,False,True,205,17
2016-11-06,,Atlanta Hawks,Houston Rockets,112,97,1.65,2.31,False,True,209,15
2016-11-06,,Milwaukee Bucks,Sacramento Kings,117,91,1.61,2.38,False,True,208,26
2016-11-06,,San Antonio Spurs,Los Angeles Clippers,92,116,1.48,2.73,False,False,208,-24
2016-11-07,,Los Angeles Lakers,Phoenix Suns,119,108,1.57,2.48,False,True,227,11
2016-11-07,,Boston Celtics,Denver Nuggets,107,123,1.32,3.52,False,False,230,-16
2016-11-07,,Toronto Raptors,Sacramento Kings,91,96,1.27,4.1,False,False,187,-5
2016-11-07,,New York Knicks,Utah Jazz,109,114,2.17,1.71,False,False,223,-5
2016-11-07,,Memphis Grizzlies,Portland Trail Blazers,94,100,1.91,1.91,False,False,194,-6
2016-11-07,,Dallas Mavericks,Milwaukee Bucks,86,75,1.7,2.21,True,True,161,11
2016-11-08,,Philadelphia 76ers,Utah Jazz,84,109,2.86,1.44,False,False,193,-25
2016-11-08,,Washington Wizards,Houston Rockets,106,114,1.89,1.95,False,False,220,-8
2016-11-08,,Charlotte Hornets,Indiana Pacers,122,100,1.68,2.25,False,True,222,22
2016-11-08,,Oklahoma City Thunder,Miami Heat,97,85,1.43,2.9,False,True,182,12
2016-11-08,,Chicago Bulls,Orlando Magic,112,80,1.34,3.36,False,True,192,32
2016-11-08,,Golden State Warriors,New Orleans Pelicans,116,106,1.02,18.01,False,True,222,10
2016-11-08,,Los Angeles Clippers,Detroit Pistons,114,82,1.23,4.33,False,True,196,32
2016-11-09,,Los Angeles Lakers,Dallas Mavericks,97,109,1.53,2.58,False,False,206,-12
2016-11-09,,Sacramento Kings,New Orleans Pelicans,102,94,1.36,3.27,False,True,196,8
2016-11-09,,Cleveland Cavaliers,Atlanta Hawks,106,110,1.27,3.87,False,False,216,-4
2016-11-09,,Memphis Grizzlies,Denver Nuggets,108,107,1.58,2.45,False,True,215,1
2016-11-09,,Brooklyn Nets,Minnesota Timberwolves,119,110,2.52,1.55,False,True,229,9
2016-11-09,,Portland Trail Blazers,Phoenix Suns,124,121,1.25,4.17,False,True,245,3
2016-11-10,,San Antonio Spurs,Houston Rockets,99,101,1.24,4.32,False,False,200,-2
2016-11-10,,Golden State Warriors,Dallas Mavericks,116,95,1.02,16.7,False,True,211,21
2016-11-10,,Los Angeles Clippers,Portland Trail Blazers,111,80,1.14,6.08,False,True,191,31
2016-11-10,,Phoenix Suns,Detroit Pistons,107,100,2.51,1.56,False,True,207,7
2016-11-10,,Oklahoma City Thunder,Toronto Raptors,102,112,1.59,2.45,False,False,214,-10
2016-11-10,,Washington Wizards,Boston Celtics,118,93,1.83,2.01,False,True,211,25
2016-11-10,,New York Knicks,Brooklyn Nets,110,96,1.27,3.86,False,True,206,14
2016-11-10,,Charlotte Hornets,Utah Jazz,104,98,1.67,2.26,False,True,202,6
2016-11-10,,Indiana Pacers,Philadelphia 76ers,122,115,1.11,7.19,True,True,237,7
2016-11-10,,Orlando Magic,Minnesota Timberwolves,107,123,1.69,2.21,False,False,230,-16
2016-11-10,,Atlanta Hawks,Chicago Bulls,115,107,1.62,2.37,False,True,222,8
2016-11-11,,Milwaukee Bucks,New Orleans Pelicans,106,112,1.44,2.87,False,False,218,-6
2016-11-11,,Miami Heat,Chicago Bulls,95,98,1.86,1.98,False,False,193,-3
2016-11-11,,Denver Nuggets,Golden State Warriors,101,125,3.37,1.33,False,False,226,-24
2016-11-11,,Sacramento Kings,Los Angeles Lakers,91,101,1.46,2.78,False,False,192,-10
2016-11-12,,Washington Wizards,Cleveland Cavaliers,94,105,3.78,1.28,False,False,199,-11
2016-11-12,,Portland Trail Blazers,Sacramento Kings,122,120,1.31,3.58,True,True,242,2
2016-11-12,,San Antonio Spurs,Detroit Pistons,96,86,1.21,4.61,False,True,182,10
2016-11-12,,Oklahoma City Thunder,Los Angeles Clippers,108,110,2.66,1.5,False,False,218,-2
2016-11-12,,Orlando Magic,Utah Jazz,74,87,2.84,1.45,False,False,161,-13
2016-11-12,,Charlotte Hornets,Toronto Raptors,111,113,1.94,1.89,False,False,224,-2
2016-11-12,,Philadelphia 76ers,Indiana Pacers,109,105,2.74,1.47,True,True,214,4
2016-11-12,,Boston Celtics,New York Knicks,115,87,1.48,2.72,False,True,202,28
2016-11-13,,Milwaukee Bucks,Memphis Grizzlies,106,96,1.64,2.32,False,True,202,10
2016-11-13,,Chicago Bulls,Washington Wizards,106,95,1.17,5.35,False,True,201,11
2016-11-13,,Phoenix Suns,Brooklyn Nets,104,122,1.49,2.69,False,False,226,-18
2016-11-13,,Denver Nuggets,Detroit Pistons,95,106,1.47,2.77,False,False,201,-11
2016-11-13,,Houston Rockets,San Antonio Spurs,100,106,2.04,1.81,False,False,206,-6
2016-11-13,,Minnesota Timberwolves,Los Angeles Clippers,105,119,2.81,1.45,False,False,224,-14
2016-11-13,,Miami Heat,Utah Jazz,91,102,2.02,1.82,False,False,193,-11
2016-11-13,,Atlanta Hawks,Philadelphia 76ers,117,96,1.04,13.42,False,True,213,21
2016-11-13,,Toronto Raptors,New York Knicks,118,107,1.31,3.6,False,True,225,11
2016-11-13,,Indiana Pacers,Boston Celtics,99,105,2.09,1.77,False,False,204,-6
2016-11-13,,New Orleans Pelicans,Los Angeles Lakers,99,126,1.91,1.92,False,False,225,-27
2016-11-14,,Cleveland Cavaliers,Charlotte Hornets,100,93,1.29,3.73,False,True,193,7
2016-11-14,,Oklahoma City Thunder,Orlando Magic,117,119,1.19,4.97,False,False,236,-2
2016-11-14,,Minnesota Timberwolves,Los Angeles Lakers,125,99,1.89,1.95,False,True,224,26
2016-11-14,,Golden State Warriors,Phoenix Suns,133,120,1.03,16.3,False,True,253,13
2016-11-14,,Portland Trail Blazers,Denver Nuggets,112,105,1.3,3.67,False,True,217,7
2016-11-15,,Los Angeles Clippers,Brooklyn Nets,127,95,1.02,16.7,False,True,222,32
2016-11-15,,Utah Jazz,Memphis Grizzlies,96,102,1.38,3.13,False,False,198,-6
2016-11-15,,San Antonio Spurs,Miami Heat,94,90,1.12,6.71,False,True,184,4
2016-11-15,,Indiana Pacers,Orlando Magic,88,69,1.27,3.88,False,True,157,19
2016-11-15,,Houston Rockets,Philadelphia 76ers,115,88,1.12,6.72,False,True,203,27
2016-11-15,,New York Knicks,Dallas Mavericks,93,77,1.56,2.5,False,True,170,16
2016-11-15,,Detroit Pistons,Oklahoma City Thunder,104,88,1.99,1.85,False,True,192,16
2016-11-15,,New Orleans Pelicans,Boston Celtics,106,105,2.41,1.6,False,True,211,1
2016-11-16,,Portland Trail Blazers,Chicago Bulls,88,113,1.55,2.54,False,False,201,-25
2016-11-16,,Los Angeles Lakers,Brooklyn Nets,125,118,1.33,3.43,False,True,243,7
2016-11-16,,Miami Heat,Atlanta Hawks,90,93,3.32,1.35,False,False,183,-3
2016-11-16,,Cleveland Cavaliers,Toronto Raptors,121,117,1.4,3.01,False,True,238,4
2016-11-16,,Minnesota Timberwolves,Charlotte Hornets,108,115,1.95,1.88,False,False,223,-7
2016-11-17,,Los Angeles Clippers,Memphis Grizzlies,107,111,1.09,8.38,False,False,218,-4
2016-11-17,,Denver Nuggets,Phoenix Suns,120,104,1.54,2.56,False,True,224,16
2016-11-17,,Toronto Raptors,Golden State Warriors,121,127,3.02,1.4,False,False,248,-6
2016-11-17,,Oklahoma City Thunder,Houston Rockets,105,103,1.73,2.15,False,True,208,2
2016-11-17,,Sacramento Kings,San Antonio Spurs,105,110,2.82,1.44,False,False,215,-5
2016-11-17,,New York Knicks,Detroit Pistons,105,102,1.8,2.06,False,True,207,3
2016-11-17,,Atlanta Hawks,Milwaukee Bucks,107,100,1.46,2.74,False,True,207,7
2016-11-17,,Indiana Pacers,Cleveland Cavaliers,103,93,1.73,2.19,False,True,196,10
2016-11-17,,Orlando Magic,New Orleans Pelicans,89,82,1.31,3.55,False,True,171,7
2016-11-17,,Philadelphia 76ers,Washington Wizards,109,102,3.27,1.36,False,True,211,7
2016-11-17,,Boston Celtics,Dallas Mavericks,90,83,1.37,3.18,False,True,173,7
2016-11-18,,Washington Wizards,New York Knicks,119,112,1.46,2.74,False,True,231,7
2016-11-18,,Miami Heat,Milwaukee Bucks,96,73,1.59,2.42,False,True,169,23
2016-11-18,,Minnesota Timberwolves,Philadelphia 76ers,110,86,1.13,6.51,False,True,196,24
2016-11-18,,Houston Rockets,Portland Trail Blazers,126,109,1.47,2.76,False,True,235,17
2016-11-18,,Utah Jazz,Chicago Bulls,77,85,1.67,2.26,False,False,162,-8
2016-11-19,,Sacramento Kings,Los Angeles Clippers,115,121,4.21,1.24,False,False,236,-6
2016-11-19,,Los Angeles Lakers,San Antonio Spurs,107,116,3.84,1.28,False,False,223,-9
2016-11-19,,Denver Nuggets,Toronto Raptors,111,113,2.43,1.59,True,False,224,-2
2016-11-19,,Dallas Mavericks,Memphis Grizzlies,64,80,2.4,1.6,False,False,144,-16
2016-11-19,,Cleveland Cavaliers,Detroit Pistons,104,81,1.23,4.41,False,True,185,23
2016-11-19,,Oklahoma City Thunder,Brooklyn Nets,124,105,1.19,5.01,False,True,229,19
2016-11-19,,Boston Celtics,Golden State Warriors,88,104,4.26,1.24,False,False,192,-16
2016-11-19,,Indiana Pacers,Phoenix Suns,96,116,1.53,2.58,False,False,212,-20
2016-11-19,,Charlotte Hornets,Atlanta Hawks,100,96,1.74,2.15,False,True,196,4
2016-11-19,,New Orleans Pelicans,Portland Trail Blazers,113,101,1.95,1.89,False,True,214,12
2016-11-20,,Houston Rockets,Utah Jazz,111,102,1.33,3.43,False,True,213,9
2016-11-20,,Washington Wizards,Miami Heat,111,114,1.5,2.66,False,False,225,-3
2016-11-20,,Orlando Magic,Dallas Mavericks,95,87,1.28,3.85,False,True,182,8
2016-11-20,,New Orleans Pelicans,Charlotte Hornets,121,116,2.1,1.77,True,True,237,5
2016-11-20,,Detroit Pistons,Boston Celtics,92,94,1.77,2.1,False,False,186,-2
2016-11-20,,Philadelphia 76ers,Phoenix Suns,120,105,2.08,1.78,False,True,225,15
2016-11-20,,Memphis Grizzlies,Minnesota Timberwolves,93,71,1.97,1.86,False,True,164,22
2016-11-20,,Milwaukee Bucks,Golden State Warriors,121,124,4.53,1.22,False,False,245,-3
2016-11-20,,Los Angeles Clippers,Chicago Bulls,102,95,1.29,3.74,False,True,197,7
2016-11-21,,Los Angeles Lakers,Chicago Bulls,110,118,1.78,2.11,False,False,228,-8
2016-11-21,,Denver Nuggets,Utah Jazz,105,91,1.62,2.36,False,True,196,14
2016-11-21,,New York Knicks,Atlanta Hawks,104,94,2.58,1.54,False,True,198,10
2016-11-21,,Oklahoma City Thunder,Indiana Pacers,111,115,1.19,4.98,True,False,226,-4
2016-11-21,,Brooklyn Nets,Portland Trail Blazers,109,129,2.58,1.53,False,False,238,-20
2016-11-21,,Sacramento Kings,Toronto Raptors,102,99,2.38,1.61,False,True,201,3
2016-11-22,,Minnesota Timberwolves,Boston Celtics,93,99,2.03,1.82,False,False,192,-6
2016-11-22,,Los Angeles Clippers,Toronto Raptors,123,115,1.22,4.55,False,True,238,8
2016-11-22,,San Antonio Spurs,Dallas Mavericks,96,91,1.05,11.96,False,True,187,5
2016-11-22,,Milwaukee Bucks,Orlando Magic,93,89,1.37,3.23,False,True,182,4
2016-11-22,,Philadelphia 76ers,Miami Heat,101,94,2.56,1.54,False,True,195,7
2016-11-22,,Charlotte Hornets,Memphis Grizzlies,90,105,1.47,2.77,False,False,195,-15
2016-11-22,,Indiana Pacers,Golden State Warriors,83,120,13.02,1.04,False,False,203,-37
2016-11-22,,Washington Wizards,Phoenix Suns,106,101,1.28,3.81,False,True,207,5
2016-11-22,,Detroit Pistons,Houston Rockets,96,99,2.12,1.76,False,False,195,-3
2016-11-23,,New York Knicks,Portland Trail Blazers,107,103,1.81,2.05,False,True,210,4
2016-11-23,,Atlanta Hawks,New Orleans Pelicans,94,112,1.26,4.04,False,False,206,-18
2016-11-23,,Denver Nuggets,Chicago Bulls,110,107,2.05,1.8,False,True,217,3
2016-11-23,,Los Angeles Lakers,Oklahoma City Thunder,111,109,2.34,1.63,False,True,220,2
2016-11-24,,Houston Rockets,Toronto Raptors,102,115,1.56,2.52,False,False,217,-13
2016-11-24,,Golden State Warriors,Los Angeles Lakers,149,106,1.02,18.75,False,True,255,43
2016-11-24,,Sacramento Kings,Oklahoma City Thunder,116,101,1.75,2.13,False,True,217,15
2016-11-24,,Utah Jazz,Denver Nuggets,108,83,1.28,3.74,False,True,191,25
2016-11-24,,Brooklyn Nets,Boston Celtics,92,111,3.64,1.3,False,False,203,-19
2016-11-24,,New Orleans Pelicans,Minnesota Timberwolves,117,96,2.19,1.71,False,True,213,21
2016-11-24,,Indiana Pacers,Atlanta Hawks,85,96,1.99,1.85,False,False,181,-11
2016-11-24,,Detroit Pistons,Miami Heat,107,84,1.49,2.69,False,True,191,23
2016-11-24,,Orlando Magic,Phoenix Suns,87,92,1.54,2.56,False,False,179,-5
2016-11-24,,Philadelphia 76ers,Memphis Grizzlies,99,104,3.01,1.41,True,False,203,-5
2016-11-24,,Dallas Mavericks,Los Angeles Clippers,104,124,5.73,1.15,False,False,228,-20
2016-11-24,,Cleveland Cavaliers,Portland Trail Blazers,137,125,1.11,7.42,False,True,262,12
2016-11-24,,Charlotte Hornets,San Antonio Spurs,114,119,2.85,1.44,False,False,233,-5
2016-11-26,,Sacramento Kings,Houston Rockets,104,117,2.38,1.61,False,False,221,-13
2016-11-26,,Portland Trail Blazers,New Orleans Pelicans,119,104,1.53,2.6,False,True,223,15
2016-11-26,,Denver Nuggets,Oklahoma City Thunder,129,132,2.2,1.7,True,False,261,-3
2016-11-26,,Phoenix Suns,Minnesota Timberwolves,85,98,2.06,1.8,False,False,183,-13
2016-11-26,,Utah Jazz,Atlanta Hawks,95,68,1.62,2.37,False,True,163,27
2016-11-26,,Indiana Pacers,Brooklyn Nets,118,97,1.43,2.91,False,True,215,21
2016-11-26,,Los Angeles Lakers,Golden State Warriors,85,109,10.68,1.06,False,False,194,-24
2016-11-26,,Milwaukee Bucks,Toronto Raptors,99,105,2.38,1.61,False,False,204,-6
2016-11-26,,New York Knicks,Charlotte Hornets,113,111,2.07,1.79,True,True,224,2
2016-11-26,,Philadelphia 76ers,Chicago Bulls,89,105,4.6,1.21,False,False,194,-16
2016-11-26,,Cleveland Cavaliers,Dallas Mavericks,128,90,1.06,10.88,False,True,218,38
2016-11-26,,Detroit Pistons,Los Angeles Clippers,108,97,3.35,1.34,False,True,205,11
2016-11-26,,Orlando Magic,Washington Wizards,91,94,2.09,1.77,False,False,185,-3
2016-11-26,,Boston Celtics,San Antonio Spurs,103,109,2.3,1.65,False,False,212,-6
2016-11-26,,Memphis Grizzlies,Miami Heat,81,90,1.48,2.75,False,False,171,-9
2016-11-27,,Golden State Warriors,Minnesota Timberwolves,115,102,1.08,8.81,False,True,217,13
2016-11-27,,Oklahoma City Thunder,Detroit Pistons,106,88,1.54,2.57,False,True,194,18
2016-11-27,,Miami Heat,Memphis Grizzlies,107,110,2.02,1.83,False,False,217,-3
2016-11-27,,Charlotte Hornets,New York Knicks,107,102,1.42,2.94,False,True,209,5
2016-11-27,,Washington Wizards,San Antonio Spurs,100,112,3.21,1.37,False,False,212,-12
2016-11-28,,Portland Trail Blazers,Houston Rockets,114,130,2.1,1.77,False,False,244,-16
2016-11-28,,Dallas Mavericks,New Orleans Pelicans,91,81,2.79,1.46,False,True,172,10
2016-11-28,,Brooklyn Nets,Sacramento Kings,105,122,2.72,1.49,False,False,227,-17
2016-11-28,,Los Angeles Lakers,Atlanta Hawks,109,94,2.72,1.48,False,True,203,15
2016-11-28,,Orlando Magic,Milwaukee Bucks,96,104,1.84,2.01,False,False,200,-8
2016-11-28,,Philadelphia 76ers,Cleveland Cavaliers,108,112,6.75,1.12,False,False,220,-4
2016-11-28,,Indiana Pacers,Los Angeles Clippers,91,70,6.72,1.12,False,True,161,21
2016-11-28,,Phoenix Suns,Denver Nuggets,114,120,1.77,2.1,False,False,234,-6
2016-11-29,,Golden State Warriors,Atlanta Hawks,105,100,1.06,10.67,False,True,205,5
2016-11-29,,Washington Wizards,Sacramento Kings,101,95,1.51,2.64,True,True,196,6
2016-11-29,,Toronto Raptors,Philadelphia 76ers,122,95,1.04,13.04,False,True,217,27
2016-11-29,,New York Knicks,Oklahoma City Thunder,103,112,1.95,1.88,False,False,215,-9
2016-11-29,,Miami Heat,Boston Celtics,104,112,2.52,1.55,False,False,216,-8
2016-11-29,,Minnesota Timberwolves,Utah Jazz,103,112,2.26,1.68,False,False,215,-9
2016-11-29,,Memphis Grizzlies,Charlotte Hornets,85,104,2.01,1.84,False,False,189,-19
2016-11-30,,Utah Jazz,Houston Rockets,120,101,1.98,1.86,False,True,221,19
2016-11-30,,Milwaukee Bucks,Cleveland Cavaliers,118,101,3.62,1.3,False,True,219,17
2016-11-30,,San Antonio Spurs,Orlando Magic,83,95,1.08,8.41,False,False,178,-12
2016-11-30,,New Orleans Pelicans,Los Angeles Lakers,105,88,1.45,2.84,False,True,193,17
2016-11-30,,Brooklyn Nets,Los Angeles Clippers,127,122,6.34,1.14,True,True,249,5
2016-11-30,,Charlotte Hornets,Detroit Pistons,89,112,1.62,2.35,False,False,201,-23
2016-12-01,,Portland Trail Blazers,Indiana Pacers,131,109,1.3,3.65,False,True,240,22
2016-12-01,,Phoenix Suns,Atlanta Hawks,109,107,2.52,1.55,False,True,216,2
2016-12-01,,Denver Nuggets,Miami Heat,98,106,1.39,3.08,False,False,204,-8
2016-12-01,,Dallas Mavericks,San Antonio Spurs,87,94,4.34,1.23,False,False,181,-7
2016-12-01,,Toronto Raptors,Memphis Grizzlies,120,105,1.07,9.55,False,True,225,15
2016-12-01,,Minnesota Timberwolves,New York Knicks,104,106,1.57,2.46,False,False,210,-2
2016-12-01,,Oklahoma City Thunder,Washington Wizards,126,115,1.44,2.87,True,True,241,11
2016-12-01,,Boston Celtics,Detroit Pistons,114,121,1.35,3.29,False,False,235,-7
2016-12-01,,Chicago Bulls,Los Angeles Lakers,90,96,1.16,5.53,False,False,186,-6
2016-12-02,,Charlotte Hornets,Dallas Mavericks,97,87,1.12,6.88,False,True,184,10
2016-12-02,,Brooklyn Nets,Milwaukee Bucks,93,111,2.84,1.44,False,False,204,-18
2016-12-02,,Memphis Grizzlies,Orlando Magic,95,94,2.47,1.57,False,True,189,1
2016-12-02,,Cleveland Cavaliers,Los Angeles Clippers,94,113,1.59,2.43,False,False,207,-19
2016-12-02,,Utah Jazz,Miami Heat,110,111,1.31,3.57,False,False,221,-1
2016-12-02,,Golden State Warriors,Houston Rockets,127,132,1.15,5.89,True,False,259,-5
2016-12-03,,San Antonio Spurs,Washington Wizards,107,105,1.21,4.7,False,True,212,2
2016-12-03,,Atlanta Hawks,Detroit Pistons,85,121,1.81,2.04,False,False,206,-36
2016-12-03,,Chicago Bulls,Cleveland Cavaliers,111,105,2.09,1.78,False,True,216,6
2016-12-03,,Denver Nuggets,Houston Rockets,110,128,1.62,2.36,False,False,238,-18
2016-12-03,,Boston Celtics,Sacramento Kings,97,92,1.39,3.09,False,True,189,5
2016-12-03,,Toronto Raptors,Los Angeles Lakers,113,80,1.18,5.08,False,True,193,33
2016-12-03,,New York Knicks,Minnesota Timberwolves,118,114,2.12,1.76,False,True,232,4
2016-12-03,,Philadelphia 76ers,Orlando Magic,88,105,1.82,2.04,False,False,193,-17
2016-12-03,,New Orleans Pelicans,Los Angeles Clippers,96,114,2.56,1.55,False,False,210,-18
2016-12-04,,Golden State Warriors,Phoenix Suns,138,109,1.02,16.93,False,True,247,29
2016-12-04,,Portland Trail Blazers,Miami Heat,99,92,1.41,3.0,False,True,191,7
2016-12-04,,Dallas Mavericks,Chicago Bulls,107,82,2.37,1.62,False,True,189,25
2016-12-04,,Utah Jazz,Denver Nuggets,105,98,1.33,3.42,False,True,203,7
2016-12-04,,Toronto Raptors,Atlanta Hawks,128,84,1.26,4.09,False,True,212,44
2016-12-04,,Philadelphia 76ers,Boston Celtics,106,107,5.18,1.18,False,False,213,-1
2016-12-04,,Charlotte Hornets,Minnesota Timberwolves,120,125,1.42,2.96,True,False,245,-5
2016-12-04,,Milwaukee Bucks,Brooklyn Nets,112,103,1.19,5.01,False,True,215,9
2016-12-04,,Memphis Grizzlies,Los Angeles Lakers,103,100,1.71,2.19,False,True,203,3
2016-12-05,,Detroit Pistons,Orlando Magic,92,98,1.31,3.57,False,False,190,-6
2016-12-05,,Oklahoma City Thunder,New Orleans Pelicans,101,92,1.4,3.08,False,True,193,9
2016-12-05,,New York Knicks,Sacramento Kings,106,98,1.82,2.03,False,True,204,8
2016-12-05,,Los Angeles Clippers,Indiana Pacers,102,111,1.14,6.19,False,False,213,-9
2016-12-06,,Dallas Mavericks,Charlotte Hornets,101,109,2.38,1.62,False,False,210,-8
2016-12-06,,Golden State Warriors,Indiana Pacers,142,106,1.06,11.02,False,True,248,36
2016-12-06,,Los Angeles Lakers,Utah Jazz,101,107,2.56,1.54,False,False,208,-6
2016-12-06,,Chicago Bulls,Portland Trail Blazers,110,112,1.61,2.4,False,False,222,-2
2016-12-06,,Houston Rockets,Boston Celtics,107,106,1.46,2.82,False,True,213,1
2016-12-06,,Milwaukee Bucks,San Antonio Spurs,96,97,3.07,1.39,False,False,193,-1
2016-12-06,,Philadelphia 76ers,Denver Nuggets,98,106,2.55,1.55,False,False,204,-8
2016-12-06,,Atlanta Hawks,Oklahoma City Thunder,99,102,1.56,2.5,False,False,201,-3
2016-12-06,,Brooklyn Nets,Washington Wizards,113,118,3.18,1.37,False,False,231,-5
2016-12-06,,Toronto Raptors,Cleveland Cavaliers,112,116,1.8,2.06,False,False,228,-4
2016-12-06,,New Orleans Pelicans,Memphis Grizzlies,108,110,1.55,2.55,True,False,218,-2
2016-12-07,,Washington Wizards,Orlando Magic,116,124,1.69,2.23,False,False,240,-8
2016-12-07,,Miami Heat,New York Knicks,103,114,1.83,2.02,False,False,217,-11
2016-12-07,,Detroit Pistons,Chicago Bulls,102,91,1.43,2.93,False,True,193,11
2016-12-07,,Minnesota Timberwolves,San Antonio Spurs,91,105,2.49,1.56,False,False,196,-14
2016-12-07,,Memphis Grizzlies,Philadelphia 76ers,96,91,1.31,3.55,False,True,187,5
2016-12-07,,Utah Jazz,Phoenix Suns,112,105,1.34,3.37,False,True,217,7
2016-12-08,,Los Angeles Clippers,Golden State Warriors,98,115,2.5,1.56,False,False,213,-17
2016-12-08,,Dallas Mavericks,Sacramento Kings,89,120,2.31,1.65,False,False,209,-31
2016-12-08,,New York Knicks,Cleveland Cavaliers,94,126,4.08,1.25,False,False,220,-32
2016-12-08,,Houston Rockets,Los Angeles Lakers,134,95,1.06,10.02,False,True,229,39
2016-12-08,,Phoenix Suns,Indiana Pacers,94,109,2.5,1.56,False,False,203,-15
2016-12-08,,Atlanta Hawks,Miami Heat,103,95,1.21,4.6,False,True,198,8
2016-12-08,,Brooklyn Nets,Denver Nuggets,116,111,2.57,1.54,False,True,227,5
2016-12-08,,Orlando Magic,Boston Celtics,87,117,2.01,1.83,False,False,204,-30
2016-12-08,,Charlotte Hornets,Detroit Pistons,87,77,1.44,2.88,False,True,164,10
2016-12-08,,Milwaukee Bucks,Portland Trail Blazers,115,107,1.81,2.05,False,True,222,8
2016-12-09,,Toronto Raptors,Minnesota Timberwolves,124,110,1.19,4.94,False,True,234,14
2016-12-09,,Washington Wizards,Denver Nuggets,92,85,1.44,2.85,False,True,177,7
2016-12-09,,New Orleans Pelicans,Philadelphia 76ers,88,99,1.37,3.19,False,False,187,-11
2016-12-09,,Memphis Grizzlies,Portland Trail Blazers,88,86,2.24,1.68,False,True,174,2
2016-12-09,,Utah Jazz,Golden State Warriors,99,106,6.45,1.13,False,False,205,-7
2016-12-09,,Chicago Bulls,San Antonio Spurs,95,91,2.36,1.62,False,True,186,4
2016-12-10,,Los Angeles Lakers,Phoenix Suns,115,119,1.82,2.03,False,False,234,-4
2016-12-10,,Sacramento Kings,New York Knicks,100,103,1.43,2.93,False,False,203,-3
2016-12-10,,Dallas Mavericks,Indiana Pacers,111,103,2.38,1.61,False,True,214,8
2016-12-10,,Milwaukee Bucks,Atlanta Hawks,110,114,1.64,2.32,False,False,224,-4
2016-12-10,,Cleveland Cavaliers,Miami Heat,114,84,1.1,7.45,False,True,198,30
2016-12-10,,Oklahoma City Thunder,Houston Rockets,99,102,2.04,1.81,False,False,201,-3
2016-12-10,,Boston Celtics,Toronto Raptors,94,101,1.77,2.11,False,False,195,-7
2016-12-10,,Charlotte Hornets,Orlando Magic,109,88,1.31,3.61,False,True,197,21
2016-12-10,,Minnesota Timberwolves,Detroit Pistons,90,117,2.36,1.63,False,False,207,-27
2016-12-11,,San Antonio Spurs,Brooklyn Nets,130,101,1.04,12.69,False,True,231,29
2016-12-11,,Utah Jazz,Sacramento Kings,104,84,1.43,2.93,False,True,188,20
2016-12-11,,Chicago Bulls,Miami Heat,105,100,1.2,4.77,False,True,205,5
2016-12-11,,Los Angeles Clippers,New Orleans Pelicans,133,105,1.07,10.04,False,True,238,28
2016-12-11,,Houston Rockets,Dallas Mavericks,109,87,1.09,8.34,False,True,196,22
2016-12-11,,Washington Wizards,Milwaukee Bucks,110,105,1.55,2.53,False,True,215,5
2016-12-11,,Indiana Pacers,Portland Trail Blazers,118,111,1.97,1.87,False,True,229,7
2016-12-11,,Memphis Grizzlies,Golden State Warriors,110,89,8.46,1.08,False,True,199,21
2016-12-11,,Cleveland Cavaliers,Charlotte Hornets,116,105,1.3,3.66,False,True,221,11
2016-12-11,,Orlando Magic,Denver Nuggets,113,121,2.05,1.8,False,False,234,-8
2016-12-12,,Detroit Pistons,Philadelphia 76ers,79,97,1.1,7.89,False,False,176,-18
2016-12-12,,Minnesota Timberwolves,Golden State Warriors,108,116,5.15,1.18,False,False,224,-8
2016-12-12,,Oklahoma City Thunder,Boston Celtics,99,96,1.64,2.33,False,True,195,3
2016-12-12,,Phoenix Suns,New Orleans Pelicans,119,120,1.75,2.13,True,False,239,-1
2016-12-12,,Los Angeles Lakers,New York Knicks,112,118,2.18,1.72,False,False,230,-6
2016-12-13,,Indiana Pacers,Charlotte Hornets,110,94,2.01,1.84,False,True,204,16
2016-12-13,,Toronto Raptors,Milwaukee Bucks,122,100,1.26,4.05,False,True,222,22
2016-12-13,,Miami Heat,Washington Wizards,112,101,2.01,1.84,False,True,213,11
2016-12-13,,Houston Rockets,Brooklyn Nets,122,118,1.09,8.21,False,True,240,4
2016-12-13,,Dallas Mavericks,Denver Nuggets,112,92,2.19,1.71,False,True,204,20
2016-12-13,,Sacramento Kings,Los Angeles Lakers,116,92,1.25,4.06,False,True,208,24
2016-12-13,,Los Angeles Clippers,Portland Trail Blazers,121,120,1.18,5.12,False,True,241,1
2016-12-14,,Portland Trail Blazers,Oklahoma City Thunder,114,95,1.74,2.15,False,True,209,19
2016-12-14,,Chicago Bulls,Minnesota Timberwolves,94,99,1.43,2.91,False,False,193,-5
2016-12-14,,Phoenix Suns,New York Knicks,113,111,2.13,1.75,True,True,224,2
2016-12-14,,Atlanta Hawks,Orlando Magic,120,131,1.25,4.07,False,False,251,-11
2016-12-14,,Cleveland Cavaliers,Memphis Grizzlies,103,86,1.07,9.62,False,True,189,17
2016-12-14,,New Orleans Pelicans,Golden State Warriors,109,113,5.92,1.15,False,False,222,-4
2016-12-15,,Utah Jazz,Oklahoma City Thunder,109,89,1.29,3.65,False,True,198,20
2016-12-15,,San Antonio Spurs,Boston Celtics,108,101,1.37,3.24,False,True,209,7
2016-12-15,,Dallas Mavericks,Detroit Pistons,85,95,2.88,1.44,False,False,180,-10
2016-12-15,,Memphis Grizzlies,Cleveland Cavaliers,93,85,1.31,3.51,False,True,178,8
2016-12-15,,Philadelphia 76ers,Toronto Raptors,114,123,4.0,1.26,False,False,237,-9
2016-12-15,,Brooklyn Nets,Los Angeles Lakers,107,97,2.0,1.84,False,True,204,10
2016-12-15,,Washington Wizards,Charlotte Hornets,109,106,2.1,1.77,False,True,215,3
2016-12-15,,Miami Heat,Indiana Pacers,95,89,1.96,1.88,False,True,184,6
2016-12-15,,Orlando Magic,Los Angeles Clippers,108,113,4.29,1.24,False,False,221,-5
2016-12-15,,Houston Rockets,Sacramento Kings,132,98,1.07,9.13,False,True,230,34
2016-12-16,,New Orleans Pelicans,Indiana Pacers,102,95,1.73,2.17,False,True,197,7
2016-12-16,,Milwaukee Bucks,Chicago Bulls,108,97,1.9,1.94,False,True,205,11
2016-12-16,,Phoenix Suns,San Antonio Spurs,92,107,3.83,1.27,False,False,199,-15
2016-12-16,,Denver Nuggets,Portland Trail Blazers,132,120,1.7,2.22,False,True,252,12
2016-12-16,,Golden State Warriors,New York Knicks,103,90,1.03,14.55,False,True,193,13
2016-12-17,,Utah Jazz,Dallas Mavericks,103,100,1.14,6.19,False,True,203,3
2016-12-17,,Chicago Bulls,Milwaukee Bucks,69,95,1.44,2.87,False,False,164,-26
2016-12-17,,Houston Rockets,New Orleans Pelicans,122,100,1.1,7.66,False,True,222,22
2016-12-17,,Miami Heat,Los Angeles Clippers,98,102,3.8,1.28,False,False,200,-4
2016-12-17,,Philadelphia 76ers,Los Angeles Lakers,89,100,1.9,1.94,False,False,189,-11
2016-12-17,,Toronto Raptors,Atlanta Hawks,121,125,1.34,3.36,False,False,246,-4
2016-12-17,,Washington Wizards,Detroit Pistons,122,108,2.01,1.83,False,True,230,14
2016-12-17,,Memphis Grizzlies,Sacramento Kings,92,96,1.47,2.75,False,False,188,-4
2016-12-17,,Boston Celtics,Charlotte Hornets,96,88,1.38,3.18,False,True,184,8
2016-12-17,,Orlando Magic,Brooklyn Nets,118,111,1.34,3.37,False,True,229,7
2016-12-18,,Golden State Warriors,Portland Trail Blazers,135,90,1.07,9.63,False,True,225,45
2016-12-18,,Minnesota Timberwolves,Houston Rockets,109,111,2.25,1.68,True,False,220,-2
2016-12-18,,Denver Nuggets,New York Knicks,127,114,1.55,2.48,False,True,241,13
2016-12-18,,Cleveland Cavaliers,Los Angeles Lakers,119,108,1.04,13.43,False,True,227,11
2016-12-18,,Detroit Pistons,Indiana Pacers,90,105,1.52,2.63,False,False,195,-15
2016-12-18,,Oklahoma City Thunder,Phoenix Suns,114,101,1.4,3.08,False,True,215,13
2016-12-18,,Atlanta Hawks,Charlotte Hornets,99,107,1.7,2.21,False,False,206,-8
2016-12-19,,Dallas Mavericks,Sacramento Kings,99,79,1.9,1.96,False,True,178,20
2016-12-19,,Orlando Magic,Toronto Raptors,79,109,2.98,1.42,False,False,188,-30
2016-12-19,,Memphis Grizzlies,Utah Jazz,73,82,2.03,1.82,False,False,155,-9
2016-12-19,,Philadelphia 76ers,Brooklyn Nets,108,107,1.85,2.0,False,True,215,1
2016-12-19,,Miami Heat,Boston Celtics,95,105,2.54,1.55,False,False,200,-10
2016-12-19,,San Antonio Spurs,New Orleans Pelicans,113,100,1.12,7.15,False,True,213,13
2016-12-19,,Washington Wizards,Los Angeles Clippers,117,110,2.86,1.44,False,True,227,7
2016-12-20,,Denver Nuggets,Dallas Mavericks,117,107,1.27,3.92,False,True,224,10
2016-12-20,,Oklahoma City Thunder,Atlanta Hawks,108,110,1.66,2.29,False,False,218,-2
2016-12-20,,Minnesota Timberwolves,Phoenix Suns,115,108,1.4,3.06,False,True,223,7
2016-12-20,,Indiana Pacers,Washington Wizards,107,105,1.45,2.83,False,True,212,2
2016-12-20,,Chicago Bulls,Detroit Pistons,113,82,1.71,2.2,False,True,195,31
2016-12-21,,Los Angeles Clippers,Denver Nuggets,119,102,1.27,3.92,False,True,221,17
2016-12-21,,Sacramento Kings,Portland Trail Blazers,126,121,1.95,1.89,False,True,247,5
2016-12-21,,Memphis Grizzlies,Boston Celtics,109,112,2.17,1.72,True,False,221,-3
2016-12-21,,Milwaukee Bucks,Cleveland Cavaliers,108,114,2.39,1.61,True,False,222,-6
2016-12-21,,Golden State Warriors,Utah Jazz,104,74,1.1,7.56,False,True,178,30
2016-12-21,,Toronto Raptors,Brooklyn Nets,116,104,1.04,13.77,False,True,220,12
2016-12-21,,New York Knicks,Indiana Pacers,118,111,1.55,2.55,False,True,229,7
2016-12-21,,Miami Heat,Orlando Magic,130,136,1.59,2.43,True,False,266,-6
2016-12-21,,Charlotte Hornets,Los Angeles Lakers,117,113,1.24,4.21,False,True,230,4
2016-12-21,,Philadelphia 76ers,New Orleans Pelicans,93,108,2.39,1.61,False,False,201,-15
2016-12-21,,Houston Rockets,San Antonio Spurs,100,102,1.86,1.98,False,False,202,-2
2016-12-22,,Cleveland Cavaliers,Milwaukee Bucks,113,102,1.39,3.13,False,True,215,11
2016-12-22,,Detroit Pistons,Memphis Grizzlies,86,98,1.41,3.03,False,False,184,-12
2016-12-22,,Atlanta Hawks,Minnesota Timberwolves,84,92,1.55,2.52,False,False,176,-8
2016-12-22,,New Orleans Pelicans,Oklahoma City Thunder,110,121,2.1,1.76,False,False,231,-11
2016-12-22,,Chicago Bulls,Washington Wizards,97,107,1.57,2.47,False,False,204,-10
2016-12-22,,Utah Jazz,Sacramento Kings,93,94,1.3,3.71,False,False,187,-1
2016-12-22,,Phoenix Suns,Houston Rockets,111,125,3.2,1.37,False,False,236,-14
2016-12-22,,Portland Trail Blazers,Dallas Mavericks,95,96,1.39,3.09,False,False,191,-1
2016-12-23,,Los Angeles Clippers,San Antonio Spurs,106,101,2.08,1.78,False,True,207,5
2016-12-23,,Miami Heat,Los Angeles Lakers,115,107,1.41,3.0,False,True,222,8
2016-12-23,,New York Knicks,Orlando Magic,106,95,1.53,2.59,False,True,201,11
2016-12-23,,Indiana Pacers,Boston Celtics,102,109,1.96,1.88,False,False,211,-7
2016-12-23,,Brooklyn Nets,Golden State Warriors,101,117,9.1,1.08,False,False,218,-16
2016-12-24,,Los Angeles Clippers,Dallas Mavericks,88,90,1.52,2.63,False,False,178,-2
2016-12-24,,Portland Trail Blazers,San Antonio Spurs,90,110,2.12,1.74,False,False,200,-20
2016-12-24,,Denver Nuggets,Atlanta Hawks,108,109,1.47,2.77,False,False,217,-1
2016-12-24,,Phoenix Suns,Philadelphia 76ers,123,116,1.44,2.86,False,True,239,7
2016-12-24,,Utah Jazz,Toronto Raptors,98,104,1.95,1.89,False,False,202,-6
2016-12-24,,Memphis Grizzlies,Houston Rockets,115,109,2.41,1.6,False,True,224,6
2016-12-24,,Milwaukee Bucks,Washington Wizards,123,96,1.64,2.32,False,True,219,27
2016-12-24,,Minnesota Timberwolves,Sacramento Kings,105,109,1.5,2.66,False,False,214,-4
2016-12-24,,Boston Celtics,Oklahoma City Thunder,112,117,1.47,2.77,False,False,229,-5
2016-12-24,,Cleveland Cavaliers,Brooklyn Nets,119,99,1.03,16.2,False,True,218,20
2016-12-24,,Detroit Pistons,Golden State Warriors,113,119,3.78,1.28,False,False,232,-6
2016-12-24,,Charlotte Hornets,Chicago Bulls,103,91,1.53,2.58,False,True,194,12
2016-12-24,,Orlando Magic,Los Angeles Lakers,109,90,1.51,2.66,False,True,199,19
2016-12-24,,New Orleans Pelicans,Miami Heat,91,87,1.5,2.66,False,True,178,4
2016-12-26,,Oklahoma City Thunder,Minnesota Timberwolves,112,100,1.54,2.55,False,True,212,12
2016-12-26,,Los Angeles Lakers,Los Angeles Clippers,111,102,2.36,1.63,False,True,213,9
2016-12-26,,Cleveland Cavaliers,Golden State Warriors,109,108,2.38,1.62,False,True,217,1
2016-12-26,,New York Knicks,Boston Celtics,114,119,2.18,1.71,False,False,233,-5
2016-12-26,,San Antonio Spurs,Chicago Bulls,119,100,1.23,4.4,False,True,219,19
2016-12-27,,Los Angeles Clippers,Denver Nuggets,102,106,2.56,1.55,False,False,208,-4
2016-12-27,,Sacramento Kings,Philadelphia 76ers,102,100,1.26,4.02,False,True,202,2
2016-12-27,,Minnesota Timberwolves,Atlanta Hawks,104,90,2.02,1.83,False,True,194,14
2016-12-27,,Chicago Bulls,Indiana Pacers,90,85,1.76,2.11,False,True,175,5
2016-12-27,,Portland Trail Blazers,Toronto Raptors,91,95,4.12,1.25,False,False,186,-4
2016-12-27,,Houston Rockets,Phoenix Suns,131,115,1.09,7.98,False,True,246,16
2016-12-27,,Brooklyn Nets,Charlotte Hornets,120,118,3.29,1.36,False,True,238,2
2016-12-27,,Detroit Pistons,Cleveland Cavaliers,106,90,1.5,2.67,False,True,196,16
2016-12-27,,Orlando Magic,Memphis Grizzlies,112,102,2.35,1.63,False,True,214,10
2016-12-27,,Washington Wizards,Milwaukee Bucks,107,102,1.64,2.33,False,True,209,5
2016-12-27,,New Orleans Pelicans,Dallas Mavericks,111,104,1.55,2.54,False,True,215,7
2016-12-28,,Miami Heat,Oklahoma City Thunder,94,106,2.58,1.52,False,False,200,-12
2016-12-28,,Boston Celtics,Memphis Grizzlies,113,103,1.31,3.61,False,True,216,10
2016-12-28,,Dallas Mavericks,Houston Rockets,107,123,2.79,1.46,False,False,230,-16
2016-12-28,,Los Angeles Lakers,Utah Jazz,100,102,2.81,1.46,False,False,202,-2
2016-12-29,,Denver Nuggets,Minnesota Timberwolves,105,103,1.56,2.52,False,True,208,2
2016-12-29,,Golden State Warriors,Toronto Raptors,121,111,1.19,4.91,False,True,232,10
2016-12-29,,Portland Trail Blazers,Sacramento Kings,102,89,1.81,2.05,False,True,191,13
2016-12-29,,Chicago Bulls,Brooklyn Nets,101,99,1.2,4.86,False,True,200,2
2016-12-29,,San Antonio Spurs,Phoenix Suns,119,98,1.13,6.42,False,True,217,21
2016-12-29,,Washington Wizards,Indiana Pacers,111,105,1.52,2.63,False,True,216,6
2016-12-29,,Atlanta Hawks,New York Knicks,102,98,1.5,2.66,True,True,200,4
2016-12-29,,Detroit Pistons,Milwaukee Bucks,94,119,1.64,2.32,False,False,213,-25
2016-12-29,,Orlando Magic,Charlotte Hornets,101,120,2.54,1.55,False,False,221,-19
2016-12-29,,New Orleans Pelicans,Los Angeles Clippers,102,98,2.09,1.79,False,True,200,4
2016-12-30,,Charlotte Hornets,Miami Heat,91,82,1.36,3.27,False,True,173,9
2016-12-30,,Memphis Grizzlies,Oklahoma City Thunder,114,80,1.85,1.99,False,True,194,34
2016-12-30,,Cleveland Cavaliers,Boston Celtics,124,118,1.38,3.15,False,True,242,6
2016-12-30,,Phoenix Suns,Toronto Raptors,99,91,4.38,1.23,False,True,190,8
2016-12-30,,Utah Jazz,Philadelphia 76ers,100,83,1.05,11.16,False,True,183,17
2016-12-30,,Los Angeles Lakers,Dallas Mavericks,89,101,1.58,2.44,False,False,190,-12
2016-12-31,,Denver Nuggets,Philadelphia 76ers,122,124,1.16,5.62,False,False,246,-2
2016-12-31,,San Antonio Spurs,Portland Trail Blazers,110,94,1.17,5.33,False,True,204,16
2016-12-31,,Atlanta Hawks,Detroit Pistons,105,98,1.71,2.2,False,True,203,7
2016-12-31,,Houston Rockets,Los Angeles Clippers,140,116,1.15,5.75,False,True,256,24
2016-12-31,,Golden State Warriors,Dallas Mavericks,108,99,1.02,17.38,False,True,207,9
2016-12-31,,New Orleans Pelicans,New York Knicks,104,92,1.66,2.29,False,True,196,12
2016-12-31,,Boston Celtics,Miami Heat,117,114,1.19,4.86,False,True,231,3
2016-12-31,,Washington Wizards,Brooklyn Nets,118,95,1.28,3.8,False,True,213,23
2016-12-31,,Minnesota Timberwolves,Milwaukee Bucks,116,99,1.86,1.97,False,True,215,17
2016-12-31,,Indiana Pacers,Chicago Bulls,111,101,1.57,2.49,False,True,212,10
2017-01-01,,Houston Rockets,New York Knicks,129,122,1.08,8.68,False,True,251,7
2017-01-01,,Oklahoma City Thunder,Los Angeles Clippers,114,88,1.24,4.29,False,True,202,26
2017-01-01,,Chicago Bulls,Milwaukee Bucks,96,116,1.68,2.24,False,False,212,-20
2017-01-01,,Charlotte Hornets,Cleveland Cavaliers,109,121,2.0,1.86,False,False,230,-12
2017-01-01,,Sacramento Kings,Memphis Grizzlies,98,112,2.08,1.79,False,False,210,-14
2017-01-01,,Utah Jazz,Phoenix Suns,91,86,1.12,6.63,False,True,177,5
2017-01-02,,Indiana Pacers,Orlando Magic,117,104,1.42,2.93,False,True,221,13
2017-01-02,,Atlanta Hawks,San Antonio Spurs,114,112,2.79,1.45,True,True,226,2
2017-01-02,,Minnesota Timberwolves,Portland Trail Blazers,89,95,1.42,2.96,False,False,184,-6
2017-01-02,,Los Angeles Lakers,Toronto Raptors,114,123,3.96,1.27,False,False,237,-9
2017-01-02,,Miami Heat,Detroit Pistons,98,107,3.24,1.36,False,False,205,-9
2017-01-03,,Golden State Warriors,Denver Nuggets,127,119,1.05,12.12,False,True,246,8
2017-01-03,,Milwaukee Bucks,Oklahoma City Thunder,98,94,1.82,2.03,False,True,192,4
2017-01-03,,Cleveland Cavaliers,New Orleans Pelicans,90,82,1.21,4.64,False,True,172,8
2017-01-03,,New York Knicks,Orlando Magic,103,115,1.58,2.47,False,False,218,-12
2017-01-03,,Brooklyn Nets,Utah Jazz,89,101,3.37,1.34,False,False,190,-12
2017-01-03,,Houston Rockets,Washington Wizards,101,91,1.28,3.79,False,True,192,10
2017-01-03,,Chicago Bulls,Charlotte Hornets,118,111,2.01,1.84,False,True,229,7
2017-01-03,,Los Angeles Clippers,Phoenix Suns,109,98,1.53,2.58,False,True,207,11
2017-01-04,,Phoenix Suns,Miami Heat,99,90,1.48,2.74,False,True,189,9
2017-01-04,,Denver Nuggets,Sacramento Kings,113,120,1.61,2.39,False,False,233,-7
2017-01-04,,Dallas Mavericks,Washington Wizards,113,105,1.85,1.99,False,True,218,8
2017-01-04,,Los Angeles Lakers,Memphis Grizzlies,116,102,2.51,1.56,False,True,218,14
2017-01-04,,Boston Celtics,Utah Jazz,115,104,1.44,2.86,False,True,219,11
2017-01-04,,Detroit Pistons,Indiana Pacers,116,121,1.49,2.67,False,False,237,-5
2017-01-04,,Philadelphia 76ers,Minnesota Timberwolves,93,91,2.65,1.51,False,True,184,2
2017-01-04,,San Antonio Spurs,Toronto Raptors,110,82,1.39,3.12,False,True,192,28
2017-01-05,,Charlotte Hornets,Oklahoma City Thunder,123,112,1.75,2.13,False,True,235,11
2017-01-05,,Orlando Magic,Atlanta Hawks,92,111,2.1,1.77,False,False,203,-19
2017-01-05,,New York Knicks,Milwaukee Bucks,104,105,2.41,1.59,False,False,209,-1
2017-01-05,,Cleveland Cavaliers,Chicago Bulls,94,106,1.64,2.34,False,False,200,-12
2017-01-05,,Sacramento Kings,Miami Heat,102,107,1.29,3.75,False,False,209,-5
2017-01-05,,Los Angeles Clippers,Memphis Grizzlies,115,106,2.03,1.82,False,True,221,9
2017-01-05,,Golden State Warriors,Portland Trail Blazers,125,117,1.03,15.17,False,True,242,8
2017-01-06,,Portland Trail Blazers,Los Angeles Lakers,118,109,1.36,3.28,False,True,227,9
2017-01-06,,Denver Nuggets,San Antonio Spurs,99,127,3.71,1.29,False,False,226,-28
2017-01-06,,Dallas Mavericks,Phoenix Suns,95,102,1.42,2.97,False,False,197,-7
2017-01-06,,Indiana Pacers,Brooklyn Nets,121,109,1.16,5.55,False,True,230,12
2017-01-06,,Houston Rockets,Oklahoma City Thunder,118,116,1.25,4.1,False,True,234,2
2017-01-06,,Detroit Pistons,Charlotte Hornets,115,114,1.48,2.73,False,True,229,1
2017-01-06,,Toronto Raptors,Utah Jazz,101,93,1.48,2.72,False,True,194,8
2017-01-06,,New Orleans Pelicans,Atlanta Hawks,94,99,1.79,2.07,False,False,193,-5
2017-01-07,,Los Angeles Lakers,Miami Heat,127,100,1.72,2.17,False,True,227,27
2017-01-07,,Golden State Warriors,Memphis Grizzlies,119,128,1.07,9.97,True,False,247,-9
2017-01-07,,Milwaukee Bucks,New York Knicks,111,116,1.48,2.72,False,False,227,-5
2017-01-07,,Sacramento Kings,Los Angeles Clippers,98,106,2.21,1.7,False,False,204,-8
2017-01-07,,Brooklyn Nets,Cleveland Cavaliers,108,116,8.51,1.08,False,False,224,-8
2017-01-07,,Washington Wizards,Minnesota Timberwolves,112,105,1.49,2.69,False,True,217,7
2017-01-07,,Orlando Magic,Houston Rockets,93,100,2.76,1.47,False,False,193,-7
2017-01-07,,Boston Celtics,Philadelphia 76ers,110,106,1.14,5.94,False,True,216,4
2017-01-08,,Indiana Pacers,New York Knicks,123,109,1.33,3.42,False,True,232,14
2017-01-08,,Boston Celtics,New Orleans Pelicans,117,108,1.39,3.1,False,True,225,9
2017-01-08,,Minnesota Timberwolves,Utah Jazz,92,94,2.62,1.52,False,False,186,-2
2017-01-08,,Oklahoma City Thunder,Denver Nuggets,121,106,1.27,3.84,False,True,227,15
2017-01-08,,Chicago Bulls,Toronto Raptors,123,118,2.0,1.84,True,True,241,5
2017-01-08,,San Antonio Spurs,Charlotte Hornets,102,85,1.14,6.01,False,True,187,17
2017-01-08,,Dallas Mavericks,Atlanta Hawks,82,97,1.99,1.85,False,False,179,-15
2017-01-09,,Los Angeles Lakers,Orlando Magic,111,95,1.69,2.22,False,True,206,16
2017-01-09,,Portland Trail Blazers,Detroit Pistons,124,125,1.59,2.41,True,False,249,-1
2017-01-09,,Sacramento Kings,Golden State Warriors,106,117,6.62,1.12,False,False,223,-11
2017-01-09,,Phoenix Suns,Cleveland Cavaliers,116,120,4.21,1.24,False,False,236,-4
2017-01-09,,Toronto Raptors,Houston Rockets,122,129,2.16,1.73,False,False,251,-7
2017-01-09,,Los Angeles Clippers,Miami Heat,98,86,1.2,4.68,False,True,184,12
2017-01-09,,Milwaukee Bucks,Washington Wizards,101,107,1.93,1.92,False,False,208,-6
2017-01-09,,Brooklyn Nets,Philadelphia 76ers,95,105,1.86,1.98,False,False,200,-10
2017-01-09,,Memphis Grizzlies,Utah Jazz,88,79,1.71,2.19,False,True,167,9
2017-01-10,,New York Knicks,New Orleans Pelicans,96,110,1.6,2.43,False,False,206,-14
2017-01-10,,Minnesota Timberwolves,Dallas Mavericks,101,92,1.5,2.64,False,True,193,9
2017-01-10,,Chicago Bulls,Oklahoma City Thunder,94,109,1.94,1.9,False,False,203,-15
2017-01-11,,Los Angeles Lakers,Portland Trail Blazers,87,108,2.17,1.72,False,False,195,-21
2017-01-11,,Sacramento Kings,Detroit Pistons,100,94,1.68,2.25,False,True,194,6
2017-01-11,,Golden State Warriors,Miami Heat,107,95,1.05,12.05,False,True,202,12
2017-01-11,,Utah Jazz,Cleveland Cavaliers,100,92,2.05,1.8,False,True,192,8
2017-01-11,,Washington Wizards,Chicago Bulls,101,99,1.12,6.75,False,True,200,2
2017-01-11,,Houston Rockets,Charlotte Hornets,121,114,1.22,4.46,False,True,235,7
2017-01-11,,Toronto Raptors,Boston Celtics,114,106,1.45,2.85,False,True,220,8
2017-01-11,,San Antonio Spurs,Milwaukee Bucks,107,109,1.18,5.2,False,False,216,-2
2017-01-11,,Brooklyn Nets,Atlanta Hawks,97,117,4.08,1.26,False,False,214,-20
2017-01-12,,Philadelphia 76ers,New York Knicks,98,97,2.11,1.76,False,True,195,1
2017-01-12,,Oklahoma City Thunder,Memphis Grizzlies,103,95,1.53,2.61,False,True,198,8
2017-01-12,,Minnesota Timberwolves,Houston Rockets,119,105,2.34,1.64,False,True,224,14
2017-01-12,,Boston Celtics,Washington Wizards,117,108,1.42,2.95,False,True,225,9
2017-01-12,,Los Angeles Clippers,Orlando Magic,105,96,1.18,5.21,False,True,201,9
2017-01-12,,Portland Trail Blazers,Cleveland Cavaliers,102,86,2.68,1.49,False,True,188,16
2017-01-13,,Golden State Warriors,Detroit Pistons,127,107,1.07,9.62,False,True,234,20
2017-01-13,,Phoenix Suns,Dallas Mavericks,108,113,2.1,1.77,False,False,221,-5
2017-01-13,,New York Knicks,Chicago Bulls,104,89,1.65,2.29,False,True,193,15
2017-01-13,,Brooklyn Nets,New Orleans Pelicans,95,104,1.76,2.11,False,False,199,-9
2017-01-13,,San Antonio Spurs,Los Angeles Lakers,134,94,1.05,11.51,False,True,228,40
2017-01-13,,Denver Nuggets,Indiana Pacers,140,112,2.61,1.53,False,True,252,28
2017-01-14,,Atlanta Hawks,Boston Celtics,101,103,1.64,2.33,False,False,204,-2
2017-01-14,,Sacramento Kings,Cleveland Cavaliers,108,120,3.17,1.38,False,False,228,-12
2017-01-14,,Utah Jazz,Detroit Pistons,110,77,1.15,5.86,False,True,187,33
2017-01-14,,Portland Trail Blazers,Orlando Magic,109,115,1.31,3.55,False,False,224,-6
2017-01-14,,Houston Rockets,Memphis Grizzlies,105,110,1.31,3.59,False,False,215,-5
2017-01-14,,Minnesota Timberwolves,Oklahoma City Thunder,96,86,2.09,1.77,False,True,182,10
2017-01-14,,Toronto Raptors,Brooklyn Nets,132,113,1.04,13.84,False,True,245,19
2017-01-14,,Philadelphia 76ers,Charlotte Hornets,102,93,2.82,1.46,False,True,195,9
2017-01-14,,Milwaukee Bucks,Miami Heat,116,108,1.3,3.67,False,True,224,8
2017-01-15,,Los Angeles Clippers,Los Angeles Lakers,113,97,1.12,6.6,False,True,210,16
2017-01-15,,Chicago Bulls,New Orleans Pelicans,107,99,1.61,2.4,False,True,206,8
2017-01-15,,Phoenix Suns,San Antonio Spurs,108,105,7.72,1.1,False,True,213,3
2017-01-15,,Washington Wizards,Philadelphia 76ers,109,93,1.18,5.23,False,True,202,16
2017-01-15,,Utah Jazz,Orlando Magic,114,107,1.12,7.01,False,True,221,7
2017-01-16,,Los Angeles Lakers,Detroit Pistons,97,102,2.11,1.76,False,False,199,-5
2017-01-16,,Memphis Grizzlies,Chicago Bulls,104,108,1.26,4.03,False,False,212,-4
2017-01-16,,Sacramento Kings,Oklahoma City Thunder,118,122,2.05,1.81,False,False,240,-4
2017-01-16,,Toronto Raptors,New York Knicks,116,101,1.18,5.27,False,True,217,15
2017-01-16,,Atlanta Hawks,Milwaukee Bucks,111,98,1.57,2.47,False,True,209,13
2017-01-16,,Dallas Mavericks,Minnesota Timberwolves,98,87,1.91,1.91,False,True,185,11
2017-01-16,,Brooklyn Nets,Houston Rockets,112,137,10.98,1.06,False,False,249,-25
2017-01-17,,New York Knicks,Atlanta Hawks,107,108,2.29,1.65,False,False,215,-1
2017-01-17,,Washington Wizards,Portland Trail Blazers,120,101,1.59,2.43,False,True,221,19
2017-01-17,,Milwaukee Bucks,Philadelphia 76ers,104,113,1.25,4.09,False,False,217,-9
2017-01-17,,Indiana Pacers,New Orleans Pelicans,98,95,1.51,2.64,False,True,193,3
2017-01-17,,Boston Celtics,Charlotte Hornets,108,98,1.46,2.78,False,True,206,10
2017-01-17,,Golden State Warriors,Cleveland Cavaliers,126,91,1.26,4.06,False,True,217,35
2017-01-17,,Phoenix Suns,Utah Jazz,101,106,3.15,1.38,False,False,207,-5
2017-01-17,,Los Angeles Clippers,Oklahoma City Thunder,120,98,1.28,3.91,False,True,218,22
2017-01-17,,Denver Nuggets,Orlando Magic,125,112,1.46,2.81,False,True,237,13
2017-01-18,,Miami Heat,Houston Rockets,109,103,3.58,1.31,False,True,212,6
2017-01-18,,Brooklyn Nets,Toronto Raptors,109,119,4.46,1.23,False,False,228,-10
2017-01-18,,Chicago Bulls,Dallas Mavericks,98,99,1.48,2.75,False,False,197,-1
2017-01-18,,San Antonio Spurs,Minnesota Timberwolves,122,114,1.11,7.34,False,True,236,8
2017-01-18,,Los Angeles Lakers,Denver Nuggets,121,127,1.91,1.92,False,False,248,-6
2017-01-19,,Golden State Warriors,Oklahoma City Thunder,121,100,1.07,10.02,False,True,221,21
2017-01-19,,Sacramento Kings,Indiana Pacers,100,106,1.72,2.17,False,False,206,-6
2017-01-19,,Detroit Pistons,Atlanta Hawks,118,95,2.07,1.79,False,True,213,23
2017-01-19,,Houston Rockets,Milwaukee Bucks,111,92,1.36,3.22,False,True,203,19
2017-01-19,,Washington Wizards,Memphis Grizzlies,104,101,1.78,2.09,False,True,205,3
2017-01-19,,Boston Celtics,New York Knicks,106,117,1.2,4.82,False,False,223,-11
2017-01-19,,Charlotte Hornets,Portland Trail Blazers,107,85,1.43,2.9,False,True,192,22
2017-01-19,,Philadelphia 76ers,Toronto Raptors,94,89,2.79,1.46,False,True,183,5
2017-01-19,,New Orleans Pelicans,Orlando Magic,118,98,1.51,2.64,False,True,216,20
2017-01-20,,Los Angeles Clippers,Minnesota Timberwolves,101,104,2.04,1.81,False,False,205,-3
2017-01-20,,San Antonio Spurs,Denver Nuggets,118,104,1.1,7.85,False,True,222,14
2017-01-20,,Cleveland Cavaliers,Phoenix Suns,118,103,1.12,6.74,False,True,221,15
2017-01-20,,Miami Heat,Dallas Mavericks,99,95,1.78,2.09,False,True,194,4
2017-01-20,,New York Knicks,Washington Wizards,110,113,2.02,1.82,False,False,223,-3
2017-01-21,,Philadelphia 76ers,Portland Trail Blazers,93,92,2.17,1.72,False,True,185,1
2017-01-21,,Orlando Magic,Milwaukee Bucks,112,96,2.37,1.62,False,True,208,16
2017-01-21,,Charlotte Hornets,Toronto Raptors,113,78,1.86,1.99,False,True,191,35
2017-01-21,,Memphis Grizzlies,Sacramento Kings,107,91,1.27,3.85,False,True,198,16
2017-01-21,,Houston Rockets,Golden State Warriors,108,125,2.81,1.45,False,False,233,-17
2017-01-21,,New Orleans Pelicans,Brooklyn Nets,114,143,1.18,5.17,False,False,257,-29
2017-01-21,,Atlanta Hawks,Chicago Bulls,102,93,1.56,2.51,False,True,195,9
2017-01-21,,Dallas Mavericks,Utah Jazz,107,112,2.86,1.44,True,False,219,-5
2017-01-21,,Los Angeles Lakers,Indiana Pacers,108,95,2.42,1.59,False,True,203,13
2017-01-22,,Cleveland Cavaliers,San Antonio Spurs,115,118,1.59,2.41,True,False,233,-3
2017-01-22,,Chicago Bulls,Sacramento Kings,102,99,1.37,3.22,False,True,201,3
2017-01-22,,Denver Nuggets,Los Angeles Clippers,123,98,1.48,2.73,False,True,221,25
2017-01-22,,Memphis Grizzlies,Houston Rockets,95,119,2.01,1.83,False,False,214,-24
2017-01-22,,Utah Jazz,Indiana Pacers,109,100,1.34,3.39,False,True,209,9
2017-01-22,,New York Knicks,Phoenix Suns,105,107,1.47,2.76,False,False,212,-2
2017-01-22,,Detroit Pistons,Washington Wizards,113,112,1.77,2.1,False,True,225,1
2017-01-22,,Charlotte Hornets,Brooklyn Nets,112,105,1.11,7.3,False,True,217,7
2017-01-22,,Miami Heat,Milwaukee Bucks,109,97,2.02,1.83,False,True,206,12
2017-01-22,,Atlanta Hawks,Philadelphia 76ers,110,93,1.16,5.53,False,True,203,17
2017-01-22,,Boston Celtics,Portland Trail Blazers,123,127,1.28,3.82,True,False,250,-4
2017-01-23,,Orlando Magic,Golden State Warriors,98,118,11.08,1.06,False,False,216,-20
2017-01-23,,Dallas Mavericks,Los Angeles Lakers,122,73,1.42,2.97,False,True,195,49
2017-01-23,,Toronto Raptors,Phoenix Suns,103,115,1.1,7.52,False,False,218,-12
2017-01-23,,Minnesota Timberwolves,Denver Nuggets,111,108,1.59,2.43,False,True,219,3
2017-01-24,,Utah Jazz,Oklahoma City Thunder,95,97,1.51,2.67,False,False,192,-2
2017-01-24,,New Orleans Pelicans,Cleveland Cavaliers,124,122,5.08,1.18,False,True,246,2
2017-01-24,,Milwaukee Bucks,Houston Rockets,127,114,2.71,1.48,False,True,241,13
2017-01-24,,Indiana Pacers,New York Knicks,103,109,1.43,2.93,False,False,212,-6
2017-01-24,,Brooklyn Nets,San Antonio Spurs,86,112,4.11,1.26,False,False,198,-26
2017-01-24,,Detroit Pistons,Sacramento Kings,104,109,1.34,3.36,False,False,213,-5
2017-01-24,,Charlotte Hornets,Washington Wizards,99,109,1.43,2.94,False,False,208,-10
2017-01-24,,Atlanta Hawks,Los Angeles Clippers,105,115,1.32,3.55,False,False,220,-10
2017-01-24,,Miami Heat,Golden State Warriors,105,102,6.39,1.13,False,True,207,3
2017-01-25,,Phoenix Suns,Minnesota Timberwolves,111,112,2.02,1.82,False,False,223,-1
2017-01-25,,Denver Nuggets,Utah Jazz,103,93,1.76,2.12,False,True,196,10
2017-01-25,,Washington Wizards,Boston Celtics,123,108,1.96,1.88,False,True,231,15
2017-01-25,,Philadelphia 76ers,Los Angeles Clippers,121,110,2.6,1.52,False,True,231,11
2017-01-25,,Toronto Raptors,San Antonio Spurs,106,108,1.78,2.1,False,False,214,-2
2017-01-25,,Orlando Magic,Chicago Bulls,92,100,2.32,1.64,False,False,192,-8
2017-01-26,,Portland Trail Blazers,Los Angeles Lakers,105,98,1.25,4.11,False,True,203,7
2017-01-26,,Chicago Bulls,Atlanta Hawks,114,119,2.04,1.81,False,False,233,-5
2017-01-26,,Charlotte Hornets,Golden State Warriors,103,113,5.29,1.18,False,False,216,-10
2017-01-26,,Memphis Grizzlies,Toronto Raptors,101,99,1.5,2.66,False,True,200,2
2017-01-26,,Dallas Mavericks,New York Knicks,103,95,1.66,2.28,False,True,198,8
2017-01-26,,New Orleans Pelicans,Oklahoma City Thunder,105,114,2.02,1.83,False,False,219,-9
2017-01-26,,Boston Celtics,Houston Rockets,120,109,2.48,1.57,False,True,229,11
2017-01-26,,Brooklyn Nets,Miami Heat,106,109,2.18,1.72,False,False,215,-3
2017-01-26,,Cleveland Cavaliers,Sacramento Kings,112,116,1.12,6.65,True,False,228,-4
2017-01-26,,Milwaukee Bucks,Philadelphia 76ers,109,114,1.13,6.35,False,False,223,-5
2017-01-27,,Minnesota Timberwolves,Indiana Pacers,103,109,1.67,2.27,False,False,212,-6
2017-01-27,,Oklahoma City Thunder,Dallas Mavericks,109,98,1.21,4.6,False,True,207,11
2017-01-27,,Denver Nuggets,Phoenix Suns,127,120,1.39,3.12,False,True,247,7
2017-01-27,,Utah Jazz,Los Angeles Lakers,96,88,1.07,9.13,False,True,184,8
2017-01-28,,Philadelphia 76ers,Houston Rockets,118,123,3.31,1.35,False,False,241,-5
2017-01-28,,Atlanta Hawks,Washington Wizards,86,112,1.65,2.29,False,False,198,-26
2017-01-28,,Chicago Bulls,Miami Heat,88,100,1.32,3.54,False,False,188,-12
2017-01-28,,New Orleans Pelicans,San Antonio Spurs,119,103,3.17,1.38,False,True,222,16
2017-01-28,,Portland Trail Blazers,Memphis Grizzlies,112,109,1.87,1.97,False,True,221,3
2017-01-28,,Cleveland Cavaliers,Brooklyn Nets,124,116,1.02,16.81,False,True,240,8
2017-01-28,,Indiana Pacers,Sacramento Kings,115,111,1.55,2.53,True,True,226,4
2017-01-28,,Boston Celtics,Orlando Magic,128,98,1.31,3.63,False,True,226,30
2017-01-28,,New York Knicks,Charlotte Hornets,110,107,1.98,1.85,False,True,217,3
2017-01-28,,Toronto Raptors,Milwaukee Bucks,102,86,1.4,3.04,False,True,188,16
2017-01-29,,Miami Heat,Detroit Pistons,116,103,2.31,1.64,False,True,219,13
2017-01-29,,Milwaukee Bucks,Boston Celtics,108,112,1.72,2.18,True,False,220,-4
2017-01-29,,Golden State Warriors,Los Angeles Clippers,144,98,1.08,8.6,False,True,242,46
2017-01-29,,Utah Jazz,Memphis Grizzlies,95,102,1.27,3.86,False,False,197,-7
2017-01-29,,Phoenix Suns,Denver Nuggets,112,123,1.64,2.33,False,False,235,-11
2017-01-29,,Minnesota Timberwolves,Brooklyn Nets,129,109,1.14,6.06,False,True,238,20
2017-01-29,,Charlotte Hornets,Sacramento Kings,106,109,1.32,3.52,False,False,215,-3
2017-01-30,,Cleveland Cavaliers,Oklahoma City Thunder,107,91,1.28,3.8,False,True,198,16
2017-01-30,,Toronto Raptors,Orlando Magic,113,114,1.15,5.86,False,False,227,-1
2017-01-30,,New Orleans Pelicans,Washington Wizards,94,107,1.92,1.91,False,False,201,-13
2017-01-30,,Indiana Pacers,Houston Rockets,120,101,2.34,1.63,False,True,221,19
2017-01-30,,San Antonio Spurs,Dallas Mavericks,101,105,1.09,8.11,False,False,206,-4
2017-01-30,,Chicago Bulls,Philadelphia 76ers,121,108,1.34,3.39,False,True,229,13
2017-01-30,,Portland Trail Blazers,Golden State Warriors,111,113,3.07,1.39,False,False,224,-2
2017-01-30,,Atlanta Hawks,New York Knicks,142,139,1.38,3.13,True,True,281,3
2017-01-31,,Phoenix Suns,Memphis Grizzlies,96,115,2.39,1.61,False,False,211,-19
2017-01-31,,Dallas Mavericks,Cleveland Cavaliers,104,97,2.53,1.55,False,True,201,7
2017-01-31,,Boston Celtics,Detroit Pistons,113,109,1.45,2.84,False,True,222,4
2017-01-31,,Miami Heat,Brooklyn Nets,104,96,1.27,3.97,False,True,200,8
2017-01-31,,Philadelphia 76ers,Sacramento Kings,122,119,2.27,1.66,False,True,241,3
2017-01-31,,Minnesota Timberwolves,Orlando Magic,111,105,1.27,3.97,True,True,216,6
2017-02-01,,Washington Wizards,New York Knicks,117,101,1.27,3.96,False,True,218,16
2017-02-01,,Toronto Raptors,New Orleans Pelicans,108,106,1.31,3.58,True,True,214,2
2017-02-01,,Houston Rockets,Sacramento Kings,105,83,1.12,6.93,False,True,188,22
2017-02-01,,San Antonio Spurs,Oklahoma City Thunder,108,94,1.21,4.71,False,True,202,14
2017-02-01,,Portland Trail Blazers,Charlotte Hornets,115,98,1.61,2.39,False,True,213,17
2017-02-01,,Los Angeles Lakers,Denver Nuggets,120,116,1.98,1.86,False,True,236,4
2017-02-02,,Golden State Warriors,Charlotte Hornets,126,111,1.05,12.59,False,True,237,15
2017-02-02,,Oklahoma City Thunder,Chicago Bulls,100,128,1.67,2.27,False,False,228,-28
2017-02-02,,Denver Nuggets,Memphis Grizzlies,99,119,2.48,1.58,False,False,218,-20
2017-02-02,,Phoenix Suns,Los Angeles Clippers,114,124,2.26,1.67,False,False,238,-10
2017-02-02,,Utah Jazz,Milwaukee Bucks,104,88,1.28,3.88,False,True,192,16
2017-02-02,,Detroit Pistons,New Orleans Pelicans,118,98,1.33,3.51,False,True,216,20
2017-02-02,,Miami Heat,Atlanta Hawks,116,93,1.88,1.98,False,True,209,23
2017-02-02,,Boston Celtics,Toronto Raptors,109,104,1.39,3.14,False,True,213,5
2017-02-02,,Brooklyn Nets,New York Knicks,90,95,2.19,1.71,False,False,185,-5
2017-02-02,,Cleveland Cavaliers,Minnesota Timberwolves,125,97,1.34,3.35,False,True,222,28
2017-02-02,,Orlando Magic,Indiana Pacers,88,98,2.2,1.71,False,False,186,-10
2017-02-02,,Dallas Mavericks,Philadelphia 76ers,113,95,1.32,3.54,False,True,208,18
2017-02-03,,Los Angeles Clippers,Golden State Warriors,120,133,3.75,1.28,False,False,253,-13
2017-02-03,,Houston Rockets,Atlanta Hawks,108,113,1.18,5.15,False,False,221,-5
2017-02-03,,Washington Wizards,Los Angeles Lakers,116,108,1.16,5.72,False,True,224,8
2017-02-03,,San Antonio Spurs,Philadelphia 76ers,102,86,1.03,14.95,False,True,188,16
2017-02-04,,Detroit Pistons,Minnesota Timberwolves,116,108,1.54,2.55,False,True,224,8
2017-02-04,,Brooklyn Nets,Indiana Pacers,97,106,3.19,1.38,False,False,203,-9
2017-02-04,,Oklahoma City Thunder,Memphis Grizzlies,114,102,1.97,1.87,False,True,216,12
2017-02-04,,Houston Rockets,Chicago Bulls,121,117,1.18,5.07,True,True,238,4
2017-02-04,,Boston Celtics,Los Angeles Lakers,113,107,1.14,6.07,False,True,220,6
2017-02-04,,Denver Nuggets,Milwaukee Bucks,121,117,1.64,2.33,False,True,238,4
2017-02-04,,Sacramento Kings,Phoenix Suns,103,105,1.54,2.56,False,False,208,-2
2017-02-04,,Portland Trail Blazers,Dallas Mavericks,104,108,1.38,3.14,False,False,212,-4
2017-02-04,,Orlando Magic,Toronto Raptors,102,94,2.72,1.47,False,True,196,8
2017-02-05,,Sacramento Kings,Golden State Warriors,109,106,11.67,1.05,True,True,215,3
2017-02-05,,Utah Jazz,Charlotte Hornets,105,98,1.3,3.77,False,True,203,7
2017-02-05,,Minnesota Timberwolves,Memphis Grizzlies,99,107,1.59,2.46,False,False,206,-8
2017-02-05,,San Antonio Spurs,Denver Nuggets,121,97,1.09,8.32,False,True,218,24
2017-02-05,,Indiana Pacers,Detroit Pistons,105,84,1.67,2.25,False,True,189,21
2017-02-05,,New York Knicks,Cleveland Cavaliers,104,111,2.56,1.54,False,False,215,-7
2017-02-05,,Miami Heat,Philadelphia 76ers,125,102,1.21,4.64,False,True,227,23
2017-02-05,,Atlanta Hawks,Orlando Magic,113,86,1.31,3.6,False,True,199,27
2017-02-05,,Phoenix Suns,Milwaukee Bucks,112,137,2.0,1.84,False,False,249,-25
2017-02-05,,Washington Wizards,New Orleans Pelicans,105,91,1.35,3.35,False,True,196,14
2017-02-06,,Oklahoma City Thunder,Portland Trail Blazers,105,99,1.5,2.69,False,True,204,6
2017-02-06,,Boston Celtics,Los Angeles Clippers,107,102,1.46,2.78,False,True,209,5
2017-02-06,,Brooklyn Nets,Toronto Raptors,95,103,3.37,1.35,False,False,198,-8
2017-02-07,,New York Knicks,Los Angeles Lakers,107,121,1.49,2.68,False,False,228,-14
2017-02-07,,Sacramento Kings,Chicago Bulls,107,112,1.59,2.44,False,False,219,-5
2017-02-07,,Denver Nuggets,Dallas Mavericks,110,87,1.65,2.3,False,True,197,23
2017-02-07,,Minnesota Timberwolves,Miami Heat,113,115,1.85,1.98,False,False,228,-2
2017-02-07,,New Orleans Pelicans,Phoenix Suns,111,106,1.41,2.95,False,True,217,5
2017-02-07,,Memphis Grizzlies,San Antonio Spurs,89,74,1.9,1.93,False,True,163,15
2017-02-07,,Detroit Pistons,Philadelphia 76ers,113,96,1.23,4.46,False,True,209,17
2017-02-07,,Toronto Raptors,Los Angeles Clippers,118,109,1.39,3.1,False,True,227,9
2017-02-07,,Washington Wizards,Cleveland Cavaliers,135,140,2.0,1.85,True,False,275,-5
2017-02-07,,Indiana Pacers,Oklahoma City Thunder,93,90,1.52,2.58,False,True,183,3
2017-02-07,,Atlanta Hawks,Utah Jazz,95,120,1.88,1.96,False,False,215,-25
2017-02-08,,Charlotte Hornets,Brooklyn Nets,111,107,1.16,5.48,False,True,218,4
2017-02-08,,Houston Rockets,Orlando Magic,128,104,1.13,6.5,False,True,232,24
2017-02-08,,Dallas Mavericks,Portland Trail Blazers,113,114,2.17,1.72,False,False,227,-1
2017-02-09,,Milwaukee Bucks,Miami Heat,88,106,1.57,2.5,False,False,194,-18
2017-02-09,,Golden State Warriors,Chicago Bulls,123,92,1.03,15.44,False,True,215,31
2017-02-09,,New York Knicks,Los Angeles Clippers,115,119,1.96,1.88,False,False,234,-4
2017-02-09,,Memphis Grizzlies,Phoenix Suns,110,91,1.29,3.73,False,True,201,19
2017-02-09,,Minnesota Timberwolves,Toronto Raptors,112,109,2.34,1.63,False,True,221,3
2017-02-09,,Sacramento Kings,Boston Celtics,108,92,4.22,1.24,False,True,200,16
2017-02-09,,Atlanta Hawks,Denver Nuggets,117,106,1.6,2.42,False,True,223,11
2017-02-09,,Philadelphia 76ers,San Antonio Spurs,103,111,6.55,1.13,False,False,214,-8
2017-02-09,,Indiana Pacers,Cleveland Cavaliers,117,132,2.36,1.62,False,False,249,-15
2017-02-09,,New Orleans Pelicans,Utah Jazz,94,127,2.43,1.59,False,False,221,-33
2017-02-09,,Brooklyn Nets,Washington Wizards,110,114,5.02,1.2,True,False,224,-4
2017-02-09,,Detroit Pistons,Los Angeles Lakers,121,102,1.35,3.3,False,True,223,19
2017-02-10,,Orlando Magic,Philadelphia 76ers,111,112,1.39,3.08,False,False,223,-1
2017-02-10,,Charlotte Hornets,Houston Rockets,95,107,2.18,1.72,False,False,202,-12
2017-02-10,,Oklahoma City Thunder,Cleveland Cavaliers,118,109,1.2,5.45,False,True,227,9
2017-02-10,,Dallas Mavericks,Utah Jazz,112,105,2.12,1.76,True,True,217,7
2017-02-10,,Portland Trail Blazers,Boston Celtics,111,120,1.66,2.29,False,False,231,-9
2017-02-11,,Sacramento Kings,Atlanta Hawks,108,107,2.08,1.78,False,True,215,1
2017-02-11,,Phoenix Suns,Chicago Bulls,115,97,2.33,1.64,False,True,212,18
2017-02-11,,Washington Wizards,Indiana Pacers,112,107,1.42,2.93,False,True,219,5
2017-02-11,,Memphis Grizzlies,Golden State Warriors,107,122,3.86,1.28,False,False,229,-15
2017-02-11,,Minnesota Timberwolves,New Orleans Pelicans,106,122,1.5,2.66,False,False,228,-16
2017-02-11,,Brooklyn Nets,Miami Heat,99,108,2.85,1.44,False,False,207,-9
2017-02-11,,New York Knicks,Denver Nuggets,123,131,1.77,2.09,False,False,254,-8
2017-02-11,,Detroit Pistons,San Antonio Spurs,92,103,2.66,1.51,False,False,195,-11
2017-02-11,,Milwaukee Bucks,Los Angeles Lakers,114,122,1.43,2.9,False,False,236,-8
2017-02-12,,Charlotte Hornets,Los Angeles Clippers,102,107,1.7,2.21,False,False,209,-5
2017-02-12,,Indiana Pacers,Milwaukee Bucks,100,116,1.38,3.16,False,False,216,-16
2017-02-12,,Philadelphia 76ers,Miami Heat,117,109,2.27,1.66,False,True,226,8
2017-02-12,,Cleveland Cavaliers,Denver Nuggets,125,109,1.12,6.87,False,True,234,16
2017-02-12,,Oklahoma City Thunder,Golden State Warriors,114,130,3.84,1.28,False,False,244,-16
2017-02-12,,Houston Rockets,Phoenix Suns,133,102,1.04,12.95,False,True,235,31
2017-02-12,,Dallas Mavericks,Orlando Magic,112,80,1.38,3.18,False,True,192,32
2017-02-12,,Utah Jazz,Boston Celtics,104,112,1.37,3.22,False,False,216,-8
2017-02-13,,Sacramento Kings,New Orleans Pelicans,105,99,1.59,2.44,False,True,204,6
2017-02-13,,New York Knicks,San Antonio Spurs,94,90,4.49,1.22,False,True,184,4
2017-02-13,,Minnesota Timberwolves,Chicago Bulls,117,89,1.37,3.24,False,True,206,28
2017-02-13,,Toronto Raptors,Detroit Pistons,101,102,1.37,3.2,False,False,203,-1
2017-02-14,,Portland Trail Blazers,Atlanta Hawks,104,109,1.76,2.12,True,False,213,-5
2017-02-14,,Utah Jazz,Los Angeles Clippers,72,88,1.26,4.1,False,False,160,-16
2017-02-14,,Phoenix Suns,New Orleans Pelicans,108,110,1.63,2.35,False,False,218,-2
2017-02-14,,Dallas Mavericks,Boston Celtics,98,111,2.06,1.79,False,False,209,-13
2017-02-14,,Denver Nuggets,Golden State Warriors,132,110,7.32,1.11,False,True,242,22
2017-02-14,,Washington Wizards,Oklahoma City Thunder,120,98,1.42,2.93,False,True,218,22
2017-02-14,,Brooklyn Nets,Memphis Grizzlies,103,112,4.13,1.25,False,False,215,-9
2017-02-14,,Miami Heat,Orlando Magic,107,116,1.29,3.73,False,False,223,-9
2017-02-14,,Charlotte Hornets,Philadelphia 76ers,99,105,1.28,3.84,False,False,204,-6
2017-02-14,,Indiana Pacers,San Antonio Spurs,106,110,2.63,1.5,False,False,216,-4
2017-02-14,,Milwaukee Bucks,Detroit Pistons,102,89,1.68,2.24,False,True,191,13
2017-02-15,,Minnesota Timberwolves,Cleveland Cavaliers,108,116,2.44,1.58,False,False,224,-8
2017-02-15,,Chicago Bulls,Toronto Raptors,105,94,2.52,1.55,False,True,199,11
2017-02-15,,Los Angeles Lakers,Sacramento Kings,96,97,1.71,2.2,False,False,193,-1
2017-02-16,,Los Angeles Clippers,Atlanta Hawks,99,84,1.63,2.35,False,True,183,15
2017-02-16,,Golden State Warriors,Sacramento Kings,109,86,1.02,17.67,False,True,195,23
2017-02-16,,Phoenix Suns,Los Angeles Lakers,137,101,1.56,2.52,False,True,238,36
2017-02-16,,Oklahoma City Thunder,New York Knicks,116,105,1.34,3.41,False,True,221,11
2017-02-16,,Denver Nuggets,Minnesota Timberwolves,99,112,1.41,3.05,False,False,211,-13
2017-02-16,,Utah Jazz,Portland Trail Blazers,111,88,1.25,4.2,False,True,199,23
2017-02-16,,Detroit Pistons,Dallas Mavericks,98,91,1.54,2.56,False,True,189,7
2017-02-16,,Memphis Grizzlies,New Orleans Pelicans,91,95,1.28,3.86,False,False,186,-4
2017-02-16,,Houston Rockets,Miami Heat,109,117,1.17,5.31,False,False,226,-8
2017-02-16,,Cleveland Cavaliers,Indiana Pacers,113,104,1.41,3.02,False,True,217,9
2017-02-16,,Orlando Magic,San Antonio Spurs,79,107,5.49,1.16,False,False,186,-28
2017-02-16,,Brooklyn Nets,Milwaukee Bucks,125,129,2.73,1.48,False,False,254,-4
2017-02-16,,Boston Celtics,Philadelphia 76ers,116,108,1.17,5.28,False,True,224,8
2017-02-16,,Toronto Raptors,Charlotte Hornets,90,85,1.39,3.11,False,True,175,5
2017-02-17,,Chicago Bulls,Boston Celtics,104,103,1.95,1.88,False,True,207,1
2017-02-17,,Indiana Pacers,Washington Wizards,98,111,2.19,1.7,False,False,209,-13
2017-02-18,All Stars,Team USA,Team World,141,150,1.51,2.62,False,False,291,-9
2017-02-20,All Stars,West,East,192,182,1.43,2.85,False,True,374,10
2017-02-24,,Orlando Magic,Portland Trail Blazers,103,112,2.26,1.67,False,False,215,-9
2017-02-24,,Detroit Pistons,Charlotte Hornets,114,108,1.49,2.68,True,True,222,6
2017-02-24,,Cleveland Cavaliers,New York Knicks,119,104,1.15,5.78,False,True,223,15
2017-02-24,,Golden State Warriors,Los Angeles Clippers,123,113,1.09,8.4,False,True,236,10
2017-02-24,,Sacramento Kings,Denver Nuggets,116,100,3.13,1.38,False,True,216,16
2017-02-24,,New Orleans Pelicans,Houston Rockets,99,129,2.41,1.6,False,False,228,-30
2017-02-25,,Minnesota Timberwolves,Dallas Mavericks,97,84,1.61,2.4,False,True,181,13
2017-02-25,,Denver Nuggets,Brooklyn Nets,129,109,1.19,5.18,False,True,238,20
2017-02-25,,Atlanta Hawks,Miami Heat,90,108,1.7,2.21,False,False,198,-18
2017-02-25,,Los Angeles Clippers,San Antonio Spurs,97,105,2.19,1.7,False,False,202,-8
2017-02-25,,Milwaukee Bucks,Utah Jazz,95,109,2.36,1.63,False,False,204,-14
2017-02-25,,Toronto Raptors,Boston Celtics,107,97,1.82,2.04,False,True,204,10
2017-02-25,,Indiana Pacers,Memphis Grizzlies,102,92,1.94,1.9,False,True,194,10
2017-02-25,,Philadelphia 76ers,Washington Wizards,120,112,4.19,1.24,False,True,232,8
2017-02-25,,Oklahoma City Thunder,Los Angeles Lakers,110,93,1.16,5.56,False,True,203,17
2017-02-25,,Chicago Bulls,Phoenix Suns,128,121,1.42,2.94,True,True,249,7
2017-02-26,,Sacramento Kings,Charlotte Hornets,85,99,2.44,1.58,False,False,184,-14
2017-02-26,,Orlando Magic,Atlanta Hawks,105,86,2.35,1.63,False,True,191,19
2017-02-26,,New York Knicks,Philadelphia 76ers,110,109,1.37,3.19,False,True,219,1
2017-02-26,,Miami Heat,Indiana Pacers,113,95,1.53,2.6,False,True,208,18
2017-02-26,,Dallas Mavericks,New Orleans Pelicans,96,83,2.15,1.74,False,True,179,13
2017-02-26,,Cleveland Cavaliers,Chicago Bulls,99,117,1.4,3.11,False,False,216,-18
2017-02-26,,Houston Rockets,Minnesota Timberwolves,142,130,1.11,7.26,False,True,272,12
2017-02-26,,Golden State Warriors,Brooklyn Nets,112,95,1.01,23.33,False,True,207,17
2017-02-27,,Detroit Pistons,Boston Celtics,98,104,2.1,1.77,False,False,202,-6
2017-02-27,,Los Angeles Clippers,Charlotte Hornets,124,121,1.15,5.63,True,True,245,3
2017-02-27,,Oklahoma City Thunder,New Orleans Pelicans,118,110,1.41,3.01,False,True,228,8
2017-02-27,,Denver Nuggets,Memphis Grizzlies,98,105,1.79,2.07,False,False,203,-7
2017-02-27,,Washington Wizards,Utah Jazz,92,102,1.76,2.1,False,False,194,-10
2017-02-27,,Milwaukee Bucks,Phoenix Suns,100,96,1.41,3.01,False,True,196,4
2017-02-27,,Toronto Raptors,Portland Trail Blazers,112,106,1.46,2.78,False,True,218,6
2017-02-27,,Los Angeles Lakers,San Antonio Spurs,98,119,7.09,1.11,False,False,217,-21
2017-02-28,,New York Knicks,Toronto Raptors,91,92,2.34,1.63,False,False,183,-1
2017-02-28,,Philadelphia 76ers,Golden State Warriors,108,119,10.65,1.06,False,False,227,-11
2017-02-28,,Cleveland Cavaliers,Milwaukee Bucks,102,95,1.18,5.09,False,True,197,7
2017-02-28,,Boston Celtics,Atlanta Hawks,98,114,1.55,2.53,False,False,212,-16
2017-02-28,,Dallas Mavericks,Miami Heat,96,89,1.97,1.87,False,True,185,7
2017-02-28,,Houston Rockets,Indiana Pacers,108,117,1.2,4.97,False,False,225,-9
2017-02-28,,Sacramento Kings,Minnesota Timberwolves,88,102,2.53,1.55,False,False,190,-14
2017-03-01,,Los Angeles Lakers,Charlotte Hornets,104,109,2.59,1.53,False,False,213,-5
2017-03-01,,Chicago Bulls,Denver Nuggets,107,125,1.72,2.18,False,False,232,-18
2017-03-01,,Detroit Pistons,Portland Trail Blazers,120,113,1.58,2.46,True,True,233,7
2017-03-01,,Oklahoma City Thunder,Utah Jazz,109,106,2.07,1.79,False,True,215,3
2017-03-01,,Washington Wizards,Golden State Warriors,112,108,3.49,1.32,False,True,220,4
2017-03-01,,Memphis Grizzlies,Phoenix Suns,130,112,1.22,4.54,False,True,242,18
2017-03-02,,Sacramento Kings,Brooklyn Nets,100,109,1.73,2.17,False,False,209,-9
2017-03-02,,Los Angeles Clippers,Houston Rockets,103,122,1.72,2.17,False,False,225,-19
2017-03-02,,Utah Jazz,Minnesota Timberwolves,80,107,1.36,3.27,False,False,187,-27
2017-03-02,,Boston Celtics,Cleveland Cavaliers,103,99,1.86,1.99,False,True,202,4
2017-03-02,,San Antonio Spurs,Indiana Pacers,100,99,1.17,5.29,False,True,199,1
2017-03-02,,New Orleans Pelicans,Detroit Pistons,109,86,1.69,2.23,False,True,195,23
2017-03-02,,Orlando Magic,New York Knicks,90,101,1.77,2.1,False,False,191,-11
2017-03-02,,Toronto Raptors,Washington Wizards,96,105,1.53,2.59,False,False,201,-9
2017-03-02,,Milwaukee Bucks,Denver Nuggets,98,110,1.55,2.54,False,False,208,-12
2017-03-02,,Atlanta Hawks,Dallas Mavericks,100,95,1.4,3.06,False,True,195,5
2017-03-02,,Miami Heat,Philadelphia 76ers,125,98,1.2,4.86,False,True,223,27
2017-03-03,,Chicago Bulls,Golden State Warriors,94,87,3.68,1.3,False,True,181,7
2017-03-03,,Phoenix Suns,Charlotte Hornets,120,103,2.41,1.6,False,True,223,17
2017-03-03,,Portland Trail Blazers,Oklahoma City Thunder,114,109,1.94,1.9,False,True,223,5
2017-03-04,,Los Angeles Lakers,Boston Celtics,95,115,3.54,1.32,False,False,210,-20
2017-03-04,,New Orleans Pelicans,San Antonio Spurs,98,101,3.13,1.38,True,False,199,-3
2017-03-04,,Utah Jazz,Brooklyn Nets,112,97,1.07,9.26,False,True,209,15
2017-03-04,,Phoenix Suns,Oklahoma City Thunder,118,111,2.7,1.49,False,True,229,7
2017-03-04,,Milwaukee Bucks,Los Angeles Clippers,112,101,2.87,1.44,False,True,213,11
2017-03-04,,Atlanta Hawks,Cleveland Cavaliers,130,135,2.26,1.67,False,False,265,-5
2017-03-04,,Philadelphia 76ers,New York Knicks,105,102,2.06,1.8,False,True,207,3
2017-03-04,,Washington Wizards,Toronto Raptors,106,114,1.47,2.74,False,False,220,-8
2017-03-04,,Dallas Mavericks,Memphis Grizzlies,104,100,2.23,1.69,False,True,204,4
2017-03-04,,Orlando Magic,Miami Heat,110,99,2.7,1.5,False,True,209,11
2017-03-05,,Houston Rockets,Memphis Grizzlies,123,108,1.25,4.15,False,True,231,15
2017-03-05,,Portland Trail Blazers,Brooklyn Nets,130,116,1.15,5.95,False,True,246,14
2017-03-05,,Denver Nuggets,Charlotte Hornets,102,112,1.45,2.84,False,False,214,-10
2017-03-05,,San Antonio Spurs,Minnesota Timberwolves,97,90,1.29,3.76,True,True,187,7
2017-03-05,,Miami Heat,Cleveland Cavaliers,120,92,1.46,2.0,False,True,212,28
2017-03-05,,Milwaukee Bucks,Toronto Raptors,101,94,1.88,1.95,False,True,195,7
2017-03-05,,Philadelphia 76ers,Detroit Pistons,106,136,2.91,1.43,False,False,242,-30
2017-03-05,,Chicago Bulls,Los Angeles Clippers,91,101,2.28,1.66,False,False,192,-10
2017-03-06,,Atlanta Hawks,Indiana Pacers,96,97,1.66,2.28,False,False,193,-1
2017-03-06,,New York Knicks,Golden State Warriors,105,112,5.76,1.15,False,False,217,-7
2017-03-06,,Washington Wizards,Orlando Magic,115,114,1.11,7.12,False,True,229,1
2017-03-06,,Phoenix Suns,Boston Celtics,109,106,2.7,1.49,False,True,215,3
2017-03-06,,Sacramento Kings,Utah Jazz,109,110,5.09,1.18,True,False,219,-1
2017-03-06,,Dallas Mavericks,Oklahoma City Thunder,104,89,1.88,1.96,False,True,193,15
2017-03-06,,Los Angeles Lakers,New Orleans Pelicans,97,105,3.07,1.4,False,False,202,-8
2017-03-07,,Los Angeles Clippers,Boston Celtics,116,102,1.33,3.5,False,True,218,14
2017-03-07,,Denver Nuggets,Sacramento Kings,108,96,1.15,5.85,False,True,204,12
2017-03-07,,Utah Jazz,New Orleans Pelicans,88,83,1.49,2.72,False,True,171,5
2017-03-07,,San Antonio Spurs,Houston Rockets,112,110,1.61,2.39,False,True,222,2
2017-03-07,,Memphis Grizzlies,Brooklyn Nets,109,122,1.14,6.1,False,False,231,-13
2017-03-07,,Philadelphia 76ers,Milwaukee Bucks,98,112,2.85,1.45,False,False,210,-14
2017-03-07,,Atlanta Hawks,Golden State Warriors,111,119,2.91,1.43,False,False,230,-8
2017-03-07,,Detroit Pistons,Chicago Bulls,109,95,1.41,3.02,False,True,204,14
2017-03-07,,Cleveland Cavaliers,Miami Heat,98,106,1.18,5.2,False,False,204,-8
2017-03-07,,Orlando Magic,New York Knicks,105,113,1.62,2.35,False,False,218,-8
2017-03-07,,Charlotte Hornets,Indiana Pacers,100,88,1.57,2.5,False,True,188,12
2017-03-08,,Phoenix Suns,Washington Wizards,127,131,2.85,1.44,False,False,258,-4
2017-03-08,,Oklahoma City Thunder,Portland Trail Blazers,121,126,1.33,3.44,False,False,247,-5
2017-03-08,,Dallas Mavericks,Los Angeles Lakers,122,111,1.22,4.55,False,True,233,11
2017-03-09,,Orlando Magic,Chicago Bulls,98,91,1.94,1.89,False,True,189,7
2017-03-09,,Golden State Warriors,Boston Celtics,86,99,1.27,3.9,False,False,185,-13
2017-03-09,,San Antonio Spurs,Sacramento Kings,114,104,1.13,6.47,False,True,218,10
2017-03-09,,Indiana Pacers,Detroit Pistons,115,98,1.57,2.47,False,True,213,17
2017-03-09,,Houston Rockets,Utah Jazz,108,115,1.24,4.17,False,False,223,-7
2017-03-09,,Denver Nuggets,Washington Wizards,113,123,2.08,1.8,False,False,236,-10
2017-03-09,,Milwaukee Bucks,New York Knicks,104,93,1.37,3.2,False,True,197,11
2017-03-09,,New Orleans Pelicans,Toronto Raptors,87,94,1.67,2.27,False,False,181,-7
2017-03-09,,Atlanta Hawks,Brooklyn Nets,110,105,1.18,5.14,False,True,215,5
2017-03-09,,Miami Heat,Charlotte Hornets,108,101,1.57,2.47,False,True,209,7
2017-03-09,,Minnesota Timberwolves,Los Angeles Clippers,107,91,2.41,1.6,False,True,198,16
2017-03-10,,Detroit Pistons,Cleveland Cavaliers,106,101,2.63,1.51,False,True,207,5
2017-03-10,,Oklahoma City Thunder,San Antonio Spurs,102,92,2.24,1.68,False,True,194,10
2017-03-10,,Memphis Grizzlies,Los Angeles Clippers,98,114,1.74,2.15,False,False,212,-16
2017-03-10,,Portland Trail Blazers,Philadelphia 76ers,114,108,1.19,4.96,True,True,222,6
2017-03-10,,Phoenix Suns,Los Angeles Lakers,110,122,1.38,3.17,False,False,232,-12
2017-03-11,,Sacramento Kings,Washington Wizards,122,130,4.03,1.26,True,False,252,-8
2017-03-11,,Denver Nuggets,Boston Celtics,119,99,2.18,1.72,False,True,218,20
2017-03-11,,Dallas Mavericks,Brooklyn Nets,105,96,1.17,5.3,False,True,201,9
2017-03-11,,Milwaukee Bucks,Indiana Pacers,99,85,1.81,2.04,False,True,184,14
2017-03-11,,Chicago Bulls,Houston Rockets,94,115,3.08,1.39,False,False,209,-21
2017-03-11,,Charlotte Hornets,Orlando Magic,121,81,1.23,4.43,False,True,202,40
2017-03-11,,Atlanta Hawks,Toronto Raptors,105,99,1.66,2.28,False,True,204,6
2017-03-11,,Minnesota Timberwolves,Golden State Warriors,103,102,2.88,1.43,False,True,205,1
2017-03-12,,Oklahoma City Thunder,Utah Jazz,112,104,1.5,2.66,False,True,216,8
2017-03-12,,Los Angeles Clippers,Philadelphia 76ers,112,100,1.06,11.0,False,True,212,12
2017-03-12,,Detroit Pistons,New York Knicks,112,92,1.38,3.14,False,True,204,20
2017-03-12,,Orlando Magic,Cleveland Cavaliers,104,116,4.54,1.22,False,False,220,-12
2017-03-12,,Charlotte Hornets,New Orleans Pelicans,122,125,1.6,2.41,True,False,247,-3
2017-03-12,,Milwaukee Bucks,Minnesota Timberwolves,102,95,1.66,2.29,False,True,197,7
2017-03-12,,Miami Heat,Toronto Raptors,104,89,1.41,3.0,False,True,193,15
2017-03-12,,San Antonio Spurs,Golden State Warriors,107,85,1.16,5.55,False,True,192,22
2017-03-12,,Dallas Mavericks,Phoenix Suns,98,100,1.43,2.94,False,False,198,-2
2017-03-12,,Memphis Grizzlies,Atlanta Hawks,90,107,1.37,3.22,False,False,197,-17
2017-03-12,,Portland Trail Blazers,Washington Wizards,124,125,1.54,2.58,True,False,249,-1
2017-03-12,,Sacramento Kings,Denver Nuggets,92,105,2.72,1.48,False,False,197,-13
2017-03-13,,Houston Rockets,Cleveland Cavaliers,117,112,1.34,3.35,False,True,229,5
2017-03-13,,Phoenix Suns,Portland Trail Blazers,101,110,2.13,1.75,False,False,211,-9
2017-03-13,,Los Angeles Lakers,Philadelphia 76ers,116,118,1.52,2.62,False,False,234,-2
2017-03-13,,Indiana Pacers,Miami Heat,102,98,1.43,2.91,False,True,200,4
2017-03-13,,Boston Celtics,Chicago Bulls,100,80,1.3,3.65,False,True,180,20
2017-03-13,,Brooklyn Nets,New York Knicks,120,112,1.88,1.95,False,True,232,8
2017-03-14,,Sacramento Kings,Orlando Magic,120,115,2.07,1.79,False,True,235,5
2017-03-14,,Utah Jazz,Los Angeles Clippers,114,108,1.82,2.02,False,True,222,6
2017-03-14,,San Antonio Spurs,Atlanta Hawks,107,99,1.35,3.33,False,True,206,8
2017-03-14,,Denver Nuggets,Los Angeles Lakers,129,101,1.09,8.25,False,True,230,28
2017-03-14,,Minnesota Timberwolves,Washington Wizards,119,104,1.78,2.09,False,True,223,15
2017-03-14,,Toronto Raptors,Dallas Mavericks,100,78,1.5,2.68,False,True,178,22
2017-03-14,,Charlotte Hornets,Chicago Bulls,109,115,1.33,3.46,False,False,224,-6
2017-03-14,,Memphis Grizzlies,Milwaukee Bucks,113,93,1.58,2.44,False,True,206,20
2017-03-15,,Cleveland Cavaliers,Detroit Pistons,128,96,1.29,3.69,False,True,224,32
2017-03-15,,New York Knicks,Indiana Pacers,87,81,2.34,1.63,False,True,168,6
2017-03-15,,Brooklyn Nets,Oklahoma City Thunder,104,122,3.15,1.38,False,False,226,-18
2017-03-15,,New Orleans Pelicans,Portland Trail Blazers,100,77,1.6,2.4,False,True,177,23
2017-03-15,,Golden State Warriors,Philadelphia 76ers,106,104,1.02,16.67,False,True,210,2
2017-03-16,,5,7,4,8,9.0,10.0,False,False,12,-4
2017-03-16,,Phoenix Suns,Sacramento Kings,101,107,1.39,3.08,False,False,208,-6
2017-03-16,,San Antonio Spurs,Portland Trail Blazers,106,110,1.14,6.17,False,False,216,-4
2017-03-16,,Chicago Bulls,Memphis Grizzlies,91,98,2.11,1.76,False,False,189,-7
2017-03-16,,Los Angeles Clippers,Milwaukee Bucks,96,97,1.3,3.69,False,False,193,-1
2017-03-16,,Boston Celtics,Minnesota Timberwolves,117,104,1.41,2.99,False,True,221,13
2017-03-16,,Washington Wizards,Dallas Mavericks,107,112,1.3,3.66,False,False,219,-5
2017-03-16,,Indiana Pacers,Charlotte Hornets,98,77,1.68,2.24,False,True,175,21
2017-03-16,,Houston Rockets,Los Angeles Lakers,139,100,1.03,16.16,False,True,239,39
2017-03-16,,Detroit Pistons,Utah Jazz,83,97,2.21,1.7,False,False,180,-14
2017-03-16,,Miami Heat,New Orleans Pelicans,120,112,1.4,3.08,False,True,232,8
2017-03-17,,Toronto Raptors,Oklahoma City Thunder,102,123,1.72,2.18,False,False,225,-21
2017-03-17,,Cleveland Cavaliers,Utah Jazz,91,83,1.27,3.92,False,True,174,8
2017-03-17,,New York Knicks,Brooklyn Nets,110,121,1.47,2.75,False,False,231,-11
2017-03-17,,Atlanta Hawks,Memphis Grizzlies,91,103,1.57,2.47,False,False,194,-12
2017-03-17,,Denver Nuggets,Los Angeles Clippers,129,114,1.48,2.74,False,True,243,15
2017-03-17,,Golden State Warriors,Orlando Magic,122,92,1.07,9.42,False,True,214,30
2017-03-18,,Los Angeles Lakers,Milwaukee Bucks,103,107,3.73,1.29,False,False,210,-4
2017-03-18,,Phoenix Suns,Orlando Magic,103,109,1.77,2.09,False,False,212,-6
2017-03-18,,New Orleans Pelicans,Houston Rockets,128,112,3.15,1.38,False,True,240,16
2017-03-18,,Detroit Pistons,Toronto Raptors,75,87,1.62,2.37,False,False,162,-12
2017-03-18,,Brooklyn Nets,Boston Celtics,95,98,4.21,1.25,False,False,193,-3
2017-03-18,,Washington Wizards,Chicago Bulls,112,107,1.31,3.59,False,True,219,5
2017-03-18,,Miami Heat,Minnesota Timberwolves,123,105,1.54,2.56,False,True,228,18
2017-03-18,,Philadelphia 76ers,Dallas Mavericks,116,74,2.89,1.43,False,True,190,42
2017-03-19,,Chicago Bulls,Utah Jazz,95,86,3.09,1.39,False,True,181,9
2017-03-19,,Golden State Warriors,Milwaukee Bucks,117,92,1.15,5.88,False,True,209,25
2017-03-19,,Denver Nuggets,Houston Rockets,105,109,2.11,1.76,False,False,214,-4
2017-03-19,,Los Angeles Clippers,Cleveland Cavaliers,108,78,1.29,2.88,False,True,186,30
2017-03-19,,Charlotte Hornets,Washington Wizards,98,93,1.6,2.41,False,True,191,5
2017-03-19,,Atlanta Hawks,Portland Trail Blazers,97,113,1.81,2.07,False,False,210,-16
2017-03-19,,Oklahoma City Thunder,Sacramento Kings,110,94,1.09,8.28,False,True,204,16
2017-03-19,,Memphis Grizzlies,San Antonio Spurs,104,96,2.43,1.59,False,True,200,8
2017-03-20,,San Antonio Spurs,Sacramento Kings,118,102,1.06,11.38,False,True,220,16
2017-03-20,,Toronto Raptors,Indiana Pacers,116,91,1.66,2.27,False,True,207,25
2017-03-20,,Miami Heat,Portland Trail Blazers,104,115,1.41,3.01,False,False,219,-11
2017-03-20,,Los Angeles Lakers,Cleveland Cavaliers,120,125,7.04,1.12,False,False,245,-5
2017-03-20,,Detroit Pistons,Phoenix Suns,112,95,1.11,7.35,False,True,207,17
2017-03-20,,Philadelphia 76ers,Boston Celtics,105,99,2.69,1.49,False,True,204,6
2017-03-20,,Brooklyn Nets,Dallas Mavericks,104,111,2.67,1.5,False,False,215,-7
2017-03-20,,New Orleans Pelicans,Minnesota Timberwolves,123,109,1.61,2.38,False,True,232,14
2017-03-21,,Orlando Magic,Philadelphia 76ers,112,109,1.4,3.05,True,True,221,3
2017-03-21,,Indiana Pacers,Utah Jazz,107,100,2.07,1.79,False,True,207,7
2017-03-21,,Charlotte Hornets,Atlanta Hawks,105,90,1.43,2.92,False,True,195,15
2017-03-21,,Boston Celtics,Washington Wizards,110,102,1.59,2.44,False,True,212,8
2017-03-21,,Oklahoma City Thunder,Golden State Warriors,95,111,2.03,1.82,False,False,206,-16
2017-03-21,,Houston Rockets,Denver Nuggets,125,124,1.26,4.02,False,True,249,1
2017-03-21,,Los Angeles Clippers,New York Knicks,114,105,1.15,5.72,False,True,219,9
2017-03-22,,Los Angeles Lakers,Los Angeles Clippers,109,133,4.97,1.19,False,False,242,-24
2017-03-22,,Portland Trail Blazers,Milwaukee Bucks,90,93,1.58,2.44,False,False,183,-3
2017-03-22,,Dallas Mavericks,Golden State Warriors,87,112,2.72,1.48,False,False,199,-25
2017-03-22,,Minnesota Timberwolves,San Antonio Spurs,93,100,2.65,1.51,False,False,193,-7
2017-03-22,,Brooklyn Nets,Detroit Pistons,98,96,2.88,1.44,False,True,194,2
2017-03-22,,Toronto Raptors,Chicago Bulls,122,120,1.31,3.56,True,True,242,2
2017-03-22,,New Orleans Pelicans,Memphis Grizzlies,95,82,1.69,2.23,False,True,177,13
2017-03-22,,Miami Heat,Phoenix Suns,112,97,1.11,7.05,False,True,209,15
2017-03-23,,Orlando Magic,Charlotte Hornets,102,109,2.64,1.52,False,False,211,-7
2017-03-23,,Boston Celtics,Indiana Pacers,109,100,1.35,3.33,False,True,209,9
2017-03-23,,5,7,4,8,9.0,10.0,False,False,12,-4
2017-03-23,,Oklahoma City Thunder,Philadelphia 76ers,122,97,1.13,6.45,False,True,219,25
2017-03-23,,Chicago Bulls,Detroit Pistons,117,95,2.09,1.77,False,True,212,22
2017-03-23,,Washington Wizards,Atlanta Hawks,104,100,1.3,3.66,False,True,204,4
2017-03-23,,Denver Nuggets,Cleveland Cavaliers,126,113,2.17,1.73,False,True,239,13
2017-03-23,,Utah Jazz,New York Knicks,108,101,1.12,6.88,False,True,209,7
2017-03-23,,Sacramento Kings,Milwaukee Bucks,98,116,2.82,1.45,False,False,214,-18
2017-03-24,,Portland Trail Blazers,New York Knicks,110,95,1.07,9.33,False,True,205,15
2017-03-24,,Dallas Mavericks,Los Angeles Clippers,97,95,2.81,1.45,False,True,192,2
2017-03-24,,Miami Heat,Toronto Raptors,84,101,1.58,2.47,False,False,185,-17
2017-03-24,,Brooklyn Nets,Phoenix Suns,126,98,1.47,2.77,False,True,224,28
2017-03-24,,San Antonio Spurs,Memphis Grizzlies,97,90,1.27,3.94,False,True,187,7
2017-03-25,,Golden State Warriors,Sacramento Kings,114,100,1.01,19.21,False,True,214,14
2017-03-25,,Los Angeles Lakers,Minnesota Timberwolves,130,119,3.25,1.36,True,True,249,11
2017-03-25,,Milwaukee Bucks,Atlanta Hawks,100,97,1.37,3.22,False,True,197,3
2017-03-25,,Houston Rockets,New Orleans Pelicans,117,107,1.27,3.93,False,True,224,10
2017-03-25,,Chicago Bulls,Philadelphia 76ers,107,117,1.36,3.25,False,False,224,-10
2017-03-25,,Washington Wizards,Brooklyn Nets,129,108,1.14,6.01,False,True,237,21
2017-03-25,,Charlotte Hornets,Cleveland Cavaliers,105,112,2.36,1.62,False,False,217,-7
2017-03-25,,Indiana Pacers,Denver Nuggets,117,125,1.8,2.06,False,False,242,-8
2017-03-25,,Orlando Magic,Detroit Pistons,115,87,2.13,1.75,False,True,202,28
2017-03-25,,Boston Celtics,Phoenix Suns,130,120,1.03,15.83,False,True,250,10
2017-03-26,,Los Angeles Clippers,Utah Jazz,108,95,1.48,2.72,False,True,203,13
2017-03-26,,Cleveland Cavaliers,Washington Wizards,115,127,1.41,3.01,False,False,242,-12
2017-03-26,,San Antonio Spurs,New York Knicks,106,98,1.04,13.07,False,True,204,8
2017-03-26,,Dallas Mavericks,Toronto Raptors,86,94,1.93,1.91,False,False,180,-8
2017-03-26,,Portland Trail Blazers,Minnesota Timberwolves,112,100,1.39,3.09,False,True,212,12
2017-03-27,,Los Angeles Lakers,Portland Trail Blazers,81,97,3.25,1.36,False,False,178,-16
2017-03-27,,Denver Nuggets,New Orleans Pelicans,90,115,1.29,3.71,False,False,205,-25
2017-03-27,,Golden State Warriors,Memphis Grizzlies,106,94,1.12,6.81,False,True,200,12
2017-03-27,,Boston Celtics,Miami Heat,112,108,1.4,3.09,False,True,220,4
2017-03-27,,Atlanta Hawks,Brooklyn Nets,92,107,1.36,3.28,False,False,199,-15
2017-03-27,,Milwaukee Bucks,Chicago Bulls,94,109,1.37,3.19,False,False,203,-15
2017-03-27,,Houston Rockets,Oklahoma City Thunder,137,125,1.41,3.02,False,True,262,12
2017-03-27,,Los Angeles Clippers,Sacramento Kings,97,98,1.08,9.01,False,False,195,-1
2017-03-27,,Charlotte Hornets,Phoenix Suns,120,106,1.09,8.71,False,True,226,14
2017-03-27,,Indiana Pacers,Philadelphia 76ers,107,94,1.22,4.55,False,True,201,13
2017-03-28,,Sacramento Kings,Memphis Grizzlies,91,90,3.27,1.36,False,True,181,1
2017-03-28,,Utah Jazz,New Orleans Pelicans,108,100,1.41,3.01,False,True,208,8
2017-03-28,,New York Knicks,Detroit Pistons,109,95,1.98,1.85,False,True,204,14
2017-03-28,,San Antonio Spurs,Cleveland Cavaliers,103,74,1.45,2.84,False,True,177,29
2017-03-28,,Dallas Mavericks,Oklahoma City Thunder,91,92,2.07,1.78,False,False,183,-1
2017-03-28,,Toronto Raptors,Orlando Magic,131,112,1.27,3.86,False,True,243,19
2017-03-29,,Charlotte Hornets,Milwaukee Bucks,108,118,1.55,2.54,False,False,226,-10
2017-03-29,,Detroit Pistons,Miami Heat,96,97,2.31,1.65,False,False,193,-1
2017-03-29,,Brooklyn Nets,Philadelphia 76ers,101,106,1.54,2.56,False,False,207,-5
2017-03-29,,Atlanta Hawks,Phoenix Suns,95,91,1.18,5.22,False,True,186,4
2017-03-29,,Houston Rockets,Golden State Warriors,106,113,1.84,2.01,False,False,219,-7
2017-03-29,,Portland Trail Blazers,Denver Nuggets,122,113,1.78,2.09,False,True,235,9
2017-03-29,,Los Angeles Lakers,Washington Wizards,108,119,4.75,1.2,False,False,227,-11
2017-03-29,,Indiana Pacers,Minnesota Timberwolves,114,115,1.56,2.51,False,False,229,-1
2017-03-30,,San Antonio Spurs,Golden State Warriors,98,110,1.52,2.62,False,False,208,-12
2017-03-30,,New Orleans Pelicans,Dallas Mavericks,121,118,1.4,3.08,False,True,239,3
2017-03-30,,Memphis Grizzlies,Indiana Pacers,110,97,1.54,2.55,False,True,207,13
2017-03-30,,Boston Celtics,Milwaukee Bucks,100,103,1.3,3.68,False,False,203,-3
2017-03-30,,Los Angeles Clippers,Washington Wizards,133,124,1.38,3.15,False,True,257,9
2017-03-30,,New York Knicks,Miami Heat,88,105,2.2,1.7,False,False,193,-17
2017-03-30,,Toronto Raptors,Charlotte Hornets,106,110,1.42,2.97,False,False,216,-4
2017-03-30,,5,7,4,8,9.0,10.0,False,False,12,-4
2017-03-30,,Sacramento Kings,Utah Jazz,82,112,3.75,1.29,False,False,194,-30
2017-03-30,,Orlando Magic,Oklahoma City Thunder,106,114,2.77,1.46,True,False,220,-8
2017-03-30,,Philadelphia 76ers,Atlanta Hawks,92,99,2.27,1.66,False,False,191,-7
2017-03-31,,Detroit Pistons,Brooklyn Nets,90,89,1.36,3.26,False,True,179,1
2017-03-31,,Minnesota Timberwolves,Los Angeles Lakers,119,104,1.14,6.23,False,True,223,15
2017-03-31,,Chicago Bulls,Cleveland Cavaliers,99,93,2.85,1.44,False,True,192,6
2017-03-31,,Phoenix Suns,Los Angeles Clippers,118,124,5.25,1.17,False,False,242,-6
2017-03-31,,Portland Trail Blazers,Houston Rockets,117,107,1.9,1.94,False,True,224,10
2017-04-01,,Golden State Warriors,Houston Rockets,107,98,1.23,4.38,False,True,205,9
2017-04-01,,Utah Jazz,Washington Wizards,95,88,1.71,2.22,False,True,183,7
2017-04-01,,Memphis Grizzlies,Dallas Mavericks,99,90,1.64,2.32,False,True,189,9
2017-04-01,,Milwaukee Bucks,Detroit Pistons,108,105,1.32,3.51,True,True,213,3
2017-04-01,,Miami Heat,New York Knicks,94,98,1.16,5.76,False,False,192,-4
2017-04-01,,Boston Celtics,Orlando Magic,117,116,1.16,5.51,False,True,233,1
2017-04-01,,Oklahoma City Thunder,San Antonio Spurs,95,100,2.28,1.65,False,False,195,-5
2017-04-01,,Cleveland Cavaliers,Philadelphia 76ers,122,105,1.09,7.98,False,True,227,17
2017-04-01,,Toronto Raptors,Indiana Pacers,111,100,1.42,2.95,False,True,211,11
2017-04-01,,New Orleans Pelicans,Sacramento Kings,117,89,1.12,6.68,False,True,206,28
2017-04-01,,Charlotte Hornets,Denver Nuggets,122,114,1.73,2.17,False,True,236,8
2017-04-02,,Portland Trail Blazers,Phoenix Suns,130,117,1.14,6.19,False,True,247,13
2017-04-02,,Minnesota Timberwolves,Sacramento Kings,117,123,1.11,7.18,False,False,240,-6
2017-04-02,,Chicago Bulls,Atlanta Hawks,106,104,1.44,2.86,False,True,210,2
2017-04-02,,Brooklyn Nets,Orlando Magic,121,111,1.59,2.44,False,True,232,10
2017-04-02,,Los Angeles Clippers,Los Angeles Lakers,115,104,1.04,12.69,False,True,219,11
2017-04-03,,New York Knicks,Boston Celtics,94,110,3.82,1.29,False,False,204,-16
2017-04-03,,Phoenix Suns,Houston Rockets,116,123,3.74,1.29,False,False,239,-7
2017-04-03,,Golden State Warriors,Washington Wizards,139,115,1.19,5.0,False,True,254,24
2017-04-03,,New Orleans Pelicans,Chicago Bulls,110,117,1.27,3.99,False,False,227,-7
2017-04-03,,Cleveland Cavaliers,Indiana Pacers,135,130,1.26,4.06,True,True,265,5
2017-04-03,,Brooklyn Nets,Atlanta Hawks,91,82,2.32,1.63,False,True,173,9
2017-04-03,,Toronto Raptors,Philadelphia 76ers,113,105,1.11,6.99,False,True,218,8
2017-04-03,,Milwaukee Bucks,Dallas Mavericks,105,109,1.37,3.2,False,False,214,-4
2017-04-03,,Los Angeles Lakers,Memphis Grizzlies,108,103,3.5,1.33,False,True,211,5
2017-04-03,,San Antonio Spurs,Utah Jazz,109,103,1.43,2.92,False,True,212,6
2017-04-03,,Oklahoma City Thunder,Charlotte Hornets,101,113,1.48,2.71,False,False,214,-12
2017-04-03,,Miami Heat,Denver Nuggets,113,116,1.61,2.4,False,False,229,-3
2017-04-04,,Minnesota Timberwolves,Portland Trail Blazers,110,109,1.78,2.08,False,True,219,1
2017-04-05,,New Orleans Pelicans,Denver Nuggets,131,134,1.64,2.32,False,False,265,-3
2017-04-05,,Sacramento Kings,Dallas Mavericks,98,87,2.2,1.7,False,True,185,11
2017-04-05,,Golden State Warriors,Minnesota Timberwolves,121,107,1.06,10.72,False,True,228,14
2017-04-05,,Utah Jazz,Portland Trail Blazers,106,87,1.41,2.99,False,True,193,19
2017-04-05,,5,7,4,8,9.0,10.0,False,False,12,-4
2017-04-05,,San Antonio Spurs,Memphis Grizzlies,95,89,1.22,4.46,True,True,184,6
2017-04-05,,Oklahoma City Thunder,Milwaukee Bucks,110,79,1.43,2.91,False,True,189,31
2017-04-05,,Philadelphia 76ers,Brooklyn Nets,118,141,2.06,1.8,False,False,259,-23
2017-04-05,,Washington Wizards,Charlotte Hornets,118,111,1.65,2.29,False,True,229,7
2017-04-05,,Cleveland Cavaliers,Orlando Magic,122,102,1.14,5.84,False,True,224,20
2017-04-05,,Indiana Pacers,Toronto Raptors,108,90,1.67,2.26,False,True,198,18
2017-04-05,,New York Knicks,Chicago Bulls,100,91,2.63,1.51,False,True,191,9
2017-04-06,,Los Angeles Clippers,Dallas Mavericks,112,101,1.13,6.37,False,True,213,11
2017-04-06,,San Antonio Spurs,Los Angeles Lakers,95,102,1.07,9.97,False,False,197,-7
2017-04-06,,Boston Celtics,Cleveland Cavaliers,91,114,1.57,2.48,False,False,205,-23
2017-04-06,,Phoenix Suns,Golden State Warriors,111,120,4.58,1.21,False,False,231,-9
2017-04-06,,Memphis Grizzlies,Oklahoma City Thunder,100,103,2.16,1.73,False,False,203,-3
2017-04-06,,Detroit Pistons,Toronto Raptors,102,105,2.13,1.76,False,False,207,-3
2017-04-06,,Charlotte Hornets,Miami Heat,99,112,1.67,2.26,False,False,211,-13
2017-04-06,,Houston Rockets,Denver Nuggets,110,104,1.3,3.68,False,True,214,6
2017-04-07,,Indiana Pacers,Milwaukee Bucks,104,89,1.49,2.7,False,True,193,15
2017-04-07,,Philadelphia 76ers,Chicago Bulls,90,102,2.82,1.45,False,False,192,-12
2017-04-07,,Orlando Magic,Brooklyn Nets,115,107,1.85,1.99,False,True,222,8
2017-04-07,,New York Knicks,Washington Wizards,103,106,3.15,1.38,False,False,209,-3
2017-04-07,,Atlanta Hawks,Boston Celtics,123,116,1.96,1.87,False,True,239,7
2017-04-07,,Portland Trail Blazers,Minnesota Timberwolves,105,98,1.44,2.86,False,True,203,7
2017-04-08,,Los Angeles Lakers,Sacramento Kings,98,94,1.78,2.08,False,True,192,4
2017-04-08,,Phoenix Suns,Oklahoma City Thunder,120,99,4.71,1.2,False,True,219,21
2017-04-08,,Denver Nuggets,New Orleans Pelicans,122,106,1.31,3.51,False,True,228,16
2017-04-08,,Utah Jazz,Minnesota Timberwolves,120,113,1.14,6.06,False,True,233,7
2017-04-08,,Houston Rockets,Detroit Pistons,109,114,1.14,6.18,False,False,223,-5
2017-04-08,,Memphis Grizzlies,New York Knicks,101,88,1.08,8.44,False,True,189,13
2017-04-08,,Cleveland Cavaliers,Atlanta Hawks,100,114,1.06,11.03,False,False,214,-14
2017-04-08,,Toronto Raptors,Miami Heat,96,94,1.53,2.58,False,True,190,2
2017-04-08,,Dallas Mavericks,San Antonio Spurs,89,102,1.48,2.71,False,False,191,-13
2017-04-09,,Brooklyn Nets,Chicago Bulls,107,106,2.45,1.57,False,True,213,1
2017-04-09,,Orlando Magic,Indiana Pacers,112,127,2.58,1.53,False,False,239,-15
2017-04-09,,Charlotte Hornets,Boston Celtics,114,121,1.89,1.95,False,False,235,-7
2017-04-09,,Philadelphia 76ers,Milwaukee Bucks,82,90,3.35,1.34,False,False,172,-8
2017-04-09,,Washington Wizards,Miami Heat,103,106,1.6,2.4,False,False,209,-3
2017-04-09,,San Antonio Spurs,Los Angeles Clippers,87,98,1.83,2.01,False,False,185,-11
2017-04-09,,Portland Trail Blazers,Utah Jazz,101,86,1.73,2.17,False,True,187,15
2017-04-09,,Golden State Warriors,New Orleans Pelicans,123,101,1.03,15.47,False,True,224,22
2017-04-10,,Los Angeles Lakers,Minnesota Timberwolves,110,109,2.86,1.44,False,True,219,1
2017-04-10,,Phoenix Suns,Dallas Mavericks,124,111,1.71,2.19,False,True,235,13
2017-04-10,,Memphis Grizzlies,Detroit Pistons,90,103,1.45,2.82,False,False,193,-13
2017-04-10,,New York Knicks,Toronto Raptors,97,110,4.71,1.21,False,False,207,-13
2017-04-10,,Denver Nuggets,Oklahoma City Thunder,105,106,1.51,2.64,False,False,211,-1
2017-04-10,,Atlanta Hawks,Cleveland Cavaliers,126,125,2.71,1.48,True,True,251,1
2017-04-10,,Sacramento Kings,Houston Rockets,128,135,4.87,1.2,False,False,263,-7
2017-04-11,,Golden State Warriors,Utah Jazz,99,105,1.17,5.44,False,False,204,-6
2017-04-11,,5,7,4,8,9.0,10.0,False,False,12,-4
2017-04-11,,Los Angeles Clippers,Houston Rockets,125,96,1.2,4.7,False,True,221,29
2017-04-11,,Portland Trail Blazers,San Antonio Spurs,99,98,5.36,1.17,False,True,197,1
2017-04-11,,Miami Heat,Cleveland Cavaliers,124,121,1.16,5.57,True,True,245,3
2017-04-11,,Chicago Bulls,Orlando Magic,122,75,1.25,4.09,False,True,197,47
2017-04-11,,Detroit Pistons,Washington Wizards,101,105,1.44,2.84,False,False,206,-4
2017-04-11,,Boston Celtics,Brooklyn Nets,114,105,1.14,6.12,False,True,219,9
2017-04-11,,Philadelphia 76ers,Indiana Pacers,111,120,4.43,1.22,False,False,231,-9
2017-04-11,,Milwaukee Bucks,Charlotte Hornets,89,79,1.37,3.21,False,True,168,10
2017-04-12,,Atlanta Hawks,Charlotte Hornets,103,76,1.27,3.9,False,True,179,27
2017-04-12,,Minnesota Timberwolves,Oklahoma City Thunder,98,100,1.32,3.52,False,False,198,-2
2017-04-12,,Dallas Mavericks,Denver Nuggets,91,109,1.73,2.16,False,False,200,-18
2017-04-12,,Sacramento Kings,Phoenix Suns,129,104,1.47,2.73,False,True,233,25
2017-04-12,,Los Angeles Lakers,New Orleans Pelicans,108,96,1.72,2.17,False,True,204,12
2017-04-13,,Golden State Warriors,Los Angeles Lakers,109,94,1.09,8.22,False,True,203,15
2017-04-13,,Los Angeles Clippers,Sacramento Kings,115,95,1.03,15.13,False,True,210,20
2017-04-13,,Portland Trail Blazers,New Orleans Pelicans,100,103,1.31,3.61,False,False,203,-3
2017-04-13,,Utah Jazz,San Antonio Spurs,101,97,1.59,2.44,False,True,198,4
2017-04-13,,Indiana Pacers,Atlanta Hawks,104,86,1.06,10.17,False,True,190,18
2017-04-13,,Boston Celtics,Milwaukee Bucks,112,94,1.07,9.67,False,True,206,18
2017-04-13,,Chicago Bulls,Brooklyn Nets,112,73,1.06,11.08,False,True,185,39
2017-04-13,,Memphis Grizzlies,Dallas Mavericks,93,100,1.25,4.13,False,False,193,-7
2017-04-13,,New York Knicks,Philadelphia 76ers,114,113,1.69,2.22,False,True,227,1
2017-04-13,,Miami Heat,Washington Wizards,110,102,1.17,5.47,False,True,212,8
2017-04-13,,Cleveland Cavaliers,Toronto Raptors,83,98,2.32,1.64,False,False,181,-15
2017-04-13,,Orlando Magic,Detroit Pistons,113,109,1.81,2.04,False,True,222,4
2017-04-13,,Oklahoma City Thunder,Denver Nuggets,105,111,1.42,2.96,False,False,216,-6
2017-04-13,,Houston Rockets,Minnesota Timberwolves,123,118,1.29,3.78,False,True,241,5
2017-04-16,Playoffs,Cleveland Cavaliers,Indiana Pacers,109,108,1.2,4.77,False,True,217,1
2017-04-16,Playoffs,Toronto Raptors,Milwaukee Bucks,83,97,1.27,3.9,False,False,180,-14
2017-04-16,Playoffs,San Antonio Spurs,Memphis Grizzlies,111,82,1.19,5.05,False,True,193,29
2017-04-16,Playoffs,Los Angeles Clippers,Utah Jazz,95,97,1.43,2.9,False,False,192,-2
2017-04-17,Playoffs,Washington Wizards,Atlanta Hawks,114,107,1.43,2.91,False,True,221,7
2017-04-17,Playoffs,Golden State Warriors,Portland Trail Blazers,121,109,1.04,13.58,False,True,230,12
2017-04-17,Playoffs,Boston Celtics,Chicago Bulls,102,106,1.33,3.48,False,False,208,-4
2017-04-17,Playoffs,Houston Rockets,Oklahoma City Thunder,118,87,1.31,3.6,False,True,205,31
2017-04-18,Playoffs,Cleveland Cavaliers,Indiana Pacers,117,111,1.23,4.35,False,True,228,6
2017-04-18,Playoffs,San Antonio Spurs,Memphis Grizzlies,96,82,1.15,5.84,False,True,178,14
2017-04-19,Playoffs,Toronto Raptors,Milwaukee Bucks,106,100,1.26,4.02,False,True,206,6
2017-04-19,Playoffs,Boston Celtics,Chicago Bulls,97,111,1.29,3.72,False,False,208,-14
2017-04-19,Playoffs,Los Angeles Clippers,Utah Jazz,99,91,1.21,4.66,False,True,190,8
2017-04-20,Playoffs,Golden State Warriors,Portland Trail Blazers,110,81,1.11,7.09,False,True,191,29
2017-04-20,Playoffs,Washington Wizards,Atlanta Hawks,109,101,1.41,3.02,False,True,210,8
2017-04-20,Playoffs,Houston Rockets,Oklahoma City Thunder,115,111,1.29,3.75,False,True,226,4
2017-04-21,Playoffs,Milwaukee Bucks,Toronto Raptors,104,77,1.81,2.05,False,True,181,27
2017-04-21,Playoffs,Indiana Pacers,Cleveland Cavaliers,114,119,2.08,1.79,False,False,233,-5
2017-04-21,Playoffs,Memphis Grizzlies,San Antonio Spurs,105,94,2.42,1.6,False,True,199,11
2017-04-22,Playoffs,Chicago Bulls,Boston Celtics,87,104,2.17,1.72,False,False,191,-17
2017-04-22,Playoffs,Oklahoma City Thunder,Houston Rockets,115,113,1.74,2.15,False,True,228,2
2017-04-22,Playoffs,Utah Jazz,Los Angeles Clippers,106,111,2.05,1.81,False,False,217,-5
2017-04-23,Playoffs,Milwaukee Bucks,Toronto Raptors,76,87,1.76,2.12,False,False,163,-11
2017-04-23,Playoffs,Atlanta Hawks,Washington Wizards,116,98,1.67,2.26,False,True,214,18
2017-04-23,Playoffs,Memphis Grizzlies,San Antonio Spurs,110,108,2.79,1.46,True,True,218,2
2017-04-23,Playoffs,Portland Trail Blazers,Golden State Warriors,113,119,2.75,1.47,False,False,232,-6
2017-04-24,Playoffs,Utah Jazz,Los Angeles Clippers,105,98,1.52,2.63,False,True,203,7
2017-04-24,Playoffs,5,7,4,8,9.0,10.0,False,False,12,-4
2017-04-24,Playoffs,Indiana Pacers,Cleveland Cavaliers,102,106,2.44,1.59,False,False,208,-4
2017-04-24,Playoffs,Oklahoma City Thunder,Houston Rockets,109,113,1.87,1.98,False,False,222,-4
2017-04-24,Playoffs,Chicago Bulls,Boston Celtics,95,104,2.0,1.84,False,False,199,-9
2017-04-25,Playoffs,Toronto Raptors,Milwaukee Bucks,118,93,1.41,3.0,False,True,211,25
2017-04-25,Playoffs,Atlanta Hawks,Washington Wizards,111,101,1.68,2.25,False,True,212,10
2017-04-25,Playoffs,Portland Trail Blazers,Golden State Warriors,103,128,4.37,1.23,False,False,231,-25
2017-04-26,Playoffs,Houston Rockets,Oklahoma City Thunder,105,99,1.29,3.75,False,True,204,6
2017-04-26,Playoffs,San Antonio Spurs,Memphis Grizzlies,116,103,1.14,6.26,False,True,219,13
2017-04-26,Playoffs,Los Angeles Clippers,Utah Jazz,92,96,1.64,2.34,False,False,188,-4
2017-04-27,Playoffs,Washington Wizards,Atlanta Hawks,103,99,1.37,3.19,False,True,202,4
2017-04-27,Playoffs,Boston Celtics,Chicago Bulls,108,97,1.26,4.01,False,True,205,11
2017-04-28,Playoffs,Milwaukee Bucks,Toronto Raptors,89,92,1.84,2.01,False,False,181,-3
2017-04-28,Playoffs,Memphis Grizzlies,San Antonio Spurs,96,103,2.85,1.44,False,False,199,-7
2017-04-29,Playoffs,Atlanta Hawks,Washington Wizards,99,115,1.69,2.24,False,False,214,-16
2017-04-29,Playoffs,Chicago Bulls,Boston Celtics,83,105,2.29,1.66,False,False,188,-22
2017-04-29,Playoffs,Utah Jazz,Los Angeles Clippers,93,98,1.43,2.94,False,False,191,-5
2017-05-01,Playoffs,Boston Celtics,Washington Wizards,123,111,1.54,2.57,False,True,234,12
2017-05-01,Playoffs,Los Angeles Clippers,Utah Jazz,91,104,1.6,2.43,False,False,195,-13
2017-05-02,Playoffs,Cleveland Cavaliers,Toronto Raptors,116,105,1.32,3.53,False,True,221,11
2017-05-02,Playoffs,San Antonio Spurs,Houston Rockets,99,126,1.37,3.22,False,False,225,-27
2017-05-03,Playoffs,Golden State Warriors,Utah Jazz,106,94,1.06,10.5,False,True,200,12
2017-05-03,Playoffs,Boston Celtics,Washington Wizards,129,119,1.47,2.75,True,True,248,10
2017-05-04,Playoffs,Cleveland Cavaliers,Toronto Raptors,125,103,1.29,3.78,False,True,228,22
2017-05-04,Playoffs,San Antonio Spurs,Houston Rockets,121,96,1.41,3.05,False,True,217,25
2017-05-05,Playoffs,Washington Wizards,Boston Celtics,116,89,1.44,2.86,False,True,205,27
2017-05-05,Playoffs,Golden State Warriors,Utah Jazz,115,104,1.07,9.97,False,True,219,11
2017-05-06,Playoffs,Toronto Raptors,Cleveland Cavaliers,94,115,2.26,1.68,False,False,209,-21
2017-05-06,Playoffs,Houston Rockets,San Antonio Spurs,92,103,1.44,2.9,False,False,195,-11
2017-05-07,Playoffs,Utah Jazz,Golden State Warriors,91,102,3.24,1.37,False,False,193,-11
2017-05-08,Playoffs,Houston Rockets,San Antonio Spurs,125,104,1.48,2.73,False,True,229,21
2017-05-08,Playoffs,Toronto Raptors,Cleveland Cavaliers,102,109,3.41,1.33,False,False,211,-7
2017-05-08,Playoffs,Washington Wizards,Boston Celtics,121,102,1.5,2.67,False,True,223,19
2017-05-09,Playoffs,Utah Jazz,Golden State Warriors,95,121,4.42,1.23,False,False,216,-26
2017-05-10,Playoffs,San Antonio Spurs,Houston Rockets,110,107,1.45,2.83,True,True,217,3
2017-05-11,Playoffs,Boston Celtics,Washington Wizards,123,101,1.58,2.45,False,True,224,22
2017-05-12,Playoffs,Houston Rockets,San Antonio Spurs,75,114,1.2,4.87,False,False,189,-39
2017-05-13,Playoffs,Washington Wizards,Boston Celtics,92,91,1.48,2.74,False,True,183,1
2017-05-15,Playoffs,Golden State Warriors,San Antonio Spurs,113,111,1.16,5.7,False,True,224,2
2017-05-16,Playoffs,Boston Celtics,Washington Wizards,115,105,1.47,2.77,False,True,220,10
2017-05-17,Playoffs,Golden State Warriors,San Antonio Spurs,136,100,1.07,9.51,False,True,236,36
2017-05-18,Playoffs,Boston Celtics,Cleveland Cavaliers,104,117,2.56,1.55,False,False,221,-13
2017-05-20,Playoffs,Boston Celtics,Cleveland Cavaliers,86,130,2.78,1.47,False,False,216,-44
2017-05-21,Playoffs,San Antonio Spurs,Golden State Warriors,108,120,4.62,1.21,False,False,228,-12
2017-05-22,Playoffs,Cleveland Cavaliers,Boston Celtics,108,111,1.03,15.01,False,False,219,-3
2017-05-23,Playoffs,San Antonio Spurs,Golden State Warriors,115,129,6.39,1.13,False,False,244,-14
2017-05-24,Playoffs,Cleveland Cavaliers,Boston Celtics,112,99,1.04,13.37,False,True,211,13
2017-05-26,Playoffs,Boston Celtics,Cleveland Cavaliers,102,135,5.08,1.19,False,False,237,-33
2017-06-02,Playoffs,Golden State Warriors,Cleveland Cavaliers,113,91,1.31,3.64,False,True,204,22
2017-06-05,Playoffs,Golden State Warriors,Cleveland Cavaliers,132,113,1.25,4.26,False,True,245,19
2017-06-08,Playoffs,Cleveland Cavaliers,Golden State Warriors,113,118,2.36,1.63,False,False,231,-5
2017-06-10,Playoffs,Cleveland Cavaliers,Golden State Warriors,137,116,2.65,1.51,False,True,253,21
2017-06-13,Playoffs,Golden State Warriors,Cleveland Cavaliers,129,120,1.25,4.15,False,True,249,9
